 Professor, please calm down. We need to approach this with caution, not excitement.	教授，请冷静。我们需要谨慎对待这件事，而不是兴奋。
'Don't want to risk anything here?' I think they forget that we're putting our necks on the line. I suppose if the pay is good that's what we do.	“不想在这儿冒任何风险?”我想他们是忘了，把脑袋别在裤腰带上的是我们. 不过话说回来，只要报酬够高，这本来就是我们的活儿.
'Killbox'? Haven't heard that name for a long time. Do you think she's still upset after all these years?	“杀戮箱”? 好久没听过这个名字了. 你觉得过了这么多年，她还在生气吗?
'No atomic weapons' is one of the few rules of warfare we've all agreed on. Let's take these guys out, Commander.	“无原子武器”是为数不多我们都同意的战争法则之一. 指挥官，让我们除掉这些家伙.
+ 25% Movement, + 20% Damage Reduction, and + 75% Critical Chance	+25% 移动，+20% 减伤，+75% 暴击几率
-10% Heat Generation	-10% 产热
-5% Heat Generation, Heat Taken, STAB Taken	-5% 产热、受热量、受稳定伤害
1/16 of the Solaris Assault Tank Championship. You have to eliminate the opponent to move to the next stage.	索拉里斯突击坦克锦标赛的16强之一。你必须消灭对手才能进入下一轮。
1/16 of the Solaris Heavy Championship. You have to eliminate the opponent to move to the next stage.	索拉里斯重型锦标赛的16强之一。你必须消灭对手才能进入下一轮。
1/16 of the Solaris Heavy Tank Championship. You have to eliminate the opponent to move to the next stage.	索拉里斯重型坦克锦标赛的16强之一。你必须消灭对手才能进入下一轮。
1/16 of the Solaris Light Championship. You have to eliminate the opponent to move to the next stage.	索拉里斯轻型锦标赛三十二强赛。你必须消灭对手才能晋级。
1/16 of the Solaris Medium Championship. You have to eliminate the opponent to move to the next stage.	索拉里斯中型锦标赛的16强之一。你必须消灭对手才能进入下一轮。
1/16 of the Solaris Medium Tank Championship. You have to eliminate the opponent to move to the next stage.	索拉里斯中型坦克锦标赛的16强之一。你必须消灭对手才能进入下一轮。
1/32 of the Solaris Assault Tank Championship. You have to eliminate the opponent to move to the next stage.	索拉里斯突击坦克锦标赛的32强之一。你必须消灭对手才能进入下一轮。
1/32 of the Solaris Heavy Championship. You have to eliminate the opponent to move to the next stage.	索拉里斯重型锦标赛的32强之一。你必须消灭对手才能进入下一轮。
1/32 of the Solaris Heavy Tank Championship. You have to eliminate the opponent to move to the next stage.	索拉里斯重型坦克锦标赛的32强之一。你必须消灭对手才能进入下一轮。
1/32 of the Solaris Light Championship. You have to eliminate the opponent to move to the next stage.	索拉里斯轻型锦标赛六十四强赛。你必须消灭对手才能晋级。
1/32 of the Solaris Medium Championship. You have to eliminate the opponent to move to the next stage.	索拉里斯中型锦标赛1/32决赛。你必须消灭对手才能进入下一阶段。
1/32 of the Solaris Medium Tank Championship. You have to eliminate the opponent to move to the next stage.	索拉里斯中型坦克锦标赛1/32决赛。你必须消灭对手才能进入下一阶段。
1/4 of the Solaris Assault Tank Championship. You have to eliminate the opponent to move to the next stage.	索拉里斯突击坦克锦标赛的4强之一。你必须消灭对手才能进入下一轮。
1/4 of the Solaris Heavy Championship. You have to eliminate the opponent to move to the next stage.	索拉里斯重型锦标赛1/4决赛。你必须消灭对手才能进入下一阶段。
1/4 of the Solaris Heavy Tank Championship. You have to eliminate the opponent to move to the next stage.	索拉里斯重型坦克锦标赛1/4决赛。你必须消灭对手才能进入下一阶段。
1/4 of the Solaris Light Championship. You have to eliminate the opponent to move to the next stage.	索拉里斯轻型锦标赛八强赛。你必须消灭对手才能晋级。
1/4 of the Solaris Medium Championship. You have to eliminate the opponent to move to the next stage.	索拉里斯中型锦标赛1/4决赛。你必须消灭对手才能进入下一阶段。
1/4 of the Solaris Medium Tank Championship. You have to eliminate the opponent to move to the next stage.	索拉里斯中型坦克锦标赛的4强之一。你必须消灭对手才能进入下一轮。
1/64 of the Solaris Assault Tank Championship. You have to eliminate the opponent to move to the next stage.	索拉里斯突击坦克锦标赛的64强之一。你必须消灭对手才能进入下一轮。
1/64 of the Solaris Heavy Championship. You have to eliminate the opponent to move to the next stage.	索拉里斯重型锦标赛的64强之一。你必须消灭对手才能进入下一轮。
1/64 of the Solaris Heavy Tank Championship. You have to eliminate the opponent to move to the next stage.	索拉里斯重型坦克锦标赛的64强之一。你必须消灭对手才能进入下一轮。
1/64 of the Solaris Light Championship. You have to eliminate the opponent to move to the next stage.	索拉里斯轻型锦标赛一百二十八强赛。你必须消灭对手才能晋级。
1/64 of the Solaris Medium Championship. You have to eliminate the opponent to move to the next stage.	索拉里斯中型锦标赛1/64决赛。你必须消灭对手才能进入下一阶段。
1/64 of the Solaris Medium Tank Championship. You have to eliminate the opponent to move to the next stage.	索拉里斯中型坦克锦标赛1/64决赛。你必须消灭对手才能进入下一阶段。
1/8 of the Solaris Assault Tank Championship. You have to eliminate the opponent to move to the next stage.	索拉里斯突击坦克锦标赛的8强之一。你必须消灭对手才能进入下一轮。
1/8 of the Solaris Heavy Championship. You have to eliminate the opponent to move to the next stage.	索拉里斯重型锦标赛的8强之一。你必须消灭对手才能进入下一轮。
1/8 of the Solaris Heavy Tank Championship. You have to eliminate the opponent to move to the next stage.	索拉里斯重型坦克锦标赛的8强之一。你必须消灭对手才能进入下一轮。
1/8 of the Solaris Light Championship. You have to eliminate the opponent to move to the next stage.	索拉里斯轻型锦标赛十六强赛。你必须消灭对手才能晋级。
1/8 of the Solaris Medium Championship. You have to eliminate the opponent to move to the next stage.	索拉里斯中型锦标赛的8强之一。你必须消灭对手才能进入下一轮。
1/8 of the Solaris Medium Tank Championship. You have to eliminate the opponent to move to the next stage.	索拉里斯中型坦克锦标赛的8强之一。你必须消灭对手才能进入下一轮。
A 'major' force sounds like a whole lot of metal on the field. Expect a long slog, Commander, and maybe pack lasers instead of autocannons.	“一支主要部队”意味着战场上会有大量金属装甲. 做好持久战的准备，指挥官. 或许可以考虑换上激光武器而不是自动炮.
A 'prelude' sounds like more work ahead for us, so let's get this done, Commander.	“序幕”这词听起来我们还有更多的工作要做，所以让我们完成它吧，指挥官.
A Assault League 4x4 3-way team mech deathmatch.	一场突击联赛 4x4 三方团队机甲死斗。
A Assault League 4x4 capture the flag match.	一场突击联赛 4x4 夺旗赛。
A Heavy League 4x4 3-way team mech deathmatch.	一场重型联赛 4x4 三方团队机甲死斗。
A Heavy League 4x4 capture the flag match.	一场重型联赛 4x4 夺旗赛。
A Light League 4x4 3-way team mech deathmatch.	一场轻型联赛 4x4 三方团队机甲死斗。
A Light League 4x4 capture the flag match.	一场轻型联赛 4x4 夺旗赛。
A Medium League 4x4 3-way team mech deathmatch.	一场中型联赛 4x4 三方团队机甲死斗。
A Medium League 4x4 capture the flag match.	一场中型联赛 4x4 夺旗赛。
A Solaris Assault League 4x4 team mech deathmatch.	一场索拉里斯突击联赛 4x4 团队机甲死斗。
A Solaris Heavy League 4x4 team mech deathmatch.	一场索拉里斯重型联赛 4x4 团队机甲死斗。
A Solaris Light League 4x4 team mech deathmatch.	一场索拉里斯轻型联赛 4x4 团队机甲死斗。
A Solaris Medium League 4x4 team mech deathmatch.	一场索拉里斯中型联赛 4x4 团队机甲死斗。
A chance to dish out some pain back to the enemy, always my favorite.	有机会把痛苦还给敌人，永远是我最喜欢的。
A consortium of {TEAM_EMP.FactionDef.Demonym} manufacturers has been losing ground to a {TEAM_TAR.FactionDef.Demonym} competitor every fiscal quarter for years. It's time to turn the tables with one well-timed strike at the primary {TEAM_TAR.FactionDef.Demonym} manufacturing plant here in the {TGT_SYSTEM.name} system.	多年来，一个{TEAM_EMP.FactionDef.Demonym}制造商财团一直在每个财务季度都输给了一家{TEAM_TAR.FactionDef.Demonym}竞争对手. 现在是时候对{TGT_SYSTEM.name}星系的主要{TEAM_TAR.FactionDef.Demonym}制造设施来场精准打击，以此扭转局面了.
A convoy of {TEAM_EMP.FactionDef.Demonym} doctors ministering to those recovering from the recent conflicts here in {TGT_SYSTEM.name} have become caught behind enemy lines when the cease fire collapsed. A lance of mechs tasked with the rescue have gone missing, so we are desperate for assistance from anyone.	在停火协议破裂后，一支由{TEAM_EMP.FactionDef.Demonym}医护人员组成的车队被困在敌后，他们在{TGT_SYSTEM.name}上为最近冲突中受伤的人提供医疗援助. 一队负责救援的机甲已经失踪了，因此我们迫切需要任何人的援助.
A family associated with {TEAM_TAR.FactionDef.Name} has been threatening military action against their {TEAM_EMP.FactionDef.Demonym} neighbors on {TGT_SYSTEM.Name}. Neither of us has any legal claim in this system, but as our allied nobles have requested help and protection, we're willing to intervene. We need a deniable force to step in and destroy the {TEAM_TAR.FactionDef.Demonym} threat.	一个与{TEAM_TAR.FactionDef.Name}有关的家族一直威胁要对{TGT_SYSTEM.Name}上的{TEAM_EMP.FactionDef.Demonym}邻居采取军事行动. 我们双方在这个星系都没有合法的权利，可既然我们的贵族盟友寻求帮助和保护，我们就要予以干预. 我们需要一支可以撇清关系的军队介入并消除来自{TEAM_TAR.FactionDef.Demonym}的威胁.
A few hours ago, some enterprising lads from our organization planetside were able to seize control of a {TEAM_TAR.FactionDef.Demonym} research facility. They maybe hadn't thought their entire plan through, so right now there's a {TEAM_TAR.FactionDef.Demonym} strike force on the way to level the base before our boys can download any valuable data. We need you to cover them while they finish up and escape.	几个小时前，我们组织里一些在星球另一边的激进小伙子成功夺取了一座属于{TEAM_TAR.FactionDef.Demonym}的研究设施. 他们可能没想到整个计划的后果，所以现在有一支{TEAM_TAR.FactionDef.Demonym}的打击部队正赶来，准备在我们的队员下载任何有价值数据之前摧毁基地. 我们需要你掩护他们完成下载任务并安全撤离.
A few months ago, we intercepted a number of highly encrypted transmissions originating from the planet, none of which we've been able to decrypt and read. We suspected that the transmissions came from a {TEAM_TAR.FactionDef.Demonym} black site, and sent an operative to infiltrate and steal the decryption key. They reported in requesting immediate emergency extraction. We'd like you to recover the key, and the operative if they're still alive.	数月前，我们截获了大量来自该行星的高度加密传输信号，至今未能破译. 我们怀疑这些信号来自{TEAM_TAR.FactionDef.Demonym}的一座黑狱，并派遣了一名特工潜入窃取解密密钥. 该特工刚刚发出紧急撤离请求. 我们希望你能找到密钥，还有那名特工，如果他还活着的话.
A former {TEAM_EMP.FactionDef.Demonym} commander, backed by {TEAM_TAR.FactionDef.Demonym} forces, has set up his own government. To avoid any unwanted personnel conflicts, and to save our people the stress of fighting their former comrades, {TEAM_EMP.FactionDef.Name} requires a Merc unit to remove this traitor and keep him from destroying his own people.	一名前{TEAM_EMP.FactionDef.Demonym}指挥官，在{TEAM_TAR.FactionDef.Demonym}军队的支持下，建立了自己的政权. 为了避免不必要的人员冲突，并减轻我方人员与昔日同袍作战的压力，{TEAM_EMP.FactionDef.Name}需要一支雇佣兵部队去除掉这个叛徒，防止他继续伤害自己的人民.
A friend of our organization has been accused by {TEAM_TAR.FactionDef.Name} of illegal activities. While under this accusation, she's unable to perform her duties for {TEAM_EMP.FactionDef.Demonym} leadership. Evidence to be used in an upcoming hearing is being transported to a spaceport, for safe-keeping off-planet. Your team is to intercept this convoy and destroy it.	我们组织的一位朋友被{TEAM_TAR.FactionDef.Name}指控从事非法活动. 在这种指控下，她无法再为{TEAM_EMP.FactionDef.Demonym}领导层履行职责. 即将举行的听证会上使用的证据正被运送到一处太空港，以便安全地离开星球. 你的队伍要去拦截这支车队并且摧毁它.
A heavily armed pirate band has taken control of a facility on {TGT_SYSTEM.Name} and are using it as a base of operations for raiding and terrorizing nearby settlements. The {TEAM_EMP.FactionDef.Demonym} authorities do not have the local military resources to assault the base, given how extensively they've entrenched. We need you to destroy the base so that they can no longer use it as a staging area for their criminal acts.	一支武装严密的海盗团伙已经控制了{TGT_SYSTEM.Name}上的一处设施，并将其用作掠夺和恐吓附近定居点的作战基地. {TEAM_EMP.FactionDef.Demonym}当局没有足够的地方军事资源来攻击该基地，鉴于海盗们的防御工事构筑得十分坚固. 我们需要你摧毁这座基地，阻止他们继续将其作为犯罪行动的集结点.
A high tonnage {TEAM_TAR.FactionDef.Demonym} lance will shortly make planetfall, at the behest of a group of petty nobles and commercial interests. Intel suggests this is the vanguard of a larger force of conventional tanks and infantry, and they're scouting the region for a suitable landing site. We need a competent mercenary company to intercept the 'Mechs and stop the invasion before it gets underway. If their planet-side allies send any support, you are to wipe them out as well.	一支高吨位的{TEAM_TAR.FactionDef.Demonym}小队在一群小贵族和商业利益集团的指示下，将很快进行行星空降. 情报显示这是一支更大的常规步坦部队的前锋，他们正在侦察这个地区，寻找一个合适的登陆场. 我们需要一个能干的雇佣兵公司拦截这队机甲，在入侵开始前予以阻止. 如果他们在行星侧的盟友送出任何支援，你也要把他们消灭掉.
A hit-and-run operation should be straightforward enough, Commander. Just remember that if you get bogged down in fighting the escorts, escape is always an option.	一次打了就跑的行动，听起来够简单明了的了，指挥官. 只是记住如果你陷入了和护卫队的苦斗，撤退始终是一个选择.
A hit-and-run operation sounds straightforward enough, Commander. Just remember that if you get bogged down in fighting the escorts, escape is always an option.	一次打了就跑的行动，听起来够简单明了的了，指挥官. 只是记住如果你陷入了和护卫队的苦斗，撤退始终是一个选择.
A lance of newly manufactured {TEAM_TAR.FactionDef.Name} 'mechs is being moved overland from manufacturing facilities to a their garrison. {TEAM_EMP.FactionDef.Demonym} would like these units destroyed before they enter military service.	一队新生产的{TEAM_TAR.FactionDef.Name}机甲正从制造设施经陆路运往驻地. {TEAM_EMP.FactionDef.Demonym}希望在这些单位投入使用前将其摧毁.
A lance of our heaviest mechs is in poor repair after a long patrol. We have credible intelligence suggesting that {TEAM_TAR.FactionDef.ShortName} will attempt to exploit this vulnerability. We have no other significant units available in the area so we need you to drop and run interference while we extract our mechs to a repair facility.	我们一队重型机甲在执行了长时间巡逻后状况不佳. 我们有可靠情报表明，{TEAM_TAR.FactionDef.ShortName}将试图利用这一弱点. 我们在该地区没有其他主力部队可用，因此需要你们空降，在我们把机甲撤往维修设施的过程中进行掩护.
A lance of {TEAM_TAR.FactionDef.Demonym} BattleMechs has been rampaging in {TEAM_EMP.FactionDef.Demonym} territory on {TGT_SYSTEM.name}. They've been razing population centers, burning fields and refineries, looting storage facilities. They're clearly doing everything they can think of to drive our people out. This is terrorism, pure and simple. We need you to find them and destroy them - no escape, and no prisoners.	一小队{TEAM_TAR.FactionDef.Demonym}战斗机甲在{TGT_SYSTEM.name}的{TEAM_EMP.FactionDef.Demonym}领土上横冲直撞. 他们一直在摧毁人口中心，焚烧农田和炼油厂，洗劫储存设施. 他们显然在想尽一切办法来驱赶我们的人民. 这是纯粹的恐怖主义. 我们需要你找到并消灭他们--一个都不能跑，也不留俘虏.
A lance of {TEAM_TAR.FactionDef.Demonym} BattleMechs has been rampaging in {TEAM_EMP.FactionDef.Demonym} territory on {TGT_SYSTEM.name}. They've been razing population centers, burning fields and refineries, looting storage facilities. They're clearly doing everything they can think of to drive our people out. This is terrorism, pure and simple. We need you to find them and destroy them - no escape, and no prisoners.<b><color=#e20000>[WARNING: Zombies]</color></b>	一支{TEAM_TAR.FactionDef.Demonym}战斗机甲小队一直在{TGT_SYSTEM.name}上的{TEAM_EMP.FactionDef.Demonym}领地里肆虐。他们烧毁居民点、焚烧农田与炼油厂、劫掠仓储设施。他们显然在尽其所能把我们的人赶走。这是纯粹的恐怖主义。我们需要你找到并消灭他们——不许逃脱，不要俘虏。<b><color=#e20000>[警告：丧尸]</color></b>
A lance of {TEAM_TAR.FactionDef.Demonym} BattleMechs has been rampaging in {TEAM_EMP.FactionDef.Demonym} territory on {TGT_SYSTEM.name}. They've been razing population centers, burning fields and refineries, looting storage facilities. They're clearly doing everything they can think of to drive our people out. This is terrorism, pure and simple. We need you to find them and destroy them - no escape, no parlay, and no prisoners.	一支{TEAM_TAR.FactionDef.Demonym}战斗机甲分队正在{TGT_SYSTEM.name}上的{TEAM_EMP.FactionDef.Demonym}领地里肆虐。他们一路焚毁人口中心、烧掉田地和炼油厂、洗劫仓储设施。他们显然在尽一切所能把我们的民众赶走。这是恐怖主义，纯粹而简单。我们要你找到并消灭他们——不许逃脱，不许谈判，不留俘虏。
A local mercenary is trying to make it big. He thinks by calling you out he can gain fame and fortune.	一名本地佣兵想出头。他以为向你叫板就能名利双收。
A long-time enemy of {TEAM_EMP.FactionDef.Name} has unexpectedly turned herself into local authorities, and will now be extradited to another system for trial. However, {TEAM_TAR.FactionDef.Name} does not want to see her testify, and will try to stop her from leaving the planet. We've secured a convoy of armored vehicles to transport the criminal, but we need the extra fire-power of your 'Mechs to guarantee a safe path to the evacuation zone.	一名与{TEAM_EMP.FactionDef.Name}结怨已久的敌人出人意料地向当地当局自首，如今将被引渡至另一个星系受审. 然而，{TEAM_TAR.FactionDef.Name}并不希望看到她出庭作证，将试图阻止她离开这颗星球. 我们已安排了一支装甲车队押送这名罪犯，但仍需你们机甲的额外火力来确保通往撤离区的道路安全.
A member of the {TEAM_TAR.FactionDef.Demonym} chain of command in {TGT_SYSTEM.name} has been troubling us. We need this irksome operative eliminated. {TEAM_EMP.FactionDef.Demonym} intelligence operatives have located the target's position planetside.	在{TGT_SYSTEM.name}，有个{TEAM_TAR.FactionDef.Demonym}指挥链的一名成员一直在给我们制造麻烦. 我们需要清除这个烦人的特工. {TEAM_EMP.FactionDef.Demonym}的情报人员已定位到该目标在行星表面的位置.
A mid-level {TEAM_EMP.FactionDef.Demonym} official has decided to personally patrol a moderately dangerous region of the planet. We've done our best to dissuade her, but she's insistent that she show the people she's willing to take risks on their behalf. Rather than let her stumble around in her family's ancestral Griffin until some opportunistic pirate decides to murder her, we'd like for you to escort her and keep her alive.	一位{TEAM_EMP.FactionDef.Demonym}的中层官员决定亲自巡逻这颗行星的一处中等危险地区. 我们尽了最大努力劝阻她，但她坚持要向民众表明，她愿意为他们的利益去冒险. 与其让她驾驶家族传承的“狮鹫”四处乱闯，被某个投机的海盗谋杀，我们宁愿你护送她，确保她的安全.
A mid-level {TEAM_EMP.FactionDef.Demonym} official has decided to personally patrol a moderately dangerous region of the planet. We've done our best to dissuade her, but she's insistent that she show the people she's willing to take risks on their behalf. Rather than let her stumble around in her family's ancestral mech until some opportunistic pirate decides to murder her, we'd like for you to escort her and keep her alive.	一位{TEAM_EMP.FactionDef.Demonym}的中层官员决定亲自巡逻这颗行星的一处中等危险地区. 我们尽了最大努力劝阻她，但她坚持要向民众表明，她愿意为他们的利益去冒险. 与其让她开着家族祖传的机甲到处乱晃，直到某个投机取巧的海盗决定置她于死地，我们更希望由你们来护送她并确保她的安全.
A number of mercenary commands have gotten together to have a bit of a free-for-all fight with some cash and salvage on the line for the winner. However, it's gonna be a wild ride as everyone's IFFs are going to be switching between ally and enemy mode constantly, just to keep it interesting, as the flow of battle changes. Our employer is paying us to win this thing for them, so get in there and make us look good, Commander.	一些雇佣兵部队聚在一起，搞一场自由近战，赢家可以获得现金和战利品. 不过，这会是一场疯狂的较量，因为所有人的敌我识别系统都会不断在友军和敌军模式之间切换，只为随着战局变化保持趣味性. 我们的雇主付钱让我们为他赢下这场比赛，所以进去大显身手吧，指挥官.
A partial lance of damaged 'Mechs doesn't sound too bad, Commander. If we're able to bring them down mostly intact, this could mean excellent salvage opportunities.	一支由受损机甲组成的不完整小队听起来还不错，指挥官. 如果我们能完好无损地把它们弄下来，这可能意味着有极好的回收机会.
A prized {TEAM_TAR.FactionDef.Demonym} Gladiator has challenged you to solo combat, Commander. The holovid rights have already been sold to the highest bidder and we've already been wired a cut. We can't turn this chance down so we hope you can't too! We'll throw in the holo-vid footage for {COMPANY.CompanyName}'s promotional vids.	一位受器重的{TEAM_TAR.FactionDef.Demonym}角斗士向你发起单挑挑战，指挥官。全息影像版权已经卖给了出价最高者，我们已经收到了一笔分成。我们不能拒绝这个机会，所以希望你也别拒绝！我们还会把全息影像素材送给{COMPANY.CompanyName}用于宣传片。
A prospector with a loose tongue mentioned that he'd located a possible cache of Star League technology on this backwater planet. We've assembled an expert team along with a military force to protect them. They're prepared to investigate, but we've received word that {TEAM_TAR.FactionDef.Name} also learned of this cache, and dispatched their own lance to find and secure it. We'd like you to intercept this hostile lance and destroy it while the {TEAM_EMP.FactionDef.Demonym} team conducts a thorough search.	一位多嘴多舌的勘探者提到他在这颗闭塞的行星上找到了一个疑似星际联盟技术的仓库. 我们组建了一支专家队伍，连同保护他们的军队. 他们准备进行调查，但是我们收到消息说，{TEAM_TAR.FactionDef.Name}人也知道了这个仓库，并派出他们自己的小队寻找和夺取它. 我们希望你在{TEAM_EMP.FactionDef.Demonym}队伍进行彻底搜查时，能拦截这支敌对小队，并摧毁它.
A rearguard fight isn't exactly what we wanted, but we'll make it work	一场断后战并不是我们想要的结果，但我们会让它顺利完成.
A regular? That's a step up from a fresh face like before. They'll likely know some of the tricks of the trade, so keep your guard up.	一个常客？那比之前那种生面孔又高一级了。他们大概懂些行内的门道，所以保持警惕。
A rich {TEAM_EMP.FactionDef.Demonym} business man has requested that we show his arrogant step-son what real fighting feels like. We thought {COMPANY.CompanyName} could help us here. Don't hold back. This father wants to teach a real life lesson - especially for his {TEAM_TAR.FactionDef.Demonym} side of the family.	一位富有的{TEAM_EMP.FactionDef.Demonym}商人要求我们让他那傲慢的继子见识见识真正的战斗是什么滋味. 我们想{COMPANY.CompanyName}可以帮我们这个忙. 别手下留情. 这位父亲想给他上一堂现实的人生课——特别是冲着他那{TEAM_TAR.FactionDef.Demonym}血统的娘家人.
A routine orbital survey of {TGT_SYSTEM.name} picked up coded transmissions from the surface. Our intelligence experts believe these transmissions come from a well-hidden {TEAM_TAR.FactionDef.Demonym} facility in this supposedly uninhabited system. Needless to say, {TEAM_EMP.FactionDef.Name} is not willing to tolerate secret military bases in this region. We need a mercenary company to intercept one of the supply caravans traveling to the secret base. Even if we can't find their facility, we can still starve them out.	在对{TGT_SYSTEM.name}进行的例行轨道勘测中，我们捕捉到了来自地表的加密信号. 我们的情报专家认为，这些信号来自一个隐藏极深的{TEAM_TAR.FactionDef.Demonym}设施，而这个星系本应是无人居住的. 不言而喻，{TEAM_EMP.FactionDef.Name}不能容忍这片地区有秘密军事基地的存在. 我们需要一家雇佣兵公司拦截一支前往该秘密基地的补给车队. 即使我们找不到他们的设施，也能通过切断补给让他们被活活困死.
A routine orbital survey of {TGT_SYSTEM.name} picked up coded transmissions from the surface. Our intelligence experts believe these transmissions come from a well-hidden {TEAM_TAR.FactionDef.Demonym} facility in this supposedly uninhabited system. Needless to say, {TEAM_EMP.FactionDef.Name} is not willing to tolerate secret military bases in this region. We need a mercenary company to intercept one of the supply caravans traveling to the secret base. Even if we can't find their facility, we can still starve them out.<b><color=#e20000>[WARNING: Zombies]</color></b>	对{TGT_SYSTEM.name}的一次例行轨道勘测捕捉到来自地表的加密传输。我们的情报专家相信，这些传输来自这个据称无人居住星系中一处隐蔽良好的{TEAM_TAR.FactionDef.Demonym}设施。不用说，{TEAM_EMP.FactionDef.Name}不愿容忍本地区存在秘密军事基地。我们需要一家雇佣兵公司去拦截一支前往该秘密基地的补给商队。即便我们找不到他们的设施，也能把他们饿垮。<b><color=#e20000>[警告：丧尸]</color></b>
A routine sweep of the planet's surface revealed something unexpected: a power signature coming from the location of an abandoned facility. From the readings we're getting, it could be a 'Mech factory powering up. We're not in a good strategic position to claim the factory, so we need you to find it and destroy it. If we act quickly, we can deal with this before any 'Mechs are produced. If you <i>do</i> come across any newly produced 'Mechs, of course, you should reduce them to scrap as well.	对行星表面的一次例行扫描发现了意外情况: 在一处废弃设施的位置检测到能量信号. 根据我们得到的读数，可能是座机甲工厂在运转. 我们目前不具备夺取这座工厂的战略条件，所以需要你们找到并摧毁它. 如果我们行动迅速，就能在任何机甲被生产出来之前解决掉它. 当然，如果你们<i>真的</i> 遇到了任何新生产的机甲，也要将它们变成废铁.
A routine sweep of the planet's surface revealed something unexpected: a power signature coming from the location of an abandoned facility. From the readings we're getting, it could be a 'Mech factory powering up. We're not in a good strategic position to claim the factory, so we need you to find it and destroy it. If we act quickly, we can deal with this before any 'Mechs are produced. If you <i>do</i> come across any newly produced 'Mechs, of course, you should reduce them to scrap as well.<b><color=#e20000>[WARNING: Zombies]</color></b>	对行星表面的一次例行扫描发现了意外之物：一处废弃设施的位置传出能量信号。从我们读到的数值看，那可能是一座正在通电启动的机甲工厂。我们在战略上无力宣称占有那座工厂，所以需要你找到并摧毁它。若我们行动迅速，就能在任何机甲被造出来之前解决此事。如果你<i>真</i>碰上任何新造出的机甲，当然，也该把它们拆成废铁。<b><color=#e20000>[警告：丧尸]</color></b>
A scientist for a {TEAM_EMP.FactionDef.Demonym} Needs some industrial gear from {TEAM_TAR.FactionDef.ShortName}. We have aquired the gear for her. The {TEAM_TAR.FactionDef.Demonym} leadership has offered to sell it back, but we intend to use the false hope of negotiations to buy you time to deliver the gear to the scientist through more proactive means.	一名为{TEAM_EMP.FactionDef.Demonym}效力的科学家需要从{TEAM_TAR.FactionDef.ShortName}获取一些工业设备. 我们已经为她取得了这些设备. {TEAM_TAR.FactionDef.Demonym}领导层提出将设备赎回，但我们打算利用谈判的虚假希望拖延时间，让你通过更主动的方式将设备交付给这名科学家.
A scientist for a {TEAM_EMP.FactionDef.Demonym} conglomerate has turned industrial spy for a rival corporation from {TEAM_TAR.FactionDef.ShortName}. She was privy to numerous industrial secrets that we would prefer not to fall into our competitor's hands. The {TEAM_TAR.FactionDef.Demonym} leadership has offered to sell her back, but we intend to use the false hope of negotiations to buy you time to extract the scientist through more proactive means.	一名{TEAM_EMP.FactionDef.Demonym}企业集团的科学家成为了{TEAM_TAR.FactionDef.ShortName}一家竞争公司的工业间谍. 她掌握着大量我们不希望落入竞争对手手中的工业机密. {TEAM_TAR.FactionDef.Demonym}领导层提出将她出售归还给我们，但我们打算利用谈判的虚假希望来争取时间，通过更主动的手段将这名科学家撤离出来.
A scientist for a {TEAM_EMP.FactionDef.Demonym} conglomerate has turned industrial spy for a rival corporation from {TEAM_TAR.FactionDef.ShortName}. She was privy to numerous industrial secrets that we would prefer not to fall into our competitor's hands. The {TEAM_TAR.FactionDef.Demonym} leadership has offered to sell her back, but we intend to use the false hope of negotiations to buy you time to extract the scientist through more proactive means.<b><color=#e20000>[WARNING: Zombies]</color></b>	一位{TEAM_EMP.FactionDef.Demonym}企业集团的科学家的为来自{TEAM_TAR.FactionDef.ShortName}的对手公司充当了工业间谍。她掌握着大量我们不愿落入竞争对手之手的工业机密。{TEAM_TAR.FactionDef.Demonym}领导层提出把她卖回给我们，但我们打算利用谈判的虚假希望为你争取时间，让你通过更主动的手段把这位科学家救出来。<b><color=#e20000>[警告：丧尸]</color></b>
A straightforward job, Commander. This kind of back and forth is typical on Periphery worlds.	一个简单明了的任务，指挥官. 这种反反复复的事情在外围星域太典型了.
A surprise attack by {TEAM_TAR.FactionDef.ShortName} resulted in the capture of our research facility here in the {TGT_SYSTEM.name} system. At the last moment, when all was lost, a convoy managed to escape with an extremely valuable prototype. With the facility in enemy hands, we need this prototype to reconstruct the work of our scientists. Intercept the convoy before the enemy does, and escort our researchers to safety.	{TEAM_TAR.FactionDef.ShortName}的一次突袭导致我们在{TGT_SYSTEM.name}的研究设施被夺走了. 在最后关头，几乎失去一切的时候，一支车队设法带走了一件极其珍贵的原型. 由于设施已落入敌手，我们需要这件原型来重建科学家的研究成果. 在敌人之前找到这支车队，并护送我们的研究人员安全撤离.
A team of {TEAM_EMP.FactionDef.Demonym} agents has obtained the schedule and manifest of a {TEAM_TAR.FactionDef.Demonym} convoy. This convoy's cargo is extremely valuable technological components. We want you to steal them for us. Stage an ambush of the convoy, destroy the vehicles, and we'll send in a recovery team to gather the cargo. There's a bonus if you secure the area and eliminate all the convoy guards.	{TEAM_EMP.FactionDef.Demonym}特工已经获得了一支{TEAM_TAR.FactionDef.Demonym}车队的行程和货物清单. 该车队运送的货物是极其珍贵的技术组件，我们要你替我们把这些货物抢过来. 伏击车队，摧毁他们的车辆，我们会派回收小队前来收集货物. 如果你肃清该地区，消灭了所有车队护卫的话，还会有额外奖励.
A wanted war criminal has been spotted on {TGT_SYSTEM.name}. Unfortunately, he appears to have integrated himself into a {TEAM_TAR.FactionDef.Demonym}-aligned mercenary company. We need you to track him down and destroy his 'Mech. If he ejects, we'll take him into custody to be tried before a {TEAM_EMP.FactionDef.Demonym} court. If not, no harm done - you'll be paid the same either way.	一名被通缉的战争罪犯在{TGT_SYSTEM.name}出现. 不幸的是，他似乎加入了一家效忠于{TEAM_TAR.FactionDef.Demonym}的佣兵公司. 我们需要你追踪他的下落，摧毁他的机甲. 如果他弹射逃生，我们会将其拘捕并交由{TEAM_EMP.FactionDef.Demonym}的法庭审判. 如果没有，也没关系——无论哪种情况，你都会得到同样的报酬.
A {TEAM_EMP.FactionDef.Demonym} DropShip went down on this empty rock, and shortly thereafter we detected a distress signal from the surface. By the time we arrived, the crew had been taken captive by a heavily armed {TEAM_TAR.FactionDef.Demonym} force. We don't have an in-system military presence large enough to mount a hostage rescue mission, so we're looking for a competent mercenary company to do it. We need you to reach the facility where the crew is being held, destroy the {TEAM_TAR.FactionDef.Demonym} units guarding them, and escort them to safety.	一艘{TEAM_EMP.FactionDef.Demonym}空投艇坠毁在了这颗空荡荡的岩质星球上，之后不久我们就侦测到了地面发出的求救信号. 在我们抵达前，船员就被全副武装的{TEAM_TAR.FactionDef.Demonym}军队俘虏了. 我们在这个星系没有足够的军事存在来进行人质营救任务，所以我们寻求你这种能干的佣兵公司来处理. 我们需要你前往关押船员的设施，摧毁看守他们的{TEAM_TAR.FactionDef.Demonym}单位，然后护送他们到达安全地带.
A {TEAM_EMP.FactionDef.Demonym} DropShip went down on this empty rock, and shortly thereafter we detected a distress signal from the surface. By the time we arrived, the crew had been taken captive by a heavily armed {TEAM_TAR.FactionDef.Demonym} force. We don't have an in-system military presence large enough to mount a hostage rescue mission, so we're looking for a competent mercenary company to do it. We need you to reach the facility where the crew is being held, destroy the {TEAM_TAR.FactionDef.Demonym} units guarding them, and escort them to safety.<b><color=#e20000>[WARNING: Zombies]</color></b>	一艘{TEAM_EMP.FactionDef.Demonym}空投艇坠毁在这块空荡的岩石上，此后不久我们探测到来自地表的求救信号。我们赶到时，船员已被一支装备精良的{TEAM_TAR.FactionDef.Demonym}部队俘获。我们在该星系内没有足够大的军事存在来执行人质营救行动，所以我们在找一家称职的雇佣兵公司来做。我们需要你抵达关押船员的那处设施，摧毁看守他们的{TEAM_TAR.FactionDef.Demonym}单位，并护送他们到安全地带。<b><color=#e20000>[警告：丧尸]</color></b>
A {TEAM_EMP.FactionDef.Demonym} convoy was ambushed and looted for expensive industrial materials, and the perpetrators, {TEAM_TAR.FactionDef.Name}, are moving the stolen goods to a secure location. We'd like you to strike the convoy and destroy it; our salvage teams will then retrieve our goods from the wreckage.	一支{TEAM_EMP.FactionDef.Demonym}车队遭到伏击，贵重的工业物资被洗劫，而幕后黑手{TEAM_TAR.FactionDef.Name}，正在将这些赃物运往一处安全地点. 我们希望你袭击并摧毁这支车队; 之后我们的打捞小队会从残骸中回收属于我们的物资.
A {TEAM_EMP.FactionDef.Demonym} family lost a large area of land on {TGT_SYSTEM.Name}, thanks to dubious legal maneuvering by {TEAM_TAR.FactionDef.Demonym} agents. This land includes an important ancestral military base. We need this base taken back from {TEAM_TAR.FactionDef.ShortName} and held until this can be sorted out.	由于{TEAM_TAR.FactionDef.Demonym}代理人可疑的法律操作，一个{TEAM_EMP.FactionDef.Demonym}家族在{TGT_SYSTEM.Name}失去了大片土地. 这片土地上有一座重要的祖传军事基地. 我们需要从{TEAM_TAR.FactionDef.ShortName}手中夺回这座基地，并坚守到问题解决为止.
A {TEAM_EMP.FactionDef.Demonym} industrial lab is at a critical juncture in its R&D program.  Any disruption would set us back a decade. {TEAM_TAR.FactionDef.Name} on {TGT_SYSTEM.name} has discovered this, and they've already interdicted the first lance of 'Mechs that were sent to defend the facility.  We need mercenaries to step in and buy the time necessary for further reinforcements to arrive.	一座{TEAM_EMP.FactionDef.Demonym}工业实验室的研发项目正处于关键阶段. 任何干扰都可能让我们倒退十年. 位于{TGT_SYSTEM.name}上的{TEAM_TAR.FactionDef.Name}人已经发现了这一点，并拦截了派往保护该设施的第一支机甲小队. 我们需要雇佣兵介入，为进一步增援争取时间.
A {TEAM_EMP.FactionDef.Demonym} industrial lab is at a critical juncture in its R&D program. Any disruption would set us back a decade. {TEAM_TAR.FactionDef.Name} on {TGT_SYSTEM.name} has discovered this, and they've already interdicted the first lance of 'Mechs that were sent to defend the facility. We need mercenaries to step in and buy the time necessary for further reinforcements to arrive.	一座{TEAM_EMP.FactionDef.Demonym}工业实验室的研发项目正处于关键阶段. 任何干扰都可能让我们倒退十年. 位于{TGT_SYSTEM.name}上的{TEAM_TAR.FactionDef.Name}人已经发现了这一点，并拦截了派往保护该设施的第一支机甲小队. 我们需要雇佣兵介入，为进一步增援争取时间.
A {TEAM_EMP.FactionDef.Demonym} patrol detected unexpected signals here in {TGT_SYSTEM.Name}, and we'd like you to investigate. Analysis suggests that {TEAM_TAR.FactionDef.Name} has reactivated an abandoned factory on the planet's surface. We don't know what this particular facility was used for, but given the effort they're sinking into this, it must be valuable. We want it.	一支{TEAM_EMP.FactionDef.Demonym}巡逻队在{TGT_SYSTEM.Name}侦测到意料之外的信号，我们希望你去调查一下. 分析显示，{TEAM_TAR.FactionDef.Name}已经重新激活了该星球表面的一座废弃工厂. 我们不知道这座设施的具体用途，但是考虑到他们费了大力气，它肯定非常有价值. 我们要得到它.
A {TEAM_EMP.FactionDef.Demonym} patrol detected unexpected signals here in {TGT_SYSTEM.Name}, and we'd like you to investigate. Analysis suggests that {TEAM_TAR.FactionDef.Name} has reactivated an abandoned factory on the planet's surface. We don't know what this particular facility was used for, but given the effort they're sinking into this, it must be valuable. We want it.<b><color=#e20000>[WARNING: Zombies]</color></b>	一支{TEAM_EMP.FactionDef.Demonym}巡逻队在{TGT_SYSTEM.Name}探测到意外信号，我们希望你去调查。分析显示{TEAM_TAR.FactionDef.Name}重新启用了星球地表一座废弃工厂。我们不知道这处设施具体做什么，但看他们投入的力气，它一定很有价值。我们要它。<b><color=#e20000>[警告：丧尸]</color></b>
A {TEAM_EMP.FactionDef.Demonym} philanthropist is a patron of the arts here in {TGT_SYSTEM.Name}. A favored painter has been accused of heresy by the system's religious police. These zealots are propped up by foreign {TEAM_TAR.FactionDef.Demonym} agents. He'll be extradited to face trial and likely execution in {TEAM_TAR.FactionDef.Demonym} territory. We can't allow that to happen, but we don't want to incur reprisal from the religious leaders. That's where you come in. Locate the painter, rescue him and, at the personal request of the patron, recover the painting that started this whole mess.	一位{TEAM_EMP.FactionDef.Demonym}慈善家是{TGT_SYSTEM.Name}艺术界的赞助人. 当地一位备受青睐的画家被该星系的宗教警察指控为异端. 这些狂热分子背后有外国{TEAM_TAR.FactionDef.Demonym}特工的支持. 该画家将被引渡到{TEAM_TAR.FactionDef.Demonym}的领土接受审判，并极有可能被处决. 我们不能让这种事发生，但也不希望招致宗教领袖的报复. 这就是你的用武之地. 找到那位画家，营救他，并应赞助人的个人请求，回收引发这一切麻烦的画作.
A {TEAM_EMP.FactionDef.Demonym} politician is looking for an armed escort to guide him safely to a diplomatic summit. We can assure you that any accusations of bribery and corruption are completely unfounded. His {TEAM_TAR.FactionDef.Demonym} enemies are simply stirring up the common people against him.	一名{TEAM_EMP.FactionDef.Demonym}政客正在寻求一队武装护卫，以确保他安全前往一次外交峰会. 我们可以向你保证，任何关于贿赂和腐败的指控都是莫须有的. 他的{TEAM_TAR.FactionDef.Demonym}敌人只是在煽动民众反对他.
A {TEAM_TAR.FactionDef.Demonym} Trinary Leader has taken issue with a recently released report on military inefficencies. She has demanded a duel to fight those allegations. We would like to hire you to represent our allegations, Commander.	一名{TEAM_TAR.FactionDef.Demonym}三元编队指挥官对最近发布的一份关于军队效率低下的报告颇有异议. 她要求通过决斗来与报告中的指控作斗争. 指挥官，我们希望雇佣您代表我们，为这些指控据理力争.
A {TEAM_TAR.FactionDef.Demonym} Warrior has issued you a Trial of Grievance through us, Commander. It's a good opportunity to show our Sibkos how mercenaries fight, so we'll pay you if you win. Now, will {COMPANY.CompanyName} be remembered for their glorious fight, or forgotten?	一名{TEAM_TAR.FactionDef.Demonym}战士通过我们向你发起了荣誉争议试炼，指挥官. 这是向我们的Sibko展示雇佣兵如何战斗的好机会，所以如果你获胜，我们会支付报酬. 那么，{COMPANY.CompanyName}会因他们辉煌的战斗而被铭记，还是会被遗忘?
A {TEAM_TAR.FactionDef.Demonym} convoy regularly transports rare minerals through the region. Our agents have acquired the convoy's travel plans so that you can ambush the convoy. We do not require that you recover the minerals. We just want to keep them out of the enemy's hands.	一支{TEAM_TAR.FactionDef.Demonym}车队定期在该地区运输稀有矿物. 我们的特工已经拿到了车队的行程计划，以便你们对其进行伏击. 我们并不要求你们回收这些矿物. 只希望它们不要落入敌人手中.
A {TEAM_TAR.FactionDef.Demonym} defector has given us an extremely interesting and time-sensitive piece of information, and we need a fast response. Before joining our side, this defector worked at a {TEAM_TAR.FactionDef.Demonym} facility on this planet. She claims she was responsible for extracting data from a device that sounds, from her descriptions, very much like a Star League era memory core. We don't know what data is on it, but {TEAM_TAR.FactionDef.ShortName} cannot be allowed to keep it.	一名{TEAM_TAR.FactionDef.Demonym}投诚人员向我们提供了一条极其有趣且时间紧迫的信息，我们需要快速反应. 这名投诚者在加入我们之前，曾在这个星球的{TEAM_TAR.FactionDef.Demonym}设施工作过. 她声称自己负责从一个设备中提取数据，根据她的描述来看，这个设备非常像是星际联盟时期的记忆核心. 我们不知道上面有什么数据，但绝不能让{TEAM_TAR.FactionDef.ShortName}得到它.
A {TEAM_TAR.FactionDef.Demonym} defector has given us an extremely interesting and time-sensitive piece of information, and we need a fast response. Before joining our side, this defector worked at a {TEAM_TAR.FactionDef.Demonym} facility on this planet. She claims she was responsible for extracting data from a device that sounds, from her descriptions, very much like a Star League era memory core. We don't know what data is on it, but {TEAM_TAR.FactionDef.ShortName} cannot be allowed to keep it.<b><color=#e20000>[WARNING: Zombies]</color></b>	一名{TEAM_TAR.FactionDef.Demonym}叛逃者给了我们一条极其有趣且时效紧迫的情报，我们需要快速反应。在投向我们这边之前，这名叛逃者在这颗行星上的一处{TEAM_TAR.FactionDef.Demonym}设施工作。她声称自己负责从一个装置中提取数据，从她的描述看，那东西非常像星盟时代的记忆核心。我们不知道上面是什么数据，但不能让{TEAM_TAR.FactionDef.ShortName}留着它。<b><color=#e20000>[警告：丧尸]</color></b>
A {TEAM_TAR.FactionDef.Demonym} detachment of fire support vehicles is on the move to a strategic location. {TEAM_EMP.FactionDef.Name} would prefer that they do not reach their destination.	一支{TEAM_TAR.FactionDef.Demonym}火力支援车辆分队正在前往一个战略地点. {TEAM_EMP.FactionDef.Name}希望他们无法抵达目的地.
A {TEAM_TAR.FactionDef.Demonym} detachment of fire support vehicles is on the move to a strategic location. {TEAM_EMP.FactionDef.Name} would prefer that they do not reach their destination.<b><color=#e20000>[WARNING: Zombies]</color></b>	一支{TEAM_TAR.FactionDef.Demonym}火力支援车辆分队正在前往一个战略地点. {TEAM_EMP.FactionDef.Name}希望他们无法抵达目的地. <b><color=#e20000>[警告: 僵尸]</color></b>
A {TEAM_TAR.FactionDef.Demonym} leader has fallen behind on payments for their armored vehicles, and our leasing agent has been unable to repossess the heavily armored vehicles. We've decided that sending a more explosive message is the best way to ensure that others do not take future liberties.	一名{TEAM_TAR.FactionDef.Demonym}领导人拖欠着购买装甲车的款项，而我们的租赁代理无法收回这些重型装甲车辆. 我们决定，以更具震慑力的方式行动，是确保其他人今后不敢效仿的最佳方法.
According to ISF intelligence, Captain Gaku Magorian is being held prisoner in one of a dozen safe houses within the boundaries of Alamedo Province. Obviously, we can't rely on trial and error to find him, so we're going to have to narrow down the list. Our unidentified syndicate is known to maintain a forward base in this AO. Capture it so that Dr. Murad can scour the OpFor's mainframe for confirmation of Captain Magorian's whereabouts.	根据ISF的情报，贺久·马格里安船长被关押在阿拉米多省边界内的几十个安全屋之一. 显然，我们不能靠试错法去寻找他，所以必须缩小范围. 我们已知的这个未确认犯罪集团在该行动区域内有一个前沿基地. 你必须控制这个基地，以便穆拉德博士可以在敌人的主机上搜索马格里安船长的具体位置.
According to Ombra, a Black Caldera convoy has been scheduled to pass through the badlands north of New Jakobstad. Engage the convoy and destroy it. Bravo Lance will then interface with the command vehicle's black box to obtain the location of the Raven prototype, as well as the R&D facility Black Caldera has been using to reverse engineer it.	根据Ombra的情报，一支Black Caldera护送队正在穿越新雅各布斯塔德北部的荒地. 袭击该护送队并将其摧毁. 然后Bravo小队将接入指挥车的黑匣子，以获取“渡鸦”原型机的位置，以及Black Caldera用来逆向工程它的研究实验室.
According to Subcommander Tianyu, the warehouse should be full of mining equipment… generators, churn drills, that sort of thing. Nothing we'd be interested in, but worth a lot to the right people.	根据田雨副指挥官的说法，那座仓库里应该全是采矿设备……发电机、螺旋钻之类的东西。我们不会感兴趣，但对合适的人来说值不少钱。
According to the information my team pulled from the base you captured, our target—my enemy—is one Murdoch Dhawan, a small-time political extremist from Kilarney. He's here, in this basin. Destroy him and you will be well rewarded.	根据我团队从你夺取的基地中提取的信息，我们的目标——我的敌人——是基拉尼的一个小混混式政治极端分子，名叫默多克·达万。他就在这个盆地里。摧毁他，你会得到丰厚报酬。
According to the information recovered by my forensics team, our target—the person responsible for my family's suffering—is Lord Parzival Gurung, the head of a minor noble house from Atreus. Lord Gurung is well connected and well defended. If we're going to capture him, first we must strike against his bodyguard.	根据我的法医团队恢复的信息，我们的目标——那个对我家族苦难负责的人——是帕齐瓦尔·古隆领主，来自阿特柔斯的一个小贵族家族的族长。古隆领主关系网深、护卫严密。如果我们要俘获他，必须先打击他的保镖。
According to the intel we found, Black Caldera Defense is storing their stolen Raven prototype at an old armory in southern New Jakobstad. We need to capture the base and recover the prototype. Conqueror, Viscacha, and Peregrine will be standing by to carry out the second half of the operation when we're done.	根据我们得到的情报，Black Caldera Defense将他们偷来的“渡鸦”原型机保存在新雅各布斯塔德南部的一处旧军械库中. 我们需要占领该基地并夺回原型机. 征服者、兔鼠和游隼将在我们完成后待命，立即执行行动的第二阶段.
According to the intel we found, Black Caldera's hardened R&D facility is protected by a phalanx of LRM batteries. Using the Raven's unique capabilities, you will protect Bravo Lance from these weapons while leading them to destroy the facility.	根据我们得到的情报，Black Caldera的强化研究实验室受到LRM方阵的保护. 凭借“渡鸦”的独特技能，你可以保护Bravo小队免受这些武器的攻击，同时带领他们摧毁该设施.
After a recent engagement, {TEAM_EMP.FactionDef.Demonym} forces have captured a {TEAM_TAR.FactionDef.Demonym} stronghold. This has left the bulk of the {TEAM_TAR.FactionDef.Demonym} forces in the field, with nowhere to withdraw to. We'd like you to engage those forces and destroy them in detail. The goal is to break their ability to take the field against us for the forseeable future; that means none of their units should survive.	在最近的一次交战之后，{TEAM_EMP.FactionDef.Demonym}军队夺取了一处{TEAM_TAR.FactionDef.Demonym}据点. 这导致大量{TEAM_TAR.FactionDef.Demonym}部队遗留在战场上，无处可逃. 我们希望你能够与这些部队交战并完全摧毁它们. 我们的目标是摧毁他们在可预见的未来里可能存在的反抗能力; 这意味着他们所有的作战单位都不该生还.
After a recent skirmish with our forces, the surviving units of a {TEAM_TAR.FactionDef.Demonym} lance escaped the battlefield. We believe they've managed to partially repair their 'Mechs, and that means they're a loose end that {TEAM_EMP.FactionDef.Name} would like to see tied off, permanently. Track down these survivors and finish them for good.	在与我方部队的最近一次小规模冲突后，一支{TEAM_TAR.FactionDef.Demonym}小队的幸存单位逃离了战场. 我们相信他们已经修复了部分机甲，这意味着他们是{TEAM_EMP.FactionDef.Name}希望彻底解决的隐患. 找到这些幸存者，并将他们彻底消灭.
After all that, it appears that our only path to victory is to demolish their base. We have a Naval PPC at the ready, but we require a target..	折腾这么多之后，看来我们唯一的胜利之路就是摧毁他们的基地。我们有一门舰载 PPC 待命，但需要目标。
Agent X is leading them Commander, I don't see his Waneta though. We may have gotten lucky. We don't know much more about him than he is really deadly.	X特工正率领他们，指挥官，不过我没看到他的瓦内塔。也许我们运气不错。关于他我们知道的并不多，只知道他极其致命。
Aggressors are attacking our famine relief effort on this planet. If they succeed, mass starvation will follow. They're trying to bait me into redirecting the main army and taking the field myself… but I can't let them do that. If our people are to survive, you will have to save them.	侵略者正在攻击我们在这颗星球上的饥荒救济行动。若他们得逞，大规模饥荒将随之而来。他们想引我把主力调走、亲自上阵……但我不能让他们得逞。若要我们的人活下来，你必须救他们。
All right! Got her cornered in her last stronghold. I would assume she's going to be well armed. I brought a can opener and a Nut Cracker with me. Time to crack some skulls	好！把她逼到了最后的据点。我猜她会武装得很充分。我带了个开罐器和一把胡桃夹子。是时候敲碎几颗脑袋了
All this covert action has my nerves wound tight. I'm glad we're finally getting to flex our muscles a bit.	这些秘密行动搞得我神经紧张. 真高兴我们终于能稍微活动活动筋骨了.
Alright, we will try it your way. I think that we should kill the target, but if you want to capture him we will go with that.	好，我们按你的方式来。我认为我们应该杀掉目标，但如果你想俘获他，我们就照办。
An Urbie is basically a walking dustbin with a big gun. That weapon packs a hell of a punch, but it's only so long till it's a paperweight. Keep an eye on those heat gauges, {COMMANDER.FirstName}.	城市仔基本上就是个会走路的垃圾桶配一门大炮。那武器打击力惊人，但迟早会变成一个镇纸。盯紧那些热量表，{COMMANDER.FirstName}。
An ally of {TEAM_TAR.FactionDef.Name} here in {TGT_SYSTEM.name} stands accused of a long list of illegal, unethical and deplorable activities. Proof of her guilt was being transported to a spaceport, for safe-keeping off-planet, when it was attacked by unidentified mercenary forces. The convoy narrowly escaped and we need you to protect it while we arrange for a dropship pickup.	在{TGT_SYSTEM.name}的一名{TEAM_TAR.FactionDef.Name}盟友被指控涉及一系列非法、不道德及令人发指的活动. 她的罪证正被运送至太空港以便转移到星球之外保管，但途中遭到不明雇佣兵部队的袭击. 车队勉强摆脱了敌人，我们需要你保护车队，直到我们安排空投艇接应.
An elite MechWarrior has been deployed to take command of {TEAM_TAR.FactionDef.Demonym} forces in this system. We need a skilled mercenary force to remove this MechWarrior before they reach their command, while they're only lightly escorted. Every downed 'Mech will help our cause, so there will be a bonus for complete destruction of the target's supporting forces. Additionally, the MechWarrior's command may send out an escort unit to meet them; expect enemy reinforcements once you engage.	一名精英机甲战士已被派往指挥{TEAM_TAR.FactionDef.Demonym}在此星系的部队. 我们需要一支经验丰富的雇佣兵部队在他们抵达指挥岗位前将其消灭，此时他们的护卫力量还很薄弱. 每台倒下的机甲都有助于我们的事业，所以彻底摧毁目标的支援部队将获得额外奖励. 此外，该机甲战士的指挥部可能会派护卫队和他们碰头; 一旦交战，预计会有敌方增援出现.
An off-season 4x4 3-way team mech deathmatch.	一场非赛季的4×4三方团队机甲死斗赛.
An off-season 4x4 capture the flag match.	一场非赛季的4×4夺旗赛.
An off-season 4x4 team deathmatch.	一场非赛季的4×4团队死斗赛.
An off-season 8x8 capture the flag match.	一场非赛季的8×8夺旗赛.
An off-season 8x8 team mech deathmatch	一场非赛季的8×8团队机甲死斗赛
Apparently they are moving our target again. This time by 'Mech. We are switching this to an assassinate mission and giving you the coordinates. Good Luck, Commander.	显然他们又把我们的目标转移了。这次是用机甲运。我们把这次改成刺杀任务并给你坐标。祝好运，指挥官。
Apparently {TEAM_TAR.FactionDef.Name} controls a network of transports and warehouses in the {TGT_SYSTEM.name} system, moving mostly mundane merchandise but also a very few highly valuable goods. Our clandestine research efforts have acquired the latest shipping manifests and identified an opportunity for a swift, profitable strike at a key shipping hub. If timed properly, your Mechs can attack quickly and pave the way for a {TEAM_EMP.FactionDef.Demonym} extraction team to empty the warehouse of its contents.	显然，{TEAM_TAR.FactionDef.Name}控制着{TGT_SYSTEM.name}星系的一张运输和仓储网络，运送的大部分是普通货物，但也有少数高价值货物. 我们的秘密调查获取了最新的运输清单，并发现了对一个关键运输枢纽进行快速且高收益打击的机会. 如果时机掌握得当，你的机甲就能迅速发起攻击，为{TEAM_EMP.FactionDef.Demonym}的回收小队搬空仓库里的物资铺平道路.
Apply pressure and we'll have our victory.	施加压力，我们就能拿下胜利。
As I mentioned, Commander {COMMANDER.LastName}, before we can begin operations on the planet, we need to neutralize an observation post. Conveniently, we can then use the facility's resources to stage further assaults. Our information suggests the base is quite well defended, which is unsurprising, given the planet's location on multiple potentially hostile borders. Once the base is taken, we won't have to worry about errant calls for reinforcements, but to be safe, it would be best for you to hunt down all enemy forces to prevent them from retreating and spreading word of the attack.	正如我之前提到的，指挥官{COMMANDER.LastName}: 在我们开始对这颗星球的行动之前，我们需要先摧毁一个观察哨. 方便的是，我们可以利用该设施的资源来筹备进一步的进攻. 我们的情报显示，这个基地防守相当严密 - 鉴于这颗星球位于多条潜在敌对边境上，这并不令人意外. 一旦基地被占领，我们就不必担心敌方呼叫增援. 但为了安全起见，你最好追击所有敌军，防止他们撤退并将袭击的消息传播出去.
As discussed previously {COMMANDER.LastName}, it is essential that you pounce on any defenders and capture this Neko Holding Facility before my fellow members of MEOW can be shipped away. Once under our control, we’ll have to make our hasty exit stage wherever. You'll have to keep the facility safe while we whisk any prisoners into our protection	如前所述{COMMANDER.LastName}，你必须扑向任何守军并在我的MEOW同僚被运走之前夺取这处猫娘关押设施。一旦它归我们控制，我们就得从某个地方匆匆退场。在我们把任何囚犯纳入我们的保护之下时，你得保证设施安全
As long as Carlyle's people can handle their part of this operation, we shouldn't have any trouble destroying the base.	只要卡莱尔的人做好他们的工作，我们应该能够毫无问题地摧毁基地.
As long as Carlyle's people can handle their part of this operation, we shouldn't have any trouble taking the base.	只要卡莱尔的人能完成他们的任务，我们拿下基地应该没问题.
As part of a propaganda effort, we've been operating a secret holo-vid broadcasting facility on {TGT_SYSTEM.Name}. The clearest sign that our efforts are working is that {TEAM_TAR.FactionDef.Demonym} agents have spent months searching for the facility. Unfortunately, they've succeeded, and are launching an assault on what they believe to be an undefended installation. While our personnel prepare for evacuation and destroy all the files and documents, we need a team of mercenaries to hold off {TEAM_TAR.FactionDef.Demonym} forces.	作为宣传工作的一部分，我们一直在{TGT_SYSTEM.Name}运营一座秘密的全息影像广播设施. 我们的工作奏效了，最清晰的信号就是{TEAM_TAR.FactionDef.Demonym}特工花了几个月的时间搜索这座设施. 不幸的是，他们成功了，他们相信这座设施毫无防备，向它发起了进攻. 在我们的人员准备撤离并销毁所有文件档案的同时，我们需要一队佣兵去抵挡{TEAM_TAR.FactionDef.Demonym}的部队.
As per our earlier discussion, I'm going to drop you right on top of a Baumann Group security outpost some 20 klicks from the <i>Dobrev</i>'s spaceport. You're going to have to capture the site and clear out its defenses. When the job's done, the Moderbjörn will use the complex's computers to drop the spaceport's defenses and remotely engage the <i>Dobrev</i>'s docking clamps. I'd expect the OpFor's defenses to run heavy on this one, so I'd advise building your lance accordingly.	正如我们之前讨论的，我会将你们直接投送到距<i>多布雷夫号</i> 约20公里处的鲍曼集团安保综合设施. 你们需要占领该据点并清除其防御力量. 任务完成后，“熊妈妈”将利用哨站计算机系统瘫痪太空港防御并远程启动<i>多布雷夫号</i> 的泊位锁定装置. 预计敌方防御力量会很强，因此建议你据此组建你的小队.
As someone wise said, \"we tactically leapfrog in a different direction.\"	正如某位智者所说:“我们只是在战术上向另一个方向跳跃.”
As soon as {TEAM_TAR.FactionDef.Demonym} leadership realizes what we're doing, Commander, they're going to try to destroy the convoy themselves. Expect enemy reinforcements to target the vehicles.	指挥官，一旦{TEAM_TAR.FactionDef.Demonym}领导人意识到我们在做什么，他们就会自己毁掉车队. 预计敌人的援军是冲着这些车来的.
As we discussed, this will be a joint operation. As long as Gwydion Company doesn't drop the ball, I'm confident that we can handle our end of the job.	正如我们所讨论的，这将是一次联合行动. 只要格威迪恩公司不掉链子，我相信我们能完成我们这边的任务.
As with every year at this festive time on {TGT_SYSTEM.name} we host an arena fight for the people. This year we'd like you to be our representative. Your duo duel is against {TEAM_TAR.FactionDef.ShortName}. We're placing our trust in you so please don't let us down.	和每年这个时候在{TGT_SYSTEM.name}上一样，我们都会为人民举办一场竞技场近战. 今年，我们希望您能担任我们的代表. 您的双人对决将对阵{TEAM_TAR.FactionDef.ShortName}. 我们将信任寄托于您，请别让我们失望.
Assaulting fixed defenses is always a mess, Commander. Fixed gun emplacements can target your units from clear across the battlefield. Stay alert.	进攻固定防线总是很麻烦，指挥官. 固定炮台可以从战场另一边瞄准你的单位. 保持警惕.
Assuming the hostages are still alive, we're going to have a hell of a time keeping them that way.	假设人质还活着的话，我们要让他们保持这种状态可要费一番功夫了.
Base Defense is usually a long and drawn out afair.	基地防御通常是一场旷日持久的事情.
Base Destruction.	基地摧毁。
BattleMechs are wreaking havoc on the general population. We have DropShips en route to evacuate as many refugees as they can carry, but the Aggressors will target them if they get the chance. I need you to deny them that opportunity.	战斗机甲正在对平民大肆破坏。我们有空投艇正在前往撤离尽可能多的难民，但侵略者一旦有机会就会把它们当作目标。我需要你让他们没有这个机会。
Before the Maskirovka team can transport the scientists to the extraction point, we need to deal with the Davion forces that are closing on our position. We've located two lances of 'Mechs that are inbound, and I need you to intercept them before they get here. Once they're dealt with, we can start moving the team, and the scientists, to the extraction point. And Commander… I apologize for my curt tone earlier. I didn't brief you fully, and that was unprofessional of me.	在伪装局小队把科学家们运到撤离点之前，我们需要先解决正在逼近我们位置的达维昂部队。我们已定位两支正在赶来的机甲分队，我需要你在他们抵达前拦截他们。等他们被解决，我们就能把小队和科学家们转移到撤离点。还有，指挥官……我为先前生硬的语气道歉。我没有向你做完整简报，那是我的不专业。
Before we can eliminate the person responsible for attacking my family, we must identify him. His mercenary cat's-paws, Arslan's Janissaries, have a base of operations at our first drop site. You will seize the base from them. My forensics team will then scour their computers to put a name to their employer.	在清除袭击我家族的元凶之前，必须先行确认其身份. 其雇佣的爪牙——阿尔斯兰禁卫军——在首个空降点设有行动基地. 你需要从他们手中夺取该基地. 我的取证团队将彻底搜查基地的计算机，锁定雇主身份.
Before you can rid us of the Volkovites, you're going to have to deal with Razorback Company, the hired guns they imported from the Frontier. Our surveillance drones have identified the company's command-and-control 'Mech, a CP-10-Z Cyclops. Eliminate it to cripple Razorback Company and clear a path to your real target.	在清剿沃尔科维特之前，你必须先解决他们从边境雇来的佣兵部队“尖背野猪”公司. 我们的侦察无人机已识别出该部队的指挥机甲——一台“独眼巨人 10-Z”. 摧毁它即可瓦解尖背野猪公司的指挥体系，为你扫清通往最终目标的道路.
Being in the limelight is great, but prepare for the worst.	身处聚光灯下很棒，但要做好最坏的准备。
Being paid to get chased and shot at? Not ideal.  Fingers crossed for some extra bonuses	被雇来让别人追着打还要挨枪子? 这可不算理想. 希望能拿到一些额外奖金吧.
Binton and Modge were fighting against each other on Men Lojowen. They may be allies of convenience for now, but I'll bet that'll change when they've got the \"treasure\" in their sights.	宾顿与莫奇在Men Lojowen时就互相敌对. 眼下虽是权宜结盟，但我敢打赌，一旦他们看到了宝藏，情况就会改变.
Bio research station? We better be careful here, Commander. I don't fancy catching a new type of cold, if you know what I mean?	生物研究站? 我们最好小心点，指挥官. 我可不想染上什么新型感冒，你懂我的意思吧?
Boots on the ground...that's us.	实地人员……就是我们。
Bring enough ammo to deal with stragglers. These things get messy.	带够弹药来对付掉队者。这些事会很乱。
Bringing a military ship this far out towards the Periphery is a hell of a risk. This operative must know something big.	把军用飞船开到这么远的边境地区，风险极大. 这名特工一定掌握着什么重要的东西.
Brutal, but undeniably effective. A cored 'Mech isn't going to end up repaired and back in battle against you. Sounds like a lot of fighting, though; be prepared.	残忍，但无可争辩的有效. 一部被毁掉核心的机甲不会修好后重回战场与你对抗. 不过，听起来有很多战斗，做好准备.
Buckle up, Commander.  This sounds like an extremely tough fight.  You know something this valuable is going to be escorted.	做好准备，指挥官. 听起来这像是一场极其艰苦的战斗. 你知道有些珍贵的东西要护送.
Buckle up, Commander. This sounds like an extremely tough fight. You know something this valuable is going to be escorted.	做好准备，指挥官. 听起来这像是一场极其艰苦的战斗. 你知道有些珍贵的东西要护送.
Buckle up, Commander. Two heavily-armed lances? This is going to be tough.	做好准备，指挥官. 两支全副武装的小队? 这会有点艰难.
By attacking and securing the refinery, we will divert resources to our Employer, and make it more difficult for our opponent to wage war.	通过攻击并夺取这座炼油厂，我们将把资源引向我们的雇主，并让对手更难发动战争。
By now you know the drill. We will be firing our Naval Gauss Rifle from orbit, We can only keep it charged so long. Get the beepy things in the Target zone so we can blow a hole in this base.	到现在你该熟悉流程了。我们将从轨道上发射舰载高斯步枪，我们只能让它充能这么久。把那些会叫的东西放进目标区，好让我们在这座基地上炸出一个洞。
Captain Magorian is being held in a subterranean bunker attached to a complex just ahead of us. We're going to sneak a scout lance in, rescue the captain, and bug out. If all goes according to plan, the Moderbjörn's combat drones will distract the bunker's garrison and keep it out of our hair for the duration of the operation.	马格里安船长被关押在前方建筑群的地下掩体中. 我们将派遣侦察小队潜入，救出船长后立即撤离. 如果一切按计划进行，“熊妈妈”的战斗无人机将全程牵制地堡的驻军，确保行动不受干扰.
Capturing this Prison is going to be tough, Commander.	夺取这座监狱会很艰难，指挥官。
Capturing this base is going to be tough, Commander. We'll be outnumbered and possibly outgunned. I hope it's worth it.	攻占这个基地会非常艰难，指挥官. 我们将面临人数和火力的双重劣势. 希望这一切值得.
Carronade sends her thanks for the assist, Commander—we're doing Gwydion Company a solid that a lot of other mercenary commands wouldn't. Our friends have taken shelter in a subterranean bunker, and a Steiner strike team has them penned in. Carronade needs us to engage and destroy the Lyrans so that she and her people can escape.	短炮向你的协助致谢，指挥官——我们在帮格威迪恩连，这是许多其他雇佣兵部队不会做的事。我们的朋友躲进了一处地下掩体，一支施泰纳打击队把他们围住了。短炮需要我们交战并消灭这些莱兰人，好让她和她的人逃脱。
Clanners may be difficult to handle, {COMMANDER.FirstName}. Let's put on our game faces.	部族分子可能不好对付，{COMMANDER.FirstName}。让我们摆出认真脸。
Clever smugglers, hiding in plain sight. Now that their cover's blown, they'll probably call for military backup.	聪明的走私者，就躲在眼皮底下. 既然他们的伪装暴露了，他们可能会呼叫军事后援.
Clever smugglers, hiding in plain sight. Now that their cover's blown, they're likely to call for military backup.	聪明的走私者，就躲在眼皮底下. 既然他们的伪装暴露了，他们很可能会呼叫军事后援.
Colonel Lees's stronghold is just ahead of you, Commander. For all his arrogant bluster, it would seem that the Butcher of Shaul Khala is a coward at heart. I've seen no sign that he intends to meet you on the field of battle. So be it; if he won't leave his fortress voluntarily, then I will have your BattleMechs remove him by force.	利斯上校的据点就在你前方，指挥官. 尽管此人傲慢嚣张，但绍尔哈拉的屠夫本质上仍是个懦夫. 我没有看到他打算在战场上与你正面交锋的迹象. 既然如此. 如果他不愿主动离开巢穴，就让你的战斗机甲用武力把他带走吧.
ComStar Reinforcments have arrived. Let us meet them in the field.	康星的增援已抵达。让我们在战场上会会他们。
Command	指挥部
Commander Yuetu and her Red Hare Irregulars have proven an intolerable threat to my interests and to the future of House Khulan. I need you to hunt her down and destroy her BattleMech, an \"Orion,\" I believe it's called. Smash it to pieces and bring me proof of Yuetu's death, and I will lend Shugo Yamaguchi my support.	指挥官，“月兔”和她的“赤兔军”已经对我的利益以及呼兰家族的未来构成了无法容忍的威胁. 我需要你追捕她并摧毁她的战机——一台“猎户座”，我想它就是这么叫的. 把它打成碎片，并带回“月兔”已死的证据，那样我就会给予山口修吾我的支持.
Commander {COMMANDER.LastName}, While you capture Maximums Base We will sneak into their production Facilities and Snatch their prototype. We are counting on you Commander	指挥官{COMMANDER.LastName}，当你们夺取Maximums基地时，我们会潜入他们的生产设施，抢夺他们的原型机. 我们指望你了，指挥官.
Commander, I don't pretend to understand what's so offensive about this painting, but they take that sort of thing seriously out here. As for retrieving the painting, apparently it's worth even more after all this controversy.	指挥官，我并不懂这幅画有什么冒犯之处，但他们对待这类事情非常严肃. 至于取回这幅画，在经历了这么多争议之后，它的价值显然更高了.
Commander, I expect the defenses on the facility to be substantial. But if we were bothered by the odds, we wouldn't be mercenaries.	指挥官，我估计这座设施的防御会相当严密. 但如果我们会被可能性所困扰，我们就不会当雇佣兵了.
Commander, I suspect that our employers' reluctance to commit their own forces has less to do with any extreme danger of the task, but some distaste with their merchant friend.	指挥官，我怀疑我们的雇主不愿指派自己的军队做这事，与这项任务的极端危险性没有多大关系，而是因为对他们的商人朋友的厌恶.
Commander, I've chatted with this politician briefly, and he is certainly a piece of work. I suspect that his enemies may not wait until the ballot box to remove him from power.	指挥官，我和这位政客短暂交流过，他确实是个难缠的角色. 我怀疑他的敌人也许不会等到用投票箱赶他下台了.
Commander, I've done some research, and {TEAM_TAR.FactionDef.Name} <i>really</i> wants this particular rebel eliminated. Stay alert and expect the worst. That's usually a good approach.	指挥官，我做了一些调查，{TEAM_TAR.FactionDef.Name}<i>非常</i> 想消灭这位特别的反叛者. 保持警惕，并做好最坏的打算——这通常是明智的做法.
Commander, I've read a bit about this criminal and the things that she's accused of. I suspect {TEAM_TAR.FactionDef.ShortName} will do anything to eliminate her. If we take this job, we should expect trouble.	指挥官，我读过一些关于这个罪犯的资料以及她被指控的罪行. 我怀疑{TEAM_TAR.FactionDef.ShortName}会不惜一切代价除掉她. 如果我们接下这份活，应该预料到会有麻烦.
Commander, Those guys we ran into from {TEAM_EMP.FactionDef.Demonym} are pretty hot headed {TEAM_TAR.FactionDef.Demonym} Warriors. Looks like we've got ourselves a duel.	指挥官，我们遇到的那些来自{TEAM_EMP.FactionDef.Demonym}的家伙都是些脾气火爆的{TEAM_TAR.FactionDef.Demonym}战士. 看来我们摊上一场决斗了.
Commander, Tubbs is down there. He has supporters - mostly gladiators with no love for you. Exercise caution, but remember your goal here: drop and eliminate.	指挥官，塔布斯就在下面。他有支持者——大多是看你不顺眼的角斗士。谨慎行事，但记住你在这里的目标：投放并消灭。
Commander, a pleasure. Does the idea of getting into a closed ring of DANGER to face down a RABID enemy Mechwarrior appeal to you? Okay, what if we paid well?	指挥官，很高兴见到你。想不想到一个封闭的“危险“擂台上，去正面迎战一名狂怒的敌方机师？好吧，如果我们付得很好呢？
Commander, as soon as you make contact, expect any nearby enemy forces to close on your position.	指挥官，一旦与目标接触，附近的敌军很可能会立即朝你的位置靠拢.
Commander, be careful: if there *is* a second attack, the raiders will go all out.	指挥官，小心点: 如果*有*第二轮攻击，那些袭击者会全力以赴.
Commander, do you see those pirates over there? Well, I don't want to. All understood?	指挥官，你看到那边那些海盗了吗？嗯，我不想看到。都明白吗？
Commander, find and eliminate the Iron Sparrow's courier and his bodyguard. I want Shivraj dead and whatever intelligence he's carrying in my hands.	指挥官，追踪并清除“铁麻雀”的信使和他的护卫. 我要希瓦吉的人头和他携带的全部情报.
Commander, from what I understand the mechs are being piloted by either rookies or support staff. They'll likely try to escape rather than battle. They will have an escort however.	指挥官，据我所知，这些机甲要么由新兵驾驶，要么由后勤人员驾驶. 他们很可能会试图逃跑而非交战. 不过他们会有护卫.
Commander, if that Demolisher has ammo on board, this could be a short and simple mission. Those things are terrifying.	指挥官，如果那辆“破坏者”载有弹药，这就可能是个简短利落的任务. 那些东西太可怕了.
Commander, if that Demolisher has ammo on board, this mission might be short and simple. Those things are terrifying.	指挥官，如果那辆“破坏者”载有弹药，任务可能会简短利落. 那些东西太可怕了.
Commander, if the convoy has been attacked once, we can just about guarantee that it's going to be attacked again. Somehow, I doubt {TEAM_TAR.FactionDef.ShortName} will give up so easily.	指挥官，如果车队已经遭到一次袭击，我们几乎可以确定它还会再次遭到攻击. 我怀疑{TEAM_TAR.FactionDef.ShortName}不会轻易放手.
Commander, if these are just mercantile goods, as they say, I wouldn't expect very aggressive defenses.	指挥官，如果像他们说的，这些只是商业货物，那我不认为会有非常激烈的抵抗.
Commander, if they're hiring mercs to babysit when their forces are less than a day away they expect trouble.  Rumors say {TEAM_TAR.FactionDef.Demonym} forces are in the area, they could present a threat.	指挥官，他们的部队不到一天就能赶到，却还要雇佣兵来当保姆，这说明他们预感会有麻烦. 传闻{TEAM_TAR.FactionDef.Demonym}的部队就在附近，可能构成威胁.
Commander, if they're hiring mercs to babysit when their forces are less than a day away they expect trouble. Rumors say {TEAM_TAR.FactionDef.Demonym} forces are in the area, they could present a threat.	指挥官，他们的部队不到一天就能赶到，却还要雇佣兵来当保姆，这说明他们预感会有麻烦. 传闻{TEAM_TAR.FactionDef.Demonym}的部队就在附近，可能构成威胁.
Commander, if this is the real thing, it's going to be defended like you can't even imagine. This one will be tough.	指挥官，如果这是真品，那它的防护程度将超乎你的想象. 这次行动会非常艰难.
Commander, in my experience, merchants will defend their profits with extreme prejudice. Expect a hostile response as soon as you kick down the door.	指挥官，根据我的经验，商人们会用极端的偏见来捍卫他们的利润. 当你把门踢开时，就该预料到有充满敌意的反应.
Commander, in this match 3 lances drop, the one that survives - wins.	指挥官，这场战斗会空降3支小队，活到最后的胜利.
Commander, it seems we've finally located the Production Facilities. Shall we proceed to take the whole thing down?	指挥官，看来我们终于找到了生产设施。我们直接把整个地方端掉好吗？
Commander, looks like those two guys that the {TEAM_EMP.FactionDef.Demonym} crew ticked off last night were actually {TEAM_TAR.FactionDef.Demonym} guards. Looks like we've got ourselves a duel.	指挥官，看来昨晚被{TEAM_EMP.FactionDef.Demonym}船员惹恼的那两个人，实际上是{TEAM_TAR.FactionDef.Demonym}卫兵. 看来我们要进行一场决斗了.
Commander, one of our facilities has gone dark, and we're not sure why. The base is one of two {TEAM_EMP.FactionDef.Demonym} facilities in the region. We have satellite imagery showing unknown 'Mechs moving in the area, and it seems as though they're preparing for an assault on the secondary base. We need you to put 'Mechs in the field, defend the secondary base, and drive them out of the primary base. Our own forces are inbound but won't get there in time to save the secondary base.	指挥官，我们的一处设施失联了 - 原因未明. 那座基地是该地区两处{TEAM_EMP.FactionDef.Demonym}设施之一. 卫星影像显示，有不明机甲正在该区域活动，似乎正准备攻击第二处基地. 我们需要你派遣机甲部队，守住第二处基地，并将敌人从第一基地驱逐. 我们的部队正在赶来，但无法及时抵达救援第二基地.
Commander, one of our senior operatives has defected to {TEAM_TAR.FactionDef.Name}. They know far too much about our operations to be allowed to share their knowledge with their new friends. It seems the {TEAM_TAR.FactionDef.Demonym} handlers have realized how valuable the knowledge our operative possesses is, because they're being held in an extremely secure facility, deep underground. Such extreme defensive measures probably makes them feel as though they're untouchable. We have a military DropShip with a naval PPC on station to demonstrate to them just how touchable they are. We need you to help us precisely target the PPC.	指挥官，我们的一名高级特工叛逃到了{TEAM_TAR.FactionDef.Name}. 他们掌握了太多关于我们行动的信息，绝不能让他们把这些情报透露给新朋友. 显然，{TEAM_TAR.FactionDef.Demonym}方面已经意识到这名特工所掌握情报的价值，因为他们正被关押在一处戒备森严的设施中. 如此极端的防御措施，大概让他们觉得自己坚不可摧，但我们有一艘搭载海军PPC的军用空投艇正在待命，要向他们证明所谓的“坚不可摧”不过是错觉. 我们需要你协助我们的那门PPC进行精确瞄准.
Commander, our covert forces are poised to seize a {TEAM_TAR.FactionDef.Demonym} prison facility where a large number of {TEAM_EMP.FactionDef.Demonym} personnel are being held prisoner. However, the facility is protected by a nearby military base, and as soon as we seize the prison, they'll move against it, and reduce those buildings to rubble before they let us extract those people. We'll be moving our own 'Mechs and Leopards in as quickly as we can but before we can land them and extract the personnel, we need you to pacify that military base.	指挥官，我们的秘密部队已准备好夺取一座{TEAM_TAR.FactionDef.Demonym}监狱设施，那里关押着大量{TEAM_EMP.FactionDef.Demonym}人员. 然而，该设施受到附近一个军事基地的保护. 一旦我们夺取监狱，基地就会立即反击，宁可把监狱夷为平地也不会让我们救出那些人. 我们会尽快部署我们自己的机甲和“豹”式飞船，但在我们降落并救出人员之前，需要你先压制住那个军事基地.
Commander, plausible deniability is our specialty.	指挥官，合理否认可是我们的拿手好戏.
Commander, the carriers they're talking about are slow and fragile. On the other hand they could certainly provide fire support if things go south.	指挥官，他们所说的运输车速度缓慢且脆弱. 不过另一方面，如果事态恶化，它们确实可以提供火力支援.
Commander, the local nets are full of news about this hearing. This job is higher-profile than our usual work. It's your call, though; if we don't take the job, another mercenary company will.	指挥官，当地的网络上到处都是有关这场听证会的新闻. 这份工作比我们平常的工作更高调. 不过，由你决定吧; 如果我们不接这份工作，其它佣兵公司就会接.
Commander, the targets will probably be on the slow and squishy side. But the reason we're being asked to hit them in transit, outside entrenched positions, is because they pack a punch.	指挥官，目标很可能行动缓慢且脆弱. 不过之所以要求我们在他们行进途中、远离固守阵地时发动攻击，是因为他们的火力非常强劲.
Commander, the targets will probably be on the slow and squishy side. But the reason we're being asked to hit them in transit, outside entrenched positions, is because they pack a wallop.	指挥官，目标很可能行动缓慢且脆弱. 不过之所以要求我们在他们行进途中、远离固守阵地时发动攻击，是因为他们的火力非常凶猛.
Commander, the {TEAM_EMP.FactionDef.Demonym} plan is sound, as long as we're okay with intentionally setting up an ambush on ourselves.	指挥官，{TEAM_EMP.FactionDef.Demonym}的计划是可行的，只要我们能接受故意把自己暴露在伏击之下.
Commander, there is nothing glamorous about sighting targets for big guns, but the fireworks can be exciting. Just make sure you're clear of the blast radius before those shells land.	指挥官，给重炮标定目标这事没什么光彩的，但放烟花倒挺带劲. 只要确保炮弹落下前你们远离爆炸范围就行.
Commander, they also mentioned that the target vehicles are currently on deployment with a secondary lance of 'Mechs. You can optionally destroy them as well, and there's a bonus.	指挥官，他们还提到目标车辆目前和一支次要机甲小队一起行动. 你也可以选择将它们摧毁，会有额外奖励.
Commander, this could be a wild goose chase. Of course, if there's nothing to find, they haven't wasted the time of their own 'Mechs.	指挥官，这可能是一场无用功. 当然，如果真没什么好找的，他们的机甲也不会白白浪费时间.
Commander, this installation is a vital part of Combine research efforts, and we need to ensure the enemy doesn't destroy it. We believe the opposing forces are a mercenary unit hired by our erstwhile allies in the Free Worlds League, and their intent is to disrupt the important work being done here. Your job will be to hold them off until they exhaust themselves, at which point we'll launch our own counterattack.	指挥官，这个设施是联合体研究计划的重要组成部分. 我们必须确保其不被敌人摧毁. 据信敌方部队是一支由我们以前的盟友——自由世界联盟——雇佣的佣兵部队. 他们的目的是破坏这里正在进行的重要工作. 你的任务是阻挡他们，直到他们筋疲力尽. 届时我们将发动反击.
Commander, this is a bold move by the smugglers so we have to assume they have more than just a simple token force there. Be prepared for anything.	指挥官，这伙走私者敢采取如此大胆的行动，我们最好假设他们不止有一支象征性部队在那儿. 准备好应付任何情况.
Commander, this is a very straightforward match: eliminate all your opposition for the win.	指挥官，这场比赛非常简单明了: 消灭所有对手即可获胜.
Commander, this is an extremely time-sensitive mission and we're on a strict deadline, so I hope you can assist us. Our covert forces are poised to seize a {TEAM_TAR.FactionDef.Demonym} facility where a large number of {TEAM_EMP.FactionDef.Demonym} civilians are being held prisoner. However, the facility is protected by a nearby military base, and as soon as we seize the prison, they'll move against it, and reduce those buildings to rubble before they let us extract those people. We'll be moving our own 'Mechs and Leopards in as quickly as we can but before we can land them and extract the civilians, we need you to pacify that military base.	指挥官，这是一次极其紧迫的任务，我们有严格的截止时间，所以希望你能协助我们. 我们的秘密部队准备夺取一处{TEAM_TAR.FactionDef.Demonym}设施，那里关押了大量{TEAM_EMP.FactionDef.Demonym}平民. 然而，该设施受附近军事基地的保护. 一旦我们夺取监狱，基地就会立即反击，宁可把监狱夷为平地也不会让我们救出那些人. 我们会尽快部署我们自己的机甲和“豹”式飞船，但在我们降落并救出平民之前，需要你先压制住那个军事基地.
Commander, this is definitely a contract where speed is of the essence. I expect that if {TEAM_TAR.FactionDef.Demonym} forces locate the asset, they'll rally reinforcements from the captured research facility.	指挥官，这无疑是一份以速度为关键的任务. 我认为要是{TEAM_TAR.FactionDef.Demonym}部队找到了目标，他们就会从被占领的研究设施调集增援.
Commander, this is straight-up suicide. I don't normally countermand your orders but you're sending our MechWarriors to their doom here, rethink this!	指挥官，这简直是自杀. 我通常不会违抗你的命令，但你这是在把我们的机甲战士送上死路，请重新考虑!
Commander, this isn't likely to be resolved by one dead diplomat. Situations like this are good for repeat business.	指挥官，单靠除掉一名外交官无法根本解决问题. 这类局势反而能带来持续的合作机会.
Commander, this looks like the last staging area before we reach the primary target. Your endurance is appreciated, but this is not yet over. The infernal machine fights on.	指挥官，这似乎是抵达主要目标前的最后一个集结区了。感谢你的坚持，但事情还没结束。那台地狱般的机器仍在战斗。
Commander, this mission is... insane. And I don't say that lightly. We're going to take a serious beating on this one.	指挥官，这个任务......太疯狂了. 我不是随便说的. 这次我们可要吃大亏了.
Commander, this mission should be simple. A {TEAM_TAR.FactionDef.Demonym} noble is participating in a patrol, as a show of support for the troops. She's insisted on using her ancestral family 'Mech, which is a Cicada CDA-2A. This should make eliminating her quite easy. Recognizing the danger, her handlers have sent along an extremely heavy supporting lance. If you're quick, and aggressive, you should be able to destroy her little Cicada before her escorts can react.	指挥官，这个任务应该很简单. 一名{TEAM_TAR.FactionDef.Demonym}贵族正在进行巡逻，以示对部队的支持. 她坚持使用家族传承的机甲，一部“知了”CDA-2A. 这让消灭她变得相当容易. 但考虑到危险，她的随行人员带来了一支非常强大的支援小队. 如果你行动迅速、攻势凌厉，应能在她的护卫反应过来之前摧毁她的小“知了”.
Commander, this seems like a rough fight. We'll be the shield that blocks the head of the spear. If any support units do make a showing, only engage if you're in a good position after dealing with the 'Mechs.	指挥官，这看起来将是一场激烈的战斗. 我们将充当挡在矛尖前的盾牌. 如果有任何支援部队出现，只有在你处理掉机甲并处于有利位置时，再与之交战.
Commander, this seems like a straight up duel. It's based in an established arena so I guess it's as good as we'll get to 'safe'.	指挥官，这看起来是一场纯粹的决斗。它设在既有的竞技场里，所以我想这已经是我们能接近“安全”的极限了。
Commander, this should be a pretty simple smash and run job. I expect {TEAM_EMP.FactionDef.Name} would do it themselves, but don't want to be blamed for the destruction of the goods. That's in our wheelhouse.	指挥官，这应该是一个相当简单的“破坏然后逃跑”工作. 我估计{TEAM_EMP.FactionDef.Name}本想亲自做这件事，但又不想因为摧毁了货物而受到指责. 那是我们擅长的事.
Commander, this smells political, and that makes me nervous. I suggest we go in, take care of the convoy, and get out again, without too many questions. There's a bonus from {TEAM_EMP.FactionDef.ShortName} if we clean up all the enemy forces, but that's up to you.	指挥官，这事带有政治意味，让我有些紧张. 我建议我们直接行动，处理车队，然后再离开，不要引发太多问题. 如果我们清理掉所有敌军，{TEAM_EMP.FactionDef.ShortName}会有额外奖励，但是否这样做由你决定.
Commander, this will be grueling. Swap out pilots when you can.	指挥官，这会很折磨人。有机会就轮换机师。
Commander, this won't be an easy task. We're going up against a well-defended enemy stronghold, and we may be outnumbered and outgunned. But if you think it's worth the risk, we'll do our best to succeed.	指挥官，这不会是件容易的事。我们要对付一座防御良好的敌方要塞，而且可能在数量与火力上都处于劣势。但如果你认为值得冒险，我们会尽力成功。
Commander, we can expect to face experienced pilots in elderly 'Mechs and vehicles. But be careful; there could be more of these 'bandits' than {TEAM_EMP.FactionDef.Name} is letting on.	指挥官，我们能预料到要面对有经验的机师开着老式机甲和车辆. 但要小心; 可能这伙人要比{TEAM_EMP.FactionDef.Name}透露的还多.
Commander, we can't underestimate these old-timers, but fortunately we can expect poorly maintained 'Mechs. Finish them quickly.	指挥官，我们不能低估这帮老家伙，但所幸他们那些机甲保养不善. 迅速解决掉他们.
Commander, we have a developing situation and need an unorthodox solution, which we're hoping your team can provide. Six hours ago, a heavily-armed {TEAM_TAR.FactionDef.Demonym} strike force landed near one of our research facilities and took control of it. That facility is stuffed with critical intelligence and research data, all of which is being accessed and transmitted off-planet right now. We simply don't have enough local firepower to dislodge them. We've got a plan, though. We're going to bait a third party into helping us destroy the base and its intel. You're the bait.	指挥官，我们遇到一个正在发展的事态，需要非常规的解决方案. 希望你的团队能提供帮助. 六个小时前，一支全副武装的{TEAM_TAR.FactionDef.Demonym}突击队降落并控制了我们的一处研究设施. 该设施内存有至关重要的情报和研究数据，目前正在被访问并向外传输. 我们当地的兵力不足以将其夺回. 但我们有个计划——我们要引诱第三方来帮我们摧毁该基地及其数据. 而你们就是那个诱饵.
Commander, we have another agent trying to safely return to base. We need you to retrieve and deliver them to us. The agent's knowledge is crucial to providing us with strike coordinates.	指挥官，我们又有一名特工正试图安全返回基地。我们需要你去接应他们并把人交给我们。这名特工掌握的情报对提供打击坐标至关重要。
Commander, we need an immediate deployment.  We've been in pursuit of a {TEAM_TAR.FactionDef.Demonym} terrorist for months, and we've finally tracked them to this planet.  They've gone to ground but earlier today one of our orbital units spotted them moving on the surface.  This is the first verified sighting we've had of the target, and we want you to bring them down immediately, before they're able to slip away again.  There hasn't been time to do a full survey of the AO, so you'll be going in blind.	指挥官，我们需要紧急部署. 数月来我们一直在追捕一群{TEAM_TAR.FactionDef.Demonym}恐怖分子，最终我们追踪到了这颗行星. 他们虽然已经潜伏，但今天早些时候，我们的一支轨道部队发现他们在地面上移动. 这是我们首次确认目标出现，我们希望你立即将其击毙，以防他们再次逃脱. 对作战区域还来不及进行全面勘察，你们需要在无预警状态下介入.
Commander, we need an immediate deployment. We've been in pursuit of a {TEAM_TAR.FactionDef.Demonym} terrorist for months, and we've finally tracked them to this planet. They've gone to ground but earlier today one of our orbital units spotted them moving on the surface. This is the first verified sighting we've had of the target, and we want you to bring them down immediately, before they're able to slip away again. There hasn't been time to do a full survey of the AO, so you'll be going in blind.	指挥官，我们需要紧急部署. 数月来我们一直在追捕一群{TEAM_TAR.FactionDef.Demonym}恐怖分子，最终我们追踪到了这颗行星. 他们虽然已经潜伏，但今天早些时候，我们的一支轨道部队发现他们在地面上移动. 这是我们首次确认目标出现，我们希望你立即将其击毙，以防他们再次逃脱. 对作战区域还来不及进行全面勘察，你们需要在无预警状态下介入.
Commander, we need an immediate deployment. We've been in pursuit of a {TEAM_TAR.FactionDef.Demonym} terrorist for months, and we've finally tracked them to this planet. They've gone to ground but earlier today one of our orbital units spotted them moving on the surface. This is the first verified sighting we've had of the target, and we want you to bring them down immediately, before they're able to slip away again. There hasn't been time to do a full survey of the AO, so you'll be going in blind.<b><color=#e20000>[WARNING: Zombies]</color></b>	指挥官，我们需要立即部署。我们追缉一名{TEAM_TAR.FactionDef.Demonym}恐怖分子已有数月，终于追踪到这颗行星。他们已转入地下，但今天早些时候我们一个轨道单位发现他们在地表活动。这是我们首次确认目击目标，我们希望你能立即将其拿下，别让他们再次溜走。时间不够对行动区域做完整勘测，所以你会盲飞进去。<b><color=#e20000>[警告：丧尸]</color></b>
Commander, we need your assistance in fending off an attack on one of our facilities. This base is a critical logistical center for us, primarily for food and medicine; if we lose it, our forces in the region will be hamstrung. A major {TEAM_TAR.FactionDef.Demonym} strike force has deployed to the region, and we've just gotten word that they've seized an auxiliary base near the logistics facility, and are using it as a staging point for a further assault. We need you to level that auxiliary base and cut off their offensive.	指挥官，我们需要你的帮助来保卫我们的一处设施. 该基地是我们重要的后勤中心，主要储存食品和药品. 如果失守，我们在该地区的部队将陷入瘫痪. 一支{TEAM_TAR.FactionDef.Demonym}的主力突击队已部署到该区域. 我们刚接到消息，他们占领了后勤设施附近的一个辅助基地，并将其作为进一步进攻的集结地. 我们需要你摧毁那个辅助基地，切断他们的攻势.
Commander, we perform a substantial amount of scientific research here in {TGT_SYSTEM.Name}. {TEAM_TAR.FactionDef.Demonym} forces have been sabotaging our research stations, stretching our defenses thin. We need you to To deliver Military gear to the facility where she's stationed to insure her safety.	指挥官，我们在{TGT_SYSTEM.Name}进行着大量科学研究. {TEAM_TAR.FactionDef.Demonym}部队一直在破坏我们的研究站，使我们的防御力量捉襟见肘. 我们需要你向驻地设施运送军用装备，以确保她的安全.
Commander, we perform a substantial amount of scientific research here in {TGT_SYSTEM.Name}. {TEAM_TAR.FactionDef.Demonym} forces have been sabotaging our research stations, stretching our defenses thin. We've just learned that their ultimate target is a key scientist in our weapons development program. They've launched an assault that we believe is intended to capture her. We need you to reach the facility where she's stationed and extract her to safety.	指挥官，我们在{TGT_SYSTEM.Name}进行了大量的科学研究. {TEAM_TAR.FactionDef.Demonym}军队一直以来都在破坏我们的研究站，削弱我们的防御. 我们刚刚获悉，他们的最终目标是我们武器开发计划中的一名关键科学家. 他们已经发动了一场袭击，意图将她俘获. 我们需要你前往她所在的设施，将她撤往安全地带.
Commander, we should expect heavy resistance. We might get a shot at the officer alone but his guard and support units won't be far off. You'll have to either strike hard and fast then bug out, or bring enough firepower for everyone.	指挥官，我们将遭遇顽强抵抗. 或许有机会单独狙击那名军官，但其卫队和支援单位就在附近. 要么迅猛突击后立即撤离，要么就带上足以消灭所有人的重火力.
Commander, we were tracking a {TEAM_TAR.FactionDef.Demonym} Leopard DropShip through this region when we lost its signal. Orbital scans suggest the ship made landfall here on {TGT_SYSTEM.Name}, probably hoping to go to ground and hide the military lance it was carrying. It would be convenient if that lance were to disappear, and {TEAM_EMP.FactionDef.Demonym} analysts believe they've isolated the area the target lance is trying to hide in.	指挥官，我们在本区域追踪一艘{TEAM_TAR.FactionDef.Demonym}的豹式空投艇时失去了信号. 轨道扫描显示这艘船降落在了{TGT_SYSTEM.Name}，也许是希望让其搭载的机甲小队隐蔽起来. 如果这支小队消失那就方便了，{TEAM_EMP.FactionDef.Demonym}的分析人员相信他们已经锁定了目标小队可能藏身的区域.
Commander, we'll get paid whether or not we find anything, so this could be a very profitable trip.	指挥官，无论我们有没有找到目标，都会得到报酬，所以这可能是一趟非常赚钱的行动.
Commander, we're planning a joint patrol operation with our allies in a dangerous region of the planet. We're expecting trouble, but these joint exercises are part of a larger diplomatic effort and it's critical that they succeed. We'd like you to provide some additional firepower to ensure that both our lance and our allied lance complete the patrol and evac intact. We're expecting major enemy resistance so plan for a heavy drop.	指挥官，我们正计划在这颗行星的一处危险区域和盟友进行一次联合巡逻行动. 我们预计会有麻烦，但这些联合演习是个更大的外交事务的一部分，它们的成功非常重要. 我们需要你提供一些额外的火力，确保我们和盟友的小队能完成巡逻并安然撤离. 我们估计敌军的抵抗会较为激烈，所以请计划好一场重型空投.
Commander, we're prepared to start our assault on the ComStar facility. Before we make our move, we need you to take out that military base, so that DEST can't coordinate a response. Once that base is rubble, give us the all clear. Then we'll commence our attack, break in there, and broadcast the signal to Tor.	指挥官，我们已准备对ComStar设施发动突击. 但首先你必须摧毁那座军事基地，这样DEST就无法协调反应. 一旦基地变成废墟，给我们发出信号. 届时我们将展开进攻，突破防线，并向Tor广播信号.
Commander, we're preparing a series of operations on {TGT_SYSTEM.name}. However, before we can begin, we need a secure lodgement to bring military units and supplies down to the surface. We've identified a {TEAM_TAR.FactionDef.Demonym} military facility that will be ideal for our purposes. We need you to land a strike force, capture the facility, and hold it until we can bring down our people to secure the location. Because this operation is covert and on an extremely tight schedule, you'll be inserting with no topographical intel.	指挥官，我们正在准备{TGT_SYSTEM.name}上的一系列军事行动. 但首先需要一个安全的前沿基地，用来将军事单位和补给投送到地表. 我们已经确定一座{TEAM_TAR.FactionDef.Demonym}军用设施适合我们的目的. 我们需要你空降一支打击部队，夺取这座设施，并坚守到我们的人过来确保这一地区的安全. 由于此次行动是秘密进行且时间非常紧迫，部队将在缺乏地形情报的情况下实施空降.
Commander, we're starting our assault. As soon as we take out the Combine military base, the Kuritans will lose their ability to coordinate a response. That's your cue to move in and capture the ComStar facility, shut down the jamming gear DEST set up there, and get our signal broadcasting. We've got a pretty big window before Tor leaves again, so the only hurry is that our DEST friends aren't going to sit on their hands after we start shooting at them.	指挥官，我们开始进攻. 一旦端掉联合体的军事基地，栗田家将丧失协调反击的能力. 然后你必须介入并接管ComStar设施，关闭DEST设置的干扰装置，让我们的信号能够广播出去. 在Tor再次离开之前，我们有相当大的时间窗口，唯一要注意的是DEST那帮人绝不会放任不管.
Commander, we're trying to safely transport injured personnel to one of our facilities on {TGT_SYSTEM.Name}. Unfortunately, satellite surveillance has shown {TEAM_TAR.FactionDef.Demonym} units operating in the region we're expecting to move our medical convoy through. We need a mercenary lance to sweep the area and eliminate any {TEAM_TAR.FactionDef.Demonym} units. Please think of this contract as a mission of mercy.	指挥官，我们正在尝试将受伤人员安全转移到位于{TGT_SYSTEM.Name}上的一处设施. 不幸的是，卫星监控显示有{TEAM_TAR.FactionDef.Demonym}的部队在我们计划经过的区域内活动. 我们需要一支佣兵小队清扫这片区域，消灭所有的{TEAM_TAR.FactionDef.Demonym}单位. 请将这份合约视为一次仁慈之举.
Commander, we've been tracking a {TEAM_TAR.FactionDef.Demonym} lance moving through a contested area on the planet's surface. A few hours ago, our scouts reported another lance, of unknown allegiance, on an interception course. We suspect a fight is brewing, and we'd like you to act as a spoiler. Eliminate the {TEAM_TAR.FactionDef.Demonym} lance, and the unknown ambushers as well. We don't want to leave any witnesses.	指挥官，我们追踪到一支{TEAM_TAR.FactionDef.Demonym}机甲小队正在穿越行星表面的一个争议地区. 几个小时前，我们的侦察兵报告有另一支身份不明的小队正截击而来. 我们怀疑一场战斗即将爆发，而我们希望你充当搅局者. 消灭这支{TEAM_TAR.FactionDef.Demonym}小队，以及那些身份不明的伏击部队. 我们不想留下任何目击者.
Commander, we've got a priority target for you. An elite {TEAM_TAR.FactionDef.Demonym} lance has just been spotted by our orbital surveillance, out in the open and without any local support. What's more, they've got significant damage from a previous battle. This is an opportunity for us to severely weaken opposition forces on this planet, but we have no forces in range to make the strike. We need you to engage and destroy this lance.	指挥官，我们有个优先目标给你. 一支精锐{TEAM_TAR.FactionDef.Demonym}小队被我们的轨道监视侦测到，就在露天，而且没有任何当地支援. 而且，他们在上次战斗中受到了不少的损伤. 这是我们的机会，狠狠地削弱这个星球上的敌军，但我们在范围之内没有部队能完成这次打击. 我们需要你同这支小队交战并将之摧毁.
Commander, we've got a promising lead on one of the enemy's commanding units. Oh, the possibilities for what we could learn from taking them down! Let's make it happen.	指挥官，我们找到了一条很有希望的线索，指向敌军的一支指挥单位。哦，干掉他们能让我们学到的东西，可能性太多了！让我们把它变成现实。
Commander, we've just received a distress signal from one of our facilities on the planet. A team of {TEAM_TAR.FactionDef.Demonym} terrorists have seized control of the primary base, executed the base commander, and subverted the base's defense systems. Satellite imagery tells us they're preparing for an assault on the secondary base. We need a rapid response force to eliminate their assault team, and level the seized base. Our own forces are inbound but won't get there in time to save the secondary base.	指挥官，我们刚收到来自行星上一处设施的求救信号. 一队{TEAM_TAR.FactionDef.Demonym}恐怖分子已经控制了主基地，处决了基地指挥官，并篡改了基地的防御系统. 卫星图像显示，他们正在准备对次级基地发动攻击. 我们需要一支快速反应部队，消灭他们的突击队，并将被占领的基地夷为平地. 我方部队正在赶来，但无法及时赶到救援次级基地.
Commander, while I imagine they will fire at targets of opportunity you shouldn't rely on support from our employer's lance. They'll be making a bee line for their extraction point.	指挥官，虽然我猜想他们会攻击出现在眼前的任何目标，但您不应指望能从我方雇主的小队那里获得支援. 他们会直奔撤离点而去.
Commander, while there's a lot of fighting in the region, the supply depot is well behind the current front lines. I can't help but be suspicious about their 'no intel' claim.	指挥官，尽管该地区战斗频繁，这个补给站却远在当前前线的后方. 我不得不怀疑他们“没有情报”的说法.
Commander, you have to get to the target area, get the flag and extract. Or eliminate all the opposition.	指挥官，您必须抵达目标区域，夺取旗帜并撤离. 或者消灭所有敌人.
Commander, you've been referred to us for your reputation for discretion and efficiency. The job is as follows: we need you to help us break the Queen out of jail. Then extract her from the area safely.	指挥官，你因谨慎高效的声名被推荐给我们。任务如下：我们需要你帮我们把女王从监狱里弄出来。然后把她安全撤离该地区。
Commander, you've been very active. Active and successful. We're developing a new type of BattleMech simulator and we need new and improved data. Sound interesting? Good, because we want to analyse how you fight {TEAM_TAR.FactionDef.Demonym} forces. We've arranged for an ex-{TEAM_TAR.FactionDef.Demonym} pilot to fight you for a data gathering exercise. What do you say? You'll be well rewarded.	指挥官，你一直非常活跃，而且战绩斐然. 我们正在开发一种新型战斗机甲模拟器，需要更新、更完善的数据. 听起来有兴趣? 很好，因为我们想分析你如何对抗{TEAM_TAR.FactionDef.Demonym}部队. 我们已经安排了一名前{TEAM_TAR.FactionDef.Demonym}机师与你交战，作为数据收集演习. 你意下如何? 你将获得丰厚的报酬.
Commander, {TEAM_EMP.FactionDef.Demonym} surveillance teams have picked up what we believe to be the signature of an active patrol of {TEAM_TAR.FactionDef.Demonym} 'Mechs engaging in reconnaissance near the borders of our holdings on this planet. This is technically not a violation of our sovereignty but it's clearly provocative. We need you to send a message, by destroying the patrol 'Mechs. Should you encounter any other {TEAM_TAR.FactionDef.Demonym} units, there will be a bonus for destroying those as well.	指挥官，{TEAM_EMP.FactionDef.Demonym}的侦察小组发现了一个信号，我们相信这是一支{TEAM_TAR.FactionDef.Demonym}机甲巡逻队的活动迹象，他们正在本星球我方领地边界附近进行侦察活动. 技术上讲这不算侵犯我们的主权，但显然具有挑衅性质. 我们需要你摧毁巡逻队的机甲，从而传递一个明确的警告讯息. 如果你遇到其他的{TEAM_TAR.FactionDef.Demonym}单位，摧毁它们将获得额外奖励.
Commander, {TEAM_EMP.FactionDef.Name} is tracking an extremely heavy 'Mech with {TEAM_TAR.FactionDef.Demonym} heraldry. This provocation is almost certainly bait for a trap; we'd like you to spring this trap. Engage the heavy 'Mech, intercept the forces {TEAM_TAR.FactionDef.Name} sends to defend it, and destroy all of them.	指挥官，{TEAM_EMP.FactionDef.Name}正在追踪一台带有{TEAM_TAR.FactionDef.Demonym}纹章的超重型机甲. 几乎可以确定这台机甲是诱饵陷阱；我们希望你能触发这个陷阱. 与这台重型机甲交战，拦截{TEAM_TAR.FactionDef.Name}派来保护它的部队，并将所有敌军彻底消灭.
Commander, {TEAM_EMP.FactionDef.Name} isn't kidding about that non-tampering clause. The contract includes twenty pages of protocol for handling the sample cases we'll be Delivering.	指挥官，{TEAM_EMP.FactionDef.Name}对那份严禁擅自拆封的条款可不是闹着玩的. 合约里包含了足足二十页的规程，专门针对我们将要运送的那些样本箱.
Commander, {TEAM_EMP.FactionDef.Name} isn't kidding about that non-tampering clause. The contract includes twenty pages of protocol for handling the sample cases we'll be recovering.	指挥官，{TEAM_EMP.FactionDef.Name}对“禁止擅自处理”条款可不是开玩笑. 合约中包含20页关于我们将要回收的样本箱处理规范的内容.
Commander, {TEAM_EMP.FactionDef.Name} isn't kidding about this being an ambitious target. Expect serious, well-armed resistance. This will not be easy.	指挥官，{TEAM_EMP.FactionDef.Name}说“极具挑战性”可不是在开玩笑. 预计会有装备精良的、激烈的抵抗. 此次行动绝不轻松.
Commander, {TEAM_EMP.FactionDef.ShortName} needs this cleaned up quietly. Our intel shows the former commander has more loyal units than our employers will admit. This fight could escalate quickly, so stay alert.	指挥官，{TEAM_EMP.FactionDef.ShortName}希望这件事能悄悄解决. 我们的情报显示，这位前任指挥官掌握的忠诚部队比雇主所承认的要多得多. 这场战斗可能会迅速升级，请保持警惕.
Commander, {TEAM_TAR.FactionDef.Demonym} forces have always been a bother, always claiming to be superior to ours. So we arranged for a Trial of Grievance against {TEAM_TAR.FactionDef.Demonym}, and bargined for you to fight on our behalf as a slight to them. They're enraged at the implications of this, and we're more than happy to exploit it for ourselves. For the Glory of the Clan, show {TEAM_TAR.FactionDef.Demonym} that even our hired mercenaries are stronger than they are.	指挥官，{TEAM_TAR.FactionDef.Demonym}部队一直都是个麻烦，总是声称自己比我们更优越. 因此，我们安排了一场针对{TEAM_TAR.FactionDef.Demonym}的争议审判 (Trial of Grievance)，并协商让你代表我们出战，以此羞辱他们. 他们对这一暗示感到愤怒，而我们非常乐意利用这一点为自己谋利. 为了氏族的荣耀，向{TEAM_TAR.FactionDef.Demonym}证明，就连我们雇佣的佣兵也比他们更强.
Commander, {TEAM_TAR.FactionDef.Demonym} leadership has been taking an increasingly hard line against {TEAM_EMP.FactionDef.Demonym}-affiliated corporate interests in the Rimward Periphery; {TEAM_TAR.FactionDef.Demonym} leadership has recently authorized the military interdiction of assets and resources from our corporate affiliates. Their behavior is tantamount to theft, and cannot go unpunished. We need you to send a message back to them by destroying one of their munitions factories on {TGT_SYSTEM.name}.	指挥官，{TEAM_TAR.FactionDef.Demonym}领导层在缘向外围对{TEAM_EMP.FactionDef.Demonym}下属企业的利益集团采取了越来越强硬的立场; 最近，{TEAM_TAR.FactionDef.Demonym}领导层甚至授权军方对我们公司附属机构的资产和资源进行查扣. 这种行为无异于盗窃，必须予以惩罚. 我们需要你摧毁他们在{TGT_SYSTEM.name}的一座军工厂，以此回敬他们一个信息.
Commander, {TEAM_TAR.FactionDef.Name} has arranged for a holo-vid celebrity to visit {TGT_SYSTEM.name} in the hopes of rallying the morale of the local citizens. This is an opportunity for {TEAM_EMP.FactionDef.Demonym} psy-ops to instead make them understand how dangerous the region really is. Deploy your lance, find the target, eliminate him. Destroy his bodyguards if you feel so inclined.	指挥官，{TEAM_TAR.FactionDef.Name}已经安排一位全息影视明星前往{TGT_SYSTEM.name}，以提升当地民众的士气. 这正是{TEAM_EMP.FactionDef.Demonym}心理战部队发挥作用的好机会，让他们真正明白这片区域有多危险. 派出你的小队，找到目标，消灭他. 如果你想的话，也可以一并消灭他的护卫.
Commander, {TEAM_TAR.FactionDef.ShortName} wouldn't send a dropship if they didn't mean business. So if we take this job, we should stay alert down there.	指挥官，{TEAM_TAR.FactionDef.ShortName}要是不打算来真的，是不会派出空投艇的. 所以如果我们接下这份任务，在地面上就必须保持警惕.
Commander. Your lance versus the Galaxy Commander, and whatever reinforcements he dares to call. Free this world!	指挥官。你的分队对上星系指挥官，以及他敢叫来的任何增援。解放这颗行星！
Contravening all decency and acceptable behavior on the battlefield, {TEAM_TAR.FactionDef.Name} has been targeting our hospitals and medical supplies. We're seeking to redistribute our supplies to safer locations, but one convoy remains without a proper escort. That's where you come in. While {TEAM_TAR.FactionDef.Demonym} forces will be stretched thin, attempting to intercept all of our separate shipments, you can expect that this one will not go unnoticed.	{TEAM_TAR.FactionDef.Name}在战场上的行为丝毫称不上得体，它一直把我们的医院和医疗物资作为目标. 我们正计划将物资转移到更安全的地点，但还有一支车队缺乏合适的护卫. 这就是你的任务所在. 尽管{TEAM_TAR.FactionDef.Demonym}部队将因试图拦截我们所有分散的运输而摊开，你可以预料这支车队不会被忽视.
Contravening all decency and acceptable behavior on the battlefield, {TEAM_TAR.FactionDef.Name} has been targeting our hospitals and medical supplies. We're seeking to redistribute our supplies to safer locations, but one convoy remains without a proper escort. That's where you come in. While {TEAM_TAR.FactionDef.Demonym} forces will be stretched thin, attempting to intercept all of our separate shipments, you can expect that this one will not go unnoticed.<b><color=#e20000>[WARNING: Zombies]</color></b>	违背战场上一切体面与可接受的行为，{TEAM_TAR.FactionDef.Name}一直在把目标对准我们的医院与医疗物资。我们正设法把补给重新分配到更安全的地点，但有一支车队还没有适当护卫。这就需要你了。虽然{TEAM_TAR.FactionDef.Demonym}部队会因试图拦截我们所有分开的货运而被摊薄，但你可以预料这一批不会无人注意。<b><color=#e20000>[警告：丧尸]</color></b>
Corbu's time-share is in a civilian housing development, not a military base. We're gonna have to hustle if we want to protect it.	Corbu的分时产权在民用住宅区，而不是军事基地. 我们要是想保护它，动作就得快点了.
Darius is pretending he has useful advice to offer.	达里乌斯正在假装自己有什么有用的建议可提。
Davion has no way of knowing we abandoned the stasis tubes. If it were me, I'd be doing everything I could to torch the convoy, too.	戴维恩不可能知道我们已经放弃了静滞舱. 如果是我，我也会不惜一切代价焚烧车队.
Davion's got to know what's on those vehicles by now. If it were me, I'd be trying to torch them at this point, too.	戴维恩现在肯定已经知道那些车上装的是什么了. 如果我是你，到了这个地步也会想放火烧掉.
Defending two assets at the same time, fun times.	同时防守两处资产，真有意思。
Depending on what's being produced there, this could be simple, or it could be terrifying. I wish I could be more specific, but our employers don't even know who we're fighting.	根据那里生产的东西，这可能很简单，也可能很可怕. 我也希望能更具体一些，但我们的雇主甚至不知道我们究竟在和谁作战.
Depending on what's being produced there, this could be trivial or terrifying. I wish I could be more specific, but our employers don't even know who we're fighting.	根据那里生产的东西，这可能微不足道，也可能很可怕. 我也希望能更具体一些，但我们的雇主甚至不知道我们究竟在和谁作战.
Descend on the Flak Jackals and punch a hole in their lines. Make them pay for the Federation citizens they've killed, Commander—it is imperative that this pirate filth learn the cost of crossing the Federated Suns.	突袭高炮豺狼，在他们防线上打穿一个洞。让他们为杀害的联邦公民付出代价，指挥官——必须让这些海盗渣滓明白冒犯联邦太阳的代价。
Desperation is good for business. I'd guess a broken cease-fire means we're likely to encounter military units on our way to the pickup; stay alert, Commander.	铤而走险对生意有好处. 我猜停火协议的破裂意味着我们可能会在接应的路上遇到军队; 保持警惕，指挥官.
Don't underestimate the Schrek, Commander. It's tough as hell and carries three PPCs, and has the heat capacity to fire them non-stop.	别低估“史瑞克”，指挥官. 它装甲坚固，配备3门粒子加农炮，且散热系统能支持持续射击.
Drive a Wedge, Secondary Line, Attacking the Hammer, Strenghtening Anvil Response are classic military tactics to break this kind of engagement; choose or adapt what you require, Commander.	楔入突击、二线部署、攻击铁砧、加固应对是打破这类交战的经典军事战术；指挥官，按需选择或调整吧。
Drop is looking good, should see our target shortly.	投放看起来不错，很快就能看到我们的目标。
Due to logistical issues we have only a single heavy air asset to task with the destruction of an isolated enemy force. We'd like to hire you to fill out the unit and temporarily place our asset under your control. Arrangements like this have generally worked well for us in the past, however our liability department insists on a deposit of 50% of your negotiated compensation for the safe return of our aircraft. We realize that losses are the reality of combat, but unfortunately some commanders are less than careful with units not regularly attached to their company. I'm sure you can understand our position.	由于后勤问题，我们仅有一架重型空中单位可用于摧毁一支孤立的敌军部队. 我们想雇佣你们来补足编制，并将我们的单位暂时交由你们指挥. 这类安排在过去通常效果不错，但我们的法务部门坚持要求，为确保我方航空器安全返回，需暂扣你们协商报酬的 50% 作为押金. 我们明白战斗损失在所难免，但遗憾的是，有些指挥官对待非本连队常备单位时确实不够上心. 相信你们能理解我们的立场.
Embarrassing to have an enemy stealing data right out from under your nose. I'm guessing the opfor won't have had time to get any of the facility defenses online, so at least there won't be turrets.	让一个敌人在你的鼻子底下窃取数据是很尴尬的. 我猜敌军没时间让该设施的防御力量上线，所以至少不会有炮台.
Even if we can't cut the head off the Emerald Dawn, we should be able to inflict a lot of damage.	即便无法斩断翡翠黎明的首脑，我们仍能对其造成重创.
Even though {TEAM_TAR.FactionDef.Name} supposedly believes the facility is 'undefended', I'm still expecting a stand-up fight, Commander.	尽管据说{TEAM_TAR.FactionDef.Name}认为该工厂是“不设防的”，但我仍然认为会有一场硬仗，指挥官.
Even with a portion of Dobrescu's sentries out chasing shadows in the Museum District, the Ziegelhaus will be heavily defended. You'll need to hit the structure hard, while at the same time protecting Militia HQ from an expected Steiner counterattack. Good hunting, Commander. Show Hauptmann-General Dobrescu that his excesses will not be tolerated.	即便多布雷斯库的部分驻军正被博物馆区的佯动牵制，砖房仍守备森严. 你需以重火力强攻该建筑，同时提防施泰纳部队预期中的反扑，确保民兵总部无恙. 祝狩猎顺利，指挥官. 让霍普特曼·多布雷斯库将军明白，他的暴行绝不会被姑息.
Every month, {TEAM_TAR.FactionDef.Name} sends out another supply convoy loaded with military hardware and valuable electronics. They guard it heavily, so we're not asking you to hit the main force; no sense in throwing away good mercenaries. Instead we want you to pick off the tail end of the convoy. The cargo isn't as valuable as what they send out in the vanguard, but it won't be as heavily defended. Take the convoy out, and we'll send in our people to grab whatever's still intact. We don't really want to get shot at, so we'll pay a bonus if you take out all the defenders, as well.	每个月，{TEAM_TAR.FactionDef.Name}都会派出一支装满军用物资和贵重电子设备的补给车队. 他们防守严密，所以我们并不打算让你攻击主力部队; 没必要白白牺牲优秀的佣兵. 相反，我们想让你掐掉车队的尾部. 尾部的这些货物虽然不如前列的那样有价值，但也不会有重兵把守. 拿下车队后，我们会派人去回收那些还完好的物资. 我们真的不想挨枪子，所以如果你能顺便消灭所有护卫部队，我们会额外支付奖金.
Every year around this time on {TGT_SYSTEM.name}, we host an Trial of Position for the Sibkos. This year, we would like you to be the opening match. Your duo duel is against {TEAM_TAR.FactionDef.ShortName}. Don't let our young warriors defeat you to badly.	每年大约在这个时候，我们都会在{TGT_SYSTEM.name}为训练群举办一场定位试炼. 今年，我们希望你们能作为开场赛. 你们的双人决斗将对阵{TEAM_TAR.FactionDef.ShortName}. 别让我们的年轻战士赢得太轻松.
Every year we {TEAM_EMP.FactionDef.Demonym}s in {TGT_SYSTEM.name} continue a historic procedure with the local {TEAM_TAR.FactionDef.Demonym}s. We both field mercenaries and whoever wins claims a years worth of good food and fine wines. Our usual mercenaries who help us were recently and unexpectedly wiped out by a failed jumpship jump, so we've come to you for help.	每年，我们这些位于{TGT_SYSTEM.name}的{TEAM_EMP.FactionDef.Demonym}都会与当地的{TEAM_TAR.FactionDef.Demonym}继续进行一项历史悠久的传统. 双方都会派出雇佣兵参战，获胜的一方将赢得一整年的美食和佳酿. 一直以来帮助我们的雇佣兵最近因一次失败的跃迁事故而意外全军覆没，所以我们前来寻求你们的帮助.
Every year {TEAM_EMP.FactionDef.Demonym} in {TGT_SYSTEM.name} continues a historic tradition with {TEAM_TAR.FactionDef.Demonym}. We both field mercenaries in a Trial of Possession, and whoever wins claims a year's worth of good food and fine wines. Our usual mercenaries who help us were recently and unexpectedly wiped out by a misjump, so we have come to you for help.	每年，{TGT_SYSTEM.name}中的{TEAM_EMP.FactionDef.Demonym}都会与{TEAM_TAR.FactionDef.Demonym}延续一项历史传统. 双方都会派遣佣兵参加一场夺取审判 (Trial of Possession)，获胜者将获得一整年的美食和美酒. 一直帮助我们的常用佣兵最近因一次意外的跃迁故障而全军覆没，因此我们只能前来寻求你们的帮助.
Expect Some of the Mercs to be less than honest.	预料部分佣兵不会那么诚实。
Expect some of the Mercs to be less than honest.	预料部分佣兵不会那么诚实。
Expect sustained attacks from {TEAM_TAR.FactionDef.Name}	预期{TEAM_TAR.FactionDef.Name}会持续进攻
FINAL of the Solaris Assault Tank Championship. 	索拉里斯突击坦克锦标赛决赛。
FINAL of the Solaris Heavy Championship. 	索拉里斯重型锦标赛决赛。
FINAL of the Solaris Heavy Tank Championship. 	索拉里斯重型坦克锦标赛决赛。
FINAL of the Solaris Light Championship. 	索拉里斯轻型锦标赛的决赛。
FINAL of the Solaris Medium Championship. 	索拉里斯中型锦标赛决赛。
FINAL of the Solaris Medium Tank Championship. 	索拉里斯中型坦克锦标赛决赛。
Failure to preserve both facilities will be recorded as a failed contract regardless of enemy losses.	未能保住两处设施将被记录为合约失败，无论敌方损失如何。
Fifteen years ago we lost track of a facility here on {TGT_SYSTEM.name}, and {TEAM_EMP.FactionDef.Demonym} intelligence believed it had been permanently shut down. A month ago, an orbiting spy satellite picked up signs that the facility had been brought back online. Our current guess is that a {TEAM_TAR.FactionDef.Demonym} team was dispatched to bring the base back up to operational capacity. We'd rather not have sensitive radar backed by armed turrets and flak batteries aimed at the skies of {TGT_SYSTEM.name}. We'd like you to clear their team out and hold the facility while our own people land to scour it for useful intel.	15年前我们失去了{TGT_SYSTEM.name}这里一座设施的踪迹，{TEAM_EMP.FactionDef.Demonym}情报人员相信它已经被永久关闭了. 一个月前，一颗轨道间谍卫星探测了到这座设施重新上线的信号. 我们目前的猜测是有一支{TEAM_TAR.FactionDef.Demonym}被派去让这座基地恢复了运转能力. 我们不希望武装炮台和高炮组支持的灵敏雷达瞄准着{TGT_SYSTEM.name}的天空. 我们要你清除他们的队伍，在我们自己的人降落，搜索有用的情报之前守住设施.
For a fresh face you're blowing through expecations, Commander {COMMANDER.LastName}. More of the same, so keep at it and we'll make a champion of you yet!	作为一个新人，你的表现远超预期，指挥官{COMMANDER.LastName}。再接再厉，我们迟早会把你打造成冠军！
For months, we've had trouble with people here in {TGT_SYSTEM.name} being riled up by talk of insurrection, rebellion, independence.  Based on top {TEAM_EMP.FactionDef.Demonym} analysts' reports, we believe there's a {TEAM_TAR.FactionDef.Demonym} propagandist in the area, stirring up discontent.  We've set up a security net to capture her.  But we can't cover every possible exit from our net and could use an extra Lance of 'Mechs.  If she tries to slip through your assigned territory, turn her unit to slag.	几个月以来，我们在{TGT_SYSTEM.name}一直遇到麻烦，当地人被煽动去谈论叛乱、反抗、独立. 根据顶级{TEAM_EMP.FactionDef.Demonym}分析师的报告，我们相信有一名{TEAM_TAR.FactionDef.Demonym}宣传者正在此地活动，煽动不满. 我们已经布下了一张安全网来捕捉她. 但我们无法覆盖所有可能的突破口，因此需要额外的一支机甲小队. 如果她企图从你们负责的区域溜走，就把她的部队打成废铁.
For months, we've had trouble with people here in {TGT_SYSTEM.name} being riled up by talk of insurrection, rebellion, independence. Based on top {TEAM_EMP.FactionDef.Demonym} analysts' reports, we believe there's a {TEAM_TAR.FactionDef.Demonym} propagandist in the area, stirring up discontent. We've set up a security net to capture her. But we can't cover every possible exit from our net and could use an extra Lance of 'Mechs. If she tries to slip through your assigned territory, turn her unit to slag.	几个月以来，我们在{TGT_SYSTEM.name}一直遇到麻烦，当地人被煽动去谈论叛乱、反抗、独立. 根据顶级{TEAM_EMP.FactionDef.Demonym}分析师的报告，我们相信有一名{TEAM_TAR.FactionDef.Demonym}宣传者正在此地活动，煽动不满. 我们已经布下了一张安全网来捕捉她. 但我们无法覆盖所有可能的突破口，因此需要额外的一支机甲小队. 如果她企图从你们负责的区域溜走，就把她的部队打成废铁.
For weeks now, {TEAM_TAR.FactionDef.Demonym} forces have been scouting territory near {TEAM_EMP.FactionDef.Demonym}-controlled land. Previous surveys of this land shows nothing of interest, yet there they are. Whatever it is that they've found, we don't want them to have it. Go in there and destroy them.	过去几周里，{TEAM_TAR.FactionDef.Demonym}的部队一直在{TEAM_EMP.FactionDef.Demonym}控制的地区附近侦察. 以往对这片土地的勘测显示那里没有任何值得注意的东西，但现在他们偏偏在那里活动. 无论他们发现了什么，我们都不希望他们得到它. 去那里把他们全部消灭.
For your first deployment, you will rendezvous with Azura \"Cheval\" Damestroir of the Mitchel Planetary Militia. She and her lance have been scout-hunting in northern Gauthier's wealthy Museum District, and it appears that they've caught a Lyran scout. Assist her lance in defeating it, then proceed to your next rendezvous point.	首次部署任务中，你将与米切尔行星防卫军的“骑士”阿祖拉·戴米斯托尔中尉会合. 她的小队一直在高蒂尔北部的贵族博物馆区执行侦察猎杀任务. 目前似乎已咬住一架天琴侦察机甲. 请协助其小队歼灭目标，随后前往下一集结地点.
For your first deployment, you will take the field alongside Ombra and the rest of Bravo Lance. Together, you will sweep the AO for hostiles, eliminating any Capellan units you find along the way. Bravo Lance has endured a great deal of punishment over the past few months and will need your help to come through this deployment in one piece.	在你第一次出击时，你将与Ombra和Bravo小队的其他成员一起上战场. 你们将共同清扫敌军，消灭途中遇到的任何卡佩拉单位. Bravo小队在过去的几个月中承受了巨大的损失，这次任务将需要你的帮助，确保他们能顺利完成，并完好无损地回归.
Foreign forces have established a forward base on our territory. We need you to go in and destroy their invasion capabilities.	外军已在我们领土上建立前进基地。我们需要你突入并摧毁他们的入侵能力。
Forewarned is forearmed, sure, but it's still meant to be a trap. This could get dicey.	凡事有备无患，没错，但这终归是一个陷阱. 这可能要冒一些风险.
Forward base is a little misleading, Commander. I've heard rumours it's more a spy station. Let's go find out what's going on.	“前沿基地”这个说法可能有些误导，指挥官. 我听说传闻中它更像是一座间谍站. 我们去查清楚到底发生了什么.
Found another group of Traitors. Let's see if they know anything about where I can find Sybil.	又发现一群叛徒。看看他们知不知道我在哪儿能找到西比尔。
Frankly, Commander, I'm surprised you're not as frustrated and exhausted by this situation as I am; after all, you've had to be the boots on the ground, so to speak, of this entire farce. I've decided to forestall any possible future problems by literally bringing the big guns to bear on the situation. I have a military DropShip, the <i>Fujin</i>, waiting on station, and you're going to provide it with targeting information. Nephrite is in a fortified bunker, meeting right this moment with representatives from both Davion and Steiner. I'm tired of chasing them. Let's obliterate them instead.	我真的很想知道，这种情况不会像我一样让你沮丧和消耗，指挥官.毕竟，在整场闹剧中，你必须做腿部工作.我已经决定，绕过所有潜在问题，引入真正意义上的重型枪支. <i>Fujin</i>，一艘军用空投艇，处于待命状态，您将接管目标获取. Nephrite 在一个加固的掩体中，目前正在与戴维恩和施泰纳家族的代表会面.我不想再去打猎软玉了.相反，我建议彻底销毁.
From what I've heard, we're looking at a seasoned Solaris veteran, Commander. Make sure we're sending our best. We can't afford to pull punches here.	据我所知，我们要面对的是一位经验丰富的索拉里斯老手，指挥官。务必派出我们最好的人。这里可不能手下留情。
Front lines, Commander --- and there's serious cash on the table for taking these guys down.  Just remember: don't get dead before you collect.	前线，指挥官——而且干掉这些家伙有一大笔钱可赚. 记住: 在拿到钱之前别死掉.
Garrilac may seem like kind of a joke, but you shouldn't underestimate Mason's Marauders. I've heard stories about their effectiveness on the field.	加瑞拉克或许像个笑话，但你不该低估梅森的掠夺者. 我听过他们在战场上的威名.
Garrilac's lance is on the ground and waiting for you. Destroy them.	加瑞拉克的编队已着陆等候各位. 摧毁他们.
Get ready, {COMMANDER.FirstName}. Our 'Mechs are about to soak up a <i>lot</i> of incoming fire.	准备好，{COMMANDER.FirstName}. 我们的机甲即将承受<i>大量</i> 来袭火力.
Get ready, {COMMANDER.FirstName}. This is shaping up to be an interesting day.	做好准备，{COMMANDER.FirstName}. 这将是非常有趣的一天.
Get to Reflux Point! Don't forget to change into bike mode for Movement modifiers.	前往逆流点! 别忘了变换为机车模式以获得移动修正.
Gettin' this prison be goin ta be rough sailin'. I don't 'ave much faith that th' warden will 'ave any useful information anyway.	把这个监狱弄到手会是趟艰难的航行。我也不太相信那个典狱长会有什么有用的情报。
Getting food and medical supplies delivered is a very humanitarian goal.	把食物与医疗物资送到，是非常人道主义的目标。
Glad you could join us, Commander. The Local Government Leader has decided to try and take one of our bases. I want you to take these mechs and put them through their paces.	很高兴你能加入我们，指挥官. 当地政府首脑决定试图夺取我们的一处基地. 我要你驾驶这些机甲，让它们经历实战考验.
Glad you're still with us. Since setting up this outpost we have been constantly harassed by the Red Corsair and her pirate goons. They must be making a tidy profit since she can afford some seriously advanced technlogy. Let's protect the base and give our personnel a chance to recuperate	很高兴你还活着。自打建起这座前哨，我们就不断遭到红海盗和她的海盗喽啰骚扰。他们一定赚得盆满钵满，因为她买得起一些相当先进的技术。让我们守住基地，给手下人一个喘息的机会
Good day, Commander. Mission intelligence is as follows: conditions on the ground do not allow for dropping 'Mechs of heavy tonnage, or particularly large numbers of them. You're being tasked with deploying a fast strike force into a hostile zone. Bring the best you can squeeze into a small package.	日安，指挥官。任务情报如下：地面条件不允许投放重型吨位的机甲，也不允许投放特别多的数量。你的任务是把一支快速打击部队投放进一处敌意区域。在有限载荷内塞进你所能带的最好的东西。
Good evening, Commander. One of my minions has the details of the base that we would like removed. With prejudice. I need you to retrieve them.	晚上好，指挥官。我的一名手下手里有那座我们希望拆除的基地的详情——不留余地。我需要你去把它们取回来。
Good on you for being on the right side of this conflict, {COMMANDER.Callsign}… I know it couldn't have been an easy decision. And speaking of difficult matters, you're about to have a fight on your hands. House Liao has sent a detachment of 'Mechs to finish your job for you, and unfortunately, Razorback Company is no position to deal with 'em.	你能站在这场冲突正确的一方，值得称赞，{COMMANDER.Callsign}……我知道这个决定不容易。说到棘手的事——你马上就有仗要打了。廖氏家族派出了一队机甲来替你完成任务，可惜剃刀背连可没能力应付他们。
Good times, large explosions, maybe a plot twist. Sounds like a fun time.	好时光、大爆炸，也许还有个剧情转折。听着挺有意思。
Great now we are going to free an AI that has gone mad. Doesn't anyone take the holovid warnings from the late 20th century seriously.	好极了，现在我们要去释放一个已经疯掉的AI。难道没人把20世纪末那些全息影像警告当真吗。
Guerillas on {TGT_SYSTEM.name} are surprisingly well-armed and well-supplied, and {TEAM_EMP.FactionDef.Demonym} forces are taking unacceptable losses in recent engagements. We've tracked the weapons back to a hidden supply base operated by {TEAM_TAR.FactionDef.ShortName}. That base needs to be destroyed.	出乎意料的是，{TGT_SYSTEM.name}的游击队都是全副武装，补给齐全，而{TEAM_EMP.FactionDef.Demonym}部队在最近的交战中蒙受了难以接受的损失. 我们追踪武器追溯到了一座{TEAM_TAR.FactionDef.ShortName}运作的隐藏补给基地. 必须摧毁那座基地.
Guerrilla strikes against our facilities have increased, and our intel says {TEAM_TAR.FactionDef.Name} is bankrolling the guerrillas and providing logistical support in the form of small arms, explosives, and medical supplies. We need you to intercept the {TEAM_TAR.FactionDef.Demonym} supply convoy and destroy it before it reaches the guerrilla forces.	游击队针对我们设施的袭击越来越多了，根据我们的情报来看，{TEAM_TAR.FactionDef.Name}正在资助游击队，以轻武器、炸药和医疗用品的形式提供后勤支援. 我们需要你拦截{TEAM_TAR.FactionDef.Demonym}的补给车队，并且在它抵达游击队之前就消灭它.
Guerrilla strikes against our facilities have increased, and our intel says {TEAM_TAR.FactionDef.Name} is bankrolling the guerrillas and providing logistical support in the form of small arms, explosives, and medical supplies. We need you to intercept the {TEAM_TAR.FactionDef.Demonym} supply convoy and destroy it before it reaches the guerrilla forces.<b><color=#e20000>[WARNING: Zombies]</color></b>	针对我们设施的游击袭击有所增加，我们的情报说{TEAM_TAR.FactionDef.Name}正在资助这些游击队，并以轻武器、炸药和医疗物资的形式提供后勤支援。我们需要你拦截{TEAM_TAR.FactionDef.Demonym}补给车队，在它抵达游击队之前将其摧毁。<b><color=#e20000>[警告：丧尸]</color></b>
Guess the surveillance picked up something sensitive that {TEAM_EMP.FactionDef.ShortName} would prefer stay a secret.	我猜这次监视发现了一些敏感的东西，而{TEAM_EMP.FactionDef.ShortName}更希望这些信息保持机密.
Guess this facility is shutting down. Good news for us though.	看来这处设施要关停了。不过这对我们是好消息。
Guess we will go in and capture the base. Should provide more information on what these Pirates are actually doing.	我想我们就进去夺取基地吧。应该能提供更多关于这些海盗到底在干什么的信息。
Handle this and we're done here, {COMMANDER.FirstName}.	处理好这件事，那么我们在此的任务就完成了，{COMMANDER.FirstName}.
Have you seen the {TEAM_TAR.FactionDef.Demonym} holo-vid show \"Mercenaries\"? Yes, we're being asked to kill its star, Brock Armstrong. He knows his way around a 'Mech and will have two full lances as escorts.	你看过{TEAM_TAR.FactionDef.Demonym}的全息影像节目《雇佣兵！》吗? 是的，我们被要求杀掉其主演布洛克·阿姆斯特朗. 他精通机甲操作，并有两支完整机甲小队护航.
He sounded awfully sure of himself. Let's wipe the smile off of that smug son of a bitch's face.	他听起来自信得令人不安. 让我们把那个自鸣得意的混蛋脸上的笑容抹掉.
Headshot Avoidance	避免爆头
Heh, sounds like we are to be the opening act, Commander.	嘿，听起来我们是开胃菜，指挥官.
Here in the {TGT_SYSTEM.name} system, {TEAM_TAR.FactionDef.Name} has been an oppressive presence for some time, which has led to a number of revolutionary leaders rising up from the common people to strike at the status quo. One such leader has been targeted by {TEAM_TAR.FactionDef.ShortName} for elimination. It's in the interest of the {TEAM_EMP.FactionDef.Demonym} leadership that this rabble rouser survives.	在{TGT_SYSTEM.name}，{TEAM_TAR.FactionDef.Name}长期以来一直施行压迫统治，这导致了一些革命领袖从平民中崛起以打破现状. 其中一位领袖已成为{TEAM_TAR.FactionDef.ShortName}的清除目标. 确保这位革命者活着符合{TEAM_EMP.FactionDef.Demonym}领导层的利益.
Here we go chasing ghosts again, Commander. I think she will have an aneurysm if we run into Jimmy.	又来了，我们又在追鬼影，指挥官。我想我们要是撞上吉米，她会气得血管爆掉。
Hey, Commander {Commander.LastName}. We just so happen to have a four-man gladiator team who are looking to cut their teeth in some new 'Mechs. Obviously, we can't bang up our own metal - we need that stuff! But you? Well, we can throw a handful of cash at you if you want to step in and help them practice.	嘿，指挥官{Commander.LastName}。我们恰好有一支四人角斗小队想在新机甲上练练牙口。显然，我们不能把自己那身铁皮弄坏——我们还需要它！但你呢？嗯，如果你想上场帮他们练练，我们可以给你扔一把现金。
His 'Mech may be heavy, Commander, but I don't see a lot of 'Mech repair facilities out here, so this might not be as difficult as it looks.	他的机甲或许很重，指挥官，但我没看到这附近有多少机甲维修设施，所以事情可能没有看起来那么棘手.
Hits Bypass Armor	命中无视装甲
Hits Ruin Aim	命中破坏了瞄准
Hits Slow Movement	命中减缓了移动
Hold the base while ComStar units arrive.	在康星部队抵达前守住基地。
Hold the line for as long as you can!	尽可能久地守住阵线!
Holy hell, they want us to fight a DropShip with our mechs? They have got to be kidding, but that's why they're paying us the big bucks.	我去! 他们居然想让我们用机甲去对付一艘空投艇? 他们一定是在开玩笑吧? 不过，这就是他们愿意给我们开出高价的原因.
Hope you're holding up okay, Commander. We got word that a caravan carrying an ally of ours was near the area where you were fighting the pirate leadership. We now need you to retrieve an agent of ours who infiltrated their ranks.	希望你撑得住，指挥官。我们得到消息，一支载着我们一位盟友的商队曾在你与海盗首领交战区域附近。我们现在需要你去接回我们一名已潜入他们内部的干员。
Hopefully they keep that stuff to themselves, so we don't get involved.	希望他们能自己保管好那些东西，这样我们就不会卷进去了.
Hopefully we have bought the clan leaders enough time to gather.	但愿我们已经为部族首领们争取到足够时间聚集。
Hopefully we'll not be surprised as our employers.	希望我们不会像雇主那样被打个措手不及.
Horvat's going to stack the odds against us, just like Agent Jones said. If we're going to do this, our MechWarriors will have to be ready.	霍瓦特肯定会像Jones特工说的那样给我们设局. 如果真要行动，我们的机甲战士必须严阵以待.
Hostile {TEAM_TAR.FactionDef.Demonym} forces have been making increasingly bold incursions toward one of our processing facilities on {TGT_SYSTEM.name}.  This facility represents a substantial cash investment for {TEAM_EMP.FactionDef.ShortName}, and its destruction would be both politically and financially disastrous.  We need a capable mercenary company to defend the site.  Payment will be remitted upon the repulsion of all hostile {TEAM_TAR.FactionDef.Demonym} units.	敌对的{TEAM_TAR.FactionDef.Demonym}军队一直向我们在{TGT_SYSTEM.name}的一处加工设施发动袭击，袭击越来越肆无忌惮. 这座设施对{TEAM_EMP.FactionDef.ShortName}来说是一笔巨额资金投入，其被摧毁将带来政治和经济上的双重灾难. 我们需要一支有能力的雇佣兵部队来防御该地点. 在击退了所有敌对的{TEAM_TAR.FactionDef.Demonym}单位后，我们就会把报酬汇给你.
Hostile {TEAM_TAR.FactionDef.Demonym} forces have been making increasingly bold incursions toward one of our processing facilities on {TGT_SYSTEM.name}. This facility represents a substantial cash investment for {TEAM_EMP.FactionDef.ShortName}, and its destruction would be both politically and financially disastrous. We need a capable mercenary company to defend the site. Payment will be remitted upon the repulsion of all hostile {TEAM_TAR.FactionDef.Demonym} units.	敌对的{TEAM_TAR.FactionDef.Demonym}军队一直向我们在{TGT_SYSTEM.name}的一处加工设施发动袭击，袭击越来越肆无忌惮. 这座设施对{TEAM_EMP.FactionDef.ShortName}来说是一笔巨额资金投入，其被摧毁将带来政治和经济上的双重灾难. 我们需要一支有能力的雇佣兵部队来防御该地点. 在击退了所有敌对的{TEAM_TAR.FactionDef.Demonym}单位后，我们就会把报酬汇给你.
House Liao's occupation force is moving on our Mech Bay in force, Commander. I know that you've had no time to refit or repair your BattleMechs, but I'm going to need your assistance all the same. In light of this, I've authorized the deployment of a Steiner asset—the very rare and precious BattleMech that you just delivered to this site—to assist you, with one of my own MechWarriors to pilot it.	指挥官，廖氏家族的占领军正大举逼近我们的机甲库。我知道你还没来得及改装或修理你的战斗机甲，但我还是需要你的协助。鉴于此，我已授权部署一件施泰纳资产——你刚送到这里的、极为稀有珍贵的战斗机甲——来协助你，并由我的一名机甲战士驾驶。
House Steiner has constructed a military stronghold within our territorial boundaries. We have artillery in place to destroy it, but we need you to place targeting beacons in key locations before we can pull the trigger. While you work, a mercenary lance from Gwydion Company will keep any Steiner reinforcements off your backs.	施泰纳家族在我们的领土内建立了一个军事要塞. 我们已部署炮兵准备将其摧毁，但在开火前，需要你们在关键位置布设信标. 在你们执行任务期间，格威迪恩公司的一支雇佣兵机甲小队将负责阻挡施泰纳的任何增援部队，确保你们无后顾之忧.
House Steiner isn't even supposed to have a presence in this system, so be careful. When the Capellans pick you up on their sensors, I imagine that all hell is gonna break loose.	施泰纳家族根本不应该在这个星系出现，所以小心点. 当卡佩拉人通过他们的传感器发现你时，我想一切混乱都要来了.
How relevant can intel from the ass end of nowhere really be? We're still being paid, so I suppose it doesn't matter, honestly.	从这鸟不拉屎的地方收集到的情报能有多大价值? 老实说，反正有人付钱，所以我想这并不重要.
Hunt down and eliminate Dominik \"Whistler\" Zhao, one of the two leaders of the Flak Jackals. Be advised that his personal BattleMech is equipped with LosTech weaponry and equipment.	追踪并消灭“口哨客”多米尼克·赵. 他是“高炮胡狼”的领袖之一. 注意，他的个人战斗机甲配备了大量失落科技武器和装备.
Hunt down and eliminate Orchid \"Thresher\" Zhao, one of the two leaders of the Flak Jackals. Be advised that her personal BattleMech is equipped with LosTech weaponry and equipment.	追踪并消灭“长尾鲨”奥基德·赵. 她是“高炮胡狼”的领袖之一. 注意，她的个人战斗机甲配备了大量失落科技武器和装备.
I am getting odd IFF readings from the planet, Commander. It looks like they have been... altered.	指挥官，我从那颗行星上收到古怪的敌我识别读数。看起来它们被……改动过。
I am going to put this ship in a bottle, even if it kills him. That little bastard stole from me, made me chase him all around the Sphere, and now he taunts me from inside a base. Use extreme prejudice eliminating him.	我要把这艘船装进瓶子里，哪怕这要了他的命。那小混蛋偷了我的东西，让我绕着内天体追了他一圈，现在他还躲在一座基地里嘲弄我。用极端手段消灭他。
I am not sure if our reputation with Pirates is going up or down right now Commander.	我不确定我们现在在海盗那里的名声是在上升还是下降，指挥官。
I am so glad you answered our call, Commander. These Clanners know no mercy and they have just about driven us underground at this point. I trust you are familiar with doing violence and we'll leave the small details of this operation to you.	我很高兴你响应了我们的召唤，指挥官。这些氏族人毫无怜悯，他们此刻几乎把我们逼到地下去了。我相信你熟悉动武这套，行动的小细节就交给你了。
I am surprised we have enough forces to complete this, Commander.	我很惊讶我们还有足够的兵力完成这件事，指挥官。
I approve of your choice of 'Mechs for this mission, Commander. This ought to be just the show of force that Margrave Joss was hoping for. Also, I have additional support to provide, thanks to Kommandant General Plath; you'll need to clear the antiair defenses before the support lance can land, though. Remember: <i>Gungnir</i>, our DropShip, can remain on station to fire at the planet only for a limited time. Move quickly, Commander.	我赞成你为这次任务选择的机甲，指挥官. 这应该正是乔斯总督所希望展示的力量. 另外，我还有额外的支援可以提供，多亏了普拉斯将军. 不过，你需要先清除防空小队，以便支援机甲可以部署. 记住: 我们在轨道上的空投艇<i>Gungnir</i>，只能在行星上空停留有限的时间进行火力支援. 动作要快，指挥官.
I be glad we see eye ta eye commander. Let's burn this prison ta th' ground 'n show th' Planetary Government no one pilfers from me. I be sick o' this goose chase. Let's destroy 'n loot me piece.	我很高兴我们看法一致，指挥官。咱们把这座监狱烧成灰，让行星政府知道没人能从我这偷东西。我受够这场追捕了。咱们毁掉那玩意儿，把属于我的那份拿走。
I can only imagine what Yang is going to say to the idea of infecting one of our 'Mechs with hostile code.	我只能去想象一下，对于让我们的一部机甲感染恶意代码这主意，杨会怎么说.
I can only imagine what kind of junk-heaps these locals are going to be piloting. Bring along something tough, Commander.	我只能想象这些当地人将要驾驶什么样的垃圾. 带上些硬货吧，指挥官.
I can only imagine what kind of junk-heaps these locals are going to be piloting. I'm expecting Urbies. Bring something tough, Commander.	我只能想象这些当地人将要驾驶什么样的垃圾. 我预计是“城市”. 带上些硬货吧，指挥官.
I can't imagine any use for those guns in this system that isn't bad, but I suppose that's to be expected.	我实在想不出这批武器在本星系能有什么正当用途——虽然这也在意料之中.
I can't imagine why our {TEAM_TAR.FactionDef.Demonym} friends didn't let us know they'd invited a bunch of wealthy merchants to visit. We'd have prepared a welcoming party for them at the spaceport. Instead, it looks like we're going to have to meet up with them out in the field. Luckily, we know where they are; the drivers of their little convoy were pretty happy with the payoff we gave them. We want you to go down there and escort our new friends to safety.	我想不出为什么我们的{TEAM_TAR.FactionDef.Demonym}朋友不让我们知道他们邀请了一大群富有的商人来访问. 我们本可以在太空港为他们准备一个欢迎会. 相反，看来我们得在野外会见他们了. 幸运的是，我们知道他们在哪儿; 他们那支小车队的司机们对我们付给他们的款项相当满意. 我们要你下到那里，护送我们的新朋友前往安全地带.
I don't believe that \"mission of mercy\" line for a second, but there isn't anything here to be concerned about.	我一点也不相信什么“仁慈之举”，不过看起来这里倒也没有什么值得担心的.
I don't buy the 'ancestral fortress' part of this, but the legal maneuverings check out. Commander, a merc company coming in could resolve this quickly and prevent a large-scale conflict.	我不太认同所谓的“祖传堡垒”说法，但法律操作没问题. 指挥官，一家佣兵公司介入可以迅速解决问题，并防止大规模的冲突.
I don't have to tell you that speed is of the essence here.	不用我多说，你也知道速度在这里至关重要。
I don't know what kind of show of force they were expecting aside from \"Boom, your base is gone,\" Commander.	我知道?不，他们还希望展示什么样的武力，指挥官——除了“轰，你的基地坏了！”
I don't like fighting other mercenaries, but that's the nature of the business.	我不喜欢和其他雇佣兵作战，但这就是生意.
I don't like the idea of jumping into a battle with this little preparation or intelligence, Commander. Be careful with this one.	我不喜欢这样没有准备或没有情报就跳进一场战斗，指挥官. 请小心这次的任务.
I don't like the sound of this, Commander. No satellite coverage means no topographical intel. We're going into an unknown situation without a map.	这情况听着不妙，指挥官. 没有卫星覆盖就意味着没有地形情报. 我们将进入一个没有地图的未知区域.
I don't like the sound of this.	我不喜欢这听起来的样子。
I don't like the unspecified 'some cargo', Commander, but whatever it is, it's probably just as bad if left in {TEAM_TAR.FactionDef.Demonym} hands.	我不喜欢那个未具体说明的“一些货物”，指挥官，但无论那是什么，大概总好过让它们落入{TEAM_TAR.FactionDef.Demonym}的手上.
I don't trust Hadley—or Sweeney, or whatever her name really is—for a second, but she should be secure enough in the repair bay's makeshift brig. My advice? Let's go in expecting a double cross, and let's monitor Hadley's cell. At the first sign of trouble, we double back and get her to Lady Cunningham.	我一秒也不信任哈德利——或者说斯威尼，不管她真名叫什么——但她待在维修舱那个临时牢房里应该足够安全。我的建议？我们进去时就假定会被摆一道，并盯住哈德利的牢房。一有麻烦的迹象，我们就折返把她交给坎宁安女士。
I doubt they'll have been able to get more than a single backup lance over to this remote island in the time they'll have before we show up, guns blazing.	我怀疑，在我们全力进攻这里之前，他们根本来不及向这个偏远岛屿增援超过一支后备机甲小队.
I get worried when enemies make stupid choices like moving in the open. It makes me think we're about to have a trap sprung on us.	当敌人做出愚蠢的选择，例如在开阔地移动时，我会感到担心. 这让我觉得会有陷阱在等着我们.
I have a bad feeling about this, Commander. If they want that 'Mech torched, I'm guessing it's relatively powerful. Be careful.	我对此有一种不好的感觉，指挥官. 如果他们想要烧掉那部机甲，那我猜它相当强大. 多加小心.
I have a sneaky suspicion Jimmy has some serious Plot armor Commander.	我有个偷偷的猜测，吉米身上有很厚的剧情装甲，指挥官。
I have to hand it to this guy. At least he cares enough about his son to teach him a thing or two. Even if that means a knock on the head... or two.	我不得不佩服这家伙. 至少他对儿子上心到愿意教他点东西. 哪怕这意味着要吃一记……或者几记当头棒喝.
I have tracked Sybil and her last supporters to this planet. I need her eliminated.	我已追踪西比尔和她最后的支持者到这颗行星。我需要她死。
I just don't know, Commander. When people say they want to 'fight' allegations it's not meant to be a real fight. This {TEAM_TAR.FactionDef.Demonym} Governor is crazy. Let's uphold the truth... for a price.	我真不知道该说什么，指挥官. 人们说想要“与指控斗争”时，可不是指真的要打架. 这个{TEAM_TAR.FactionDef.Demonym}总督真是疯了. 那就让我们捍卫真相吧……当然，得收点钱.
I just don't know, Commander. When people say they want to 'fight' allegations, it's not meant to be a real fight. These {TEAM_TAR.FactionDef.Demonym} Clanners are crazy. Everything is a fight for them.	我只是不太确定，指挥官. 当人们说要“与指控斗争”时，那通常不是指真正的打斗. 这些{TEAM_TAR.FactionDef.Demonym}的氏族成员都疯了. 对他们来说，什么事都能变成一场战斗.
I know this was your call, Commander, but frankly I'd prefer to just torch their \"materials\" and leave. This is vile.	我知道，这是你的决定，指挥官，但说实话，我宁愿把这些“材料”烧掉，尽快离开这里. 这真的很糟糕.
I know what your man has done. Lady Marina may be fool enough to trust in mercenaries, but I've had agents watching you from the start—and now I find my suspicions <i>confirmed</i>. Prepare yourself to face the full wrath of the Liao Reserves, <i>Commander</i>—I will claim the contents of that vault you so covet, and then I will <i>bury you</i> in it.	我知道你的人做了什么。玛丽娜女士也许蠢到去信任雇佣兵，但我从一开始就派了特工监视你——如今我发现我的怀疑<i>得到了证实</i>。准备好面对廖氏预备队的全力怒火吧，<i>指挥官</i>——我要夺取你如此觊觎的那个金库里的东西，然后我会把你<i>埋</i>在里面。
I need you to take down the pirate Dropship before they can take off. This could be quite dangerous, but it may be our only hope of saving the Sphere.	我需要你在那艘海盗空投艇起飞之前把它拿下。这可能会相当危险，但这也许是我们拯救内天体的唯一希望。
I prefer to operate solo, but if they want us to play babysitter, I suppose that's what we'll do.	我更喜欢单独行动，但如果他们要我们做回临时保姆，我想我们也只能照做了.
I really don't like going in with this little information, Commander. This seems very rushed and poorly prepared.	我真的不喜欢在信息这么少的情况下行动，指挥官. 这看起来非常仓促，准备也很不充分.
I really like 'loud and fatal' as a job description, Commander. I may get it put on a plaque.	指挥官，我真的很喜欢用“响亮而致命”来形容我们的工作. 我要把它写在牌匾上.
I really think the pirates are in for a surprise - or a laugh.	我真觉得这些海盗要大吃一惊了——或者大笑一场。
I refuse to believe it's going to be that easy, Commander. Keep your eyes peeled; this seems too simple.	我不相信会这么容易，指挥官. 睁大你的眼睛……这看起来太简单了.
I still believe that this mission would be more effective if you had chosen to bring heavier 'Mechs, but the orbital strike should still be the show of force that Margrave Joss was hoping for. Also, I have additional support to provide, thanks to Kommandant General Plath; you'll need to clear the antiair defenses before the support lance can land, though. Remember: <i>Gungnir</i>, our DropShip, can remain on station to fire at the planet only for a limited time. Move quickly, Commander.	我仍然认为如果你选择携带更重的机甲进行这次任务会更有效，但轨道轰炸应该仍能展现出乔斯总督所希望的力量. 此外，多亏了普拉斯将军，我还有额外的支援可以提供. 不过，你需要先清除防空小队，以便支援的机甲可以部署. 请记住: 我们在轨道上的<i>Gungnir</i> 空投艇，只能在行星上空停留有限的时间进行火力支援. 动作要快，指挥官.
I still believe this approach is a mistake, Commander, but I'll continue to defer to your judgment. For both our sakes, let's hope you're right and that capturing this base will be a better long-term plan than simply obliterating it. The ISF reports that the facility is defended by both Davion 'Mechs and turrets, which strongly suggests there's something there worth protecting. You'll need to eliminate any hostile forces before my people can move in and sweep the base for our target.	我仍然认为这种方式是个错误，指挥官，但我还是会听从你的判断. 为了我们双方着想，希望你是对的. 从长远来看，占领这个基地比直接摧毁它要更好. ISA的报告称该设施由戴维恩家族的机甲和炮台共同防御，这强烈表明那里有值得保护的东西. 在我的人进入基地搜寻目标之前，你需要消灭所有敌对力量.
I still can't believe that we don't even know who we're fighting against. It is what it is, I guess.	我仍然无法相信，我们甚至都不知道自己在与谁作战. 算了，就这样吧.
I suppose the target probably should have known what he was getting into. Lay down with dogs...	我想目标已经知道他接下来会发生什么. 近墨者黑......
I think I've lost track of how many layers of betrayal this represents. Is this a quadruple-cross? This must be some scientist	我觉得自己已经数不清这到底有多少层背叛了. 这算是四重反间计吗? 这位科学家肯定不简单.
I think I've lost track of how many layers of betrayal this represents. Is this a quadruple-cross? This must be some scientist.	我觉得我已经搞不清这里有多少层的背叛了. 这算是四重背叛吗? 这科学家可真不简单.
I think even their hype-man is starting to believe himself. We might actually have a shot here, Commander.	我觉得连他们的吹鼓手都开始信自己了。这一场我们也许真有机会，指挥官。
I wish I could offer you more time to rearm and reequip, Commander, but I'm not sure how much longer the Maskirovka team can hold out. It's only a matter of time before someone looks into the hangar where my people are hiding and the shooting starts. We need to take that facility before the Davion forces realize they have unwelcome guests. Thankfully they don't seem to have gone on higher alert, so the base should be relatively undefended, at least as far as any facility on the Federated Suns border can be undefended.	我很想给你更多的时间来整备军械，指挥官，但我不确定欺敌局小队还能坚守多久. 一旦有人搜查我方人员藏匿的机库，交火便不可避免. 我们必须在戴维恩部队察觉异常前夺取该设施. 幸运的是，敌军似乎尚未提升警戒等级，所以基地防御相对较弱——至少就恒星联邦边境设施的常态而言.
I wonder what we did to get this grievance? Was it that stuff I did on Tuesday?	我想知道我们到底做了什么才招来这场争议? 难道是我星期二干的那件事?
I wouldn't buy the stuff about an honest fight, Commander. Some of these fights are known for audience participation.	我不太相信那套关于公平对决的说法，指挥官。有些比赛以观众参与而闻名。
I wouldn't count on the defenses being particularly weak, Commander. Like the lady said, this is a border world, so everything's going to be bristling with guns and 'Mechs.	我不会指望防御特别薄弱，指挥官. 正如那位女士所说，这是个边境世界. 所以，一切都会布满枪炮和机甲.
I'd prefer to handle things ourselves, but if they want us to play babysitter, I suppose that's what we'll do.	我更喜欢亲手掌控局势，但要是他们要我们做回临时保姆，我想我们也只能照做了.
I'd say this is a terrible idea, but those Cataphracts are beasts. Just make sure it doesn't get killed, or we don't get paid.	我得说这是个糟糕的主意，但“重装骑兵”机甲确实是头猛兽. 只是务必保证它别被干掉，否则我们拿不到报酬.
I'd usually expect well trained pilots with expensive gear Commander, but this time I'm not so sure. You'll have to assess the situation for yourself, but all this 'training' of theirs might just be nonsense. As always, use caution. We can't fail now.	指挥官，通常我会预期遇到训练有素、装备昂贵的机师，但这次我不太确定。你只能自己判断局势了，而他们那套“训练”可能纯属胡扯。一如既往，谨慎行事。我们现在不能失败。
I'll ask the obvious question: how do we know they won't just keep the bioweapons for themselves? Then again, if we second guessed every job, we'd be broke.	我要问一个很明显的问题: 我们怎么知道他们不会仅仅把这些生物武器留给自己呢? 再说一遍，如果每个活我们都要马后炮一番，那我们早就破产了.
I'm assuming that 'hardware' means 'weapons', Commander. This should be a fairly standard base defense.	我假设'硬件'意味着'武器'，指挥官. 那这儿应该有着相当标准的基地防御力量.
I'm dropping you at the Baumann Group's armory, Commander. Hit it hard enough, and the prison's garrison should come running, clearing the way for the Moderbjörn to rescue Captain Magorian with its drones.	我正在鲍曼集团军械库降落，指挥官. 只要攻击力度足够，监狱驻军就会赶过来，为“熊妈妈”用无人车营救马格里安船长清除障碍.
I'm glad she has confidence in us, but frankly I'd prefer some reinforcements on the field. Keep an eye out for Grim; she should be a priority target.	我很高兴她对我们有信心，但坦白说，我更希望战场上有一些增援。留心格里姆；她应该是个优先目标。
I'm glad that we're gonna have Jailbird and her lance on our side for this, but we should keep our eyes open for Cheval. She didn't sound like she was planning on sitting this one out quietly.	我很高兴“监狱鸟”和她的小队能加入我们，但我们要留意“骑士”. 她听起来可不像打算袖手旁观的样子.
I'm glad that you decided to listen to reason, Commander—you'd be surprised how many so-called mercenaries lack the savvy to jump on an opportunity like this when it presents itself. Now, the LosTech cache that I'm sending you after is close to our location, but there's a catch: it's sealed away in a defunct mineshaft. I've got a way in, though. Follow my instructions, and we'll all get rich.	我很高兴你决定听从理性，指挥官——你会惊讶地发现，有多少所谓的雇佣兵在机会来临时缺乏抓住它的精明。现在，我派你去找的那处失传科技储藏点离我们位置很近，但有个条件：它被封在一处废弃的矿井里。不过我有进去的办法。照我的指示做，我们都能发财。
I'm glad they have confidence in us, but frankly I'd prefer some reinforcements on the field.	我很高兴他们对我们有信心，但说实话，我更希望在战场上有些增援。
I'm glad they have confidence in us, but frankly I'd prefer some reinforcements on the field. Keep an eye out for Song; they should be a priority target.	我很高兴，他们对我们有如此大的信心，但老实说，我更喜欢战场上有增援. 留意我们的主要目标，宋.
I'm glad they have confidence in us, but frankly I'd prefer some reinforcements on the field. Keep an eye out.	我很高兴他们对我们有信心，但说实话，我宁愿战场上有些增援. 保持警惕.
I'm glad to hear that, Pillow. An easier mission is always more favorable to us. Let's get in there and take out their production facilities.	听到这个我很高兴，枕头。任务轻松些对我们总是更有利。我们进去把他们的生产设施端掉。
I'm glad we're gonna have Cheval and her lance on our side for this, but we should keep our eyes open for Jailbird. She didn't sound like she was planning on sitting this one out quietly.	我很高兴“骑士”和她的小队能加入我们，但我们要留意“监狱鸟”. 她听起来可不像打算袖手旁观的样子.
I'm guessing our employers know that a hammer blow is coming, so we'll expected to take the brunt of the attack until their reinforcements arrive on the field.	我猜我们的雇主知道一场激战就要来了，所以期待我们在他们的援军赶到战场前首当其冲.
I'm guessing the 'technology' is some broken piece of scrap, but {TEAM_EMP.FactionDef.Name} is willing to pay to recover it. We go in and get out before they even know what hit them.	我猜这项“技术”只是一些破铜烂铁，但是{TEAM_EMP.FactionDef.Name}愿意付钱来回收它. 我们在敌人还没反应过来之前就进去然后出来.
I'm guessing these 'civilians' are some kind of covert operatives, for this much metal to be put on the field to extract them.	我猜这些平民应该是什么秘密特工吧，要不然怎么会投入这么多机甲去把他们救出来.
I'm having a great day, Commander. You know why? I just got the latest logistics data from our friends down on {TGT_SYSTEM.name}. Turns out that the {TEAM_TAR.FactionDef.Demonym} base where they keep all the stuff they're planning to ship off planet? It's going to be full of some extremely valuable cargo. Things we'd like to get our hands on. You capture the base, we'll loot it, and we'll both get paid.	今天真是美好的一天，指挥官. 你知道为什么吗? 我刚从我们在{TGT_SYSTEM.name}的朋友那里拿到了最新的后勤数据. 结果发现，{TEAM_TAR.FactionDef.Demonym}的基地里，将堆满极一些其珍贵的货物——正是我们想要弄到手的东西. 你占领基地，我们来洗劫，这样我们双方都能拿到报酬.
I'm not at liberty to give you many details on this sensitive matter. What I can tell you is as of last night we lost contact with a site housing a very valuable witness-in-protection in the {TGT_SYSTEM.name} system. If this has anything to do with the reason for protection I'd expect {TEAM_TAR.FactionDef.Demonym} groups to be involved. Get there and figure out what's going on.	关于这件敏感事务，我无权向你透露太多细节. 我能告诉你的是，昨晚我们与{TGT_SYSTEM.name}星系一处关押着极重要受保护证人的地点失去了联系. 如果这与需要保护的原因有关，我预计会有{TEAM_TAR.FactionDef.Demonym}的势力卷入其中. 赶过去，查明情况.
I'm not comfortable with how little information we have about the enemy forces, Commander.	我们掌握的敌军情报如此之少，我对此感到不安，指挥官.
I'm not excited about taking on someone with The Professional's reputation with an under-strength lance, but at least we'll have the element of surprise.	我对于用一支吨位不足的小队去对付“专家”这样声名在外的目标并不乐观，但至少我们还能保有突袭的优势.
I'm not expecting a lot of defenders, Commander, but there are likely to be turrets. There's a bonus if we wipe out the base garrison as well; that's your call, as the situation on the ground develops.	我预计不会有很多的守卫，指挥官，但是可能会有炮台. 如果我们把基地守备部队也清理了，就会有奖金; 根据地面形势的发展，由你来决定吧.
I'm not questioning your judgement about bringing a single 'Mech against this guy. All I'm saying is I could lose a lot of money on the company betting pool if this goes South.	我不是在质疑你带一台机甲去对付这家伙的判断。我只是说，要是这事搞砸了，我在公司的赌盘上会输很多钱。
I'm not sure I like the idea of playing babysitter to a bunch of regulars, Commander, but I like the idea of being outgunned even less.	指挥官，我不确定自己喜不喜欢做一群正规军的临时保姆，可我更不喜欢在火力上居于劣势.
I'm not sure I necessarily follow the ISF's logic here, Commander, but we're being paid to shoot the people they tell us to shoot.	我不知道，我是否会完全遵循 ISA 的逻辑，指挥官，但我们得到报酬，射杀那些想要他们射杀的人.
I'm not sure the outcome will be what they want, but I don't specialize in interstellar politics. It sounds like a declaration of war to me so be prepared for more than a little resistance.	我不确定结果会不会如他们所愿，但我不擅长星际政治. 在我听来，这更像是一场宣战，所以要做好面对强烈抵抗的准备.
I'm not sure why {TEAM_EMP.FactionDef.Name} is being so circumspect, but they don't pay us to ask questions. There's a bonus for us if we eliminate any witnesses.	我不确定{TEAM_EMP.FactionDef.Name}为什么要如此谨慎，但他们可不是花钱让我们提问的. 如果我们消灭所有目击者，还能得到额外的奖金.
I'm pleased we could agree that the direct approach is likely to be the most effective. The facility that the ISF believes Nephrite is hiding in is in a god-awful frozen wasteland. It shouldn't be too heavily defended, but there will probably be turrets. Remember that we need that facility <i>flattened</i>. Once the place is nothing but rubble, my people will search the ruins for our Rasalhague friend and confirm the kill. And then we can all go home, and honestly, I cannot wait. This place is wretched.	我很高兴我们能达成一致，认为直接进攻可能是最有效的. ISA认为软玉藏身的设施在一个该死的冰封荒原里. 那里的防御应该不会太强，但可能有炮台. 记住，我们需要把那座设施<i>夷为平地</i>. 等那地方只剩一片瓦砾，我的人就会在废墟中搜索我们那位蛇夫座的朋友并确认击杀. 然后我们都可以回家了，说实话，我已经等不及了. 这鬼地方糟透了.
I'm so pleased that you've chosen to work with us, Commander. You destroyed one of our facilities at the behest of House Marik; it seems only fair that you do the same for us. Turnabout is fair play, after all. The facility will be minimally guarded, and your pay will be extremely generous.	我很高兴你选择与我们合作，指挥官. 你受马里克家族的指使摧毁了我们的一处设施，那么，为我们做同样的事似乎才公平. 毕竟，礼尚往来嘛. 该设施的守卫将是最低限度，而你的报酬将极其丰厚.
I'm still reading through the three-hundred page legal document they sent our way, but so far it all seems reasonable. As for the arena, the Tennesse Valley used to be a wildlife reserve back in the day. Expect mud, and trees.	我还在读他们发给我们的那份三百页法律文件，但到目前为止一切看起来都合理。至于竞技场，田纳西谷当年是一片野生动物保护区。预期会有泥浆和树木。
I'm sure that the {TEAM_EMP.FactionDef.Demonym} rep thinks they're very clever, but this kind of headhunting is serious. We should expect the enemy to shoot to kill.	我确信{TEAM_EMP.FactionDef.Demonym}的代表自以为很聪明，但这种猎头的方式很危险. 我们应该预料到敌人会开枪杀人.
I'm willing to bet that Bogdan Tubbs is bringing friends to this drop, same as we are. Just a feeling I get. So, yeah… keep your eyes open.	我敢打赌博格丹·塔布斯这次投放会带朋友来，跟我们一样。只是我的感觉。所以，嗯……睁大眼睛。
I've given your pilot a map of Men Lojowen, complete with the rough location of the Star League installation. I want you to get in there, brush aside any resistance, and loot whatever your BattleMechs can carry. You'll get your pay when my associates have the goods.	我已经把Men Lojowen的地图交给你们的机师，其中标有星际联盟设施的粗略位置. 进军那里，消除所有阻力，用机甲运走所有能携带的物品. 待我的合作伙伴收到货物后，你们将获得报酬.
I've got nothing to add, {COMMANDER.FirstName}. Let's go beat up some violent drunks.	我没什么要补充的了，{COMMANDER.FirstName}. 走吧，揍扁那群暴力醉汉吧.
I've negotiated a major bump if we DO end up finding the propagandist and eliminating her, as well as a danger-pay bonus if she has any escorts and we eliminate them as well.	我已经谈妥了，如果我们真的找到并消灭那个宣传者，会有一笔相当可观的额外报酬. 另外，如果她身边带了护卫，而我们顺手把他们也干掉了，还能再拿一笔风险补助作为奖励.
I've received the coordinates for the rendezvous point from Lady Cunningham, Commander… we should be ready to roll when you are. I haven't managed to get Lady Cunningham herself on the horn—some kind of atmospheric interference is scrambling our long-range comms. But it should be pretty straightforward, all things said.	我从坎宁安女士那里收到了会合点的坐标，指挥官……你准备好我们就能出发。我没能联系上坎宁安女士本人——某种大气干扰扰乱了我们的远程通讯。不过总的来说，应该相当直接。
I've received word from Margrave General Neil; our success was well received within Cavanaugh Theater Command. Margrave Neil has passed on the results of their stragetic planning session, and we've been asked to strike one of the local military installations. The goal is to completely neutralize the facility, to send a message to local forces that they are vulnerable.	我收到了尼尔侯爵将军的消息: 我们的成功给卡瓦诺战区指挥部留下了深刻的印象. 总督Neil已经传达了他们的战略规划会议结果，我们被要求打击当地的一个军事设施. 目标是彻底摧毁该设施，向当地武装部队展示他们的脆弱性.
I've told Binton and Modge that you're gonna drop their \"treasure\" in a field about a hundred klicks southeast of Louth Abbey. That should put you far enough away to avoid collateral damage, so feel free to go after 'em with whatever BattleMechs you like. Just be aware that there's nothing stopping them from doin' the same to you.	我已通知宾顿和莫奇，你们会在Louth Abbey东南方向百公里处的荒野空投他们的“宝藏”. 这个距离应该能避免附带损伤，这样你就可派遣任何型号的战斗机甲出击. 只是要注意，也没有什么能阻止他们同样对你们下手.
If I had to guess, Commander, I'd say the 'outlaw' part of this is just propaganda. Outlaw or not, though, the payout's the same for us.	如果让我猜的话，指挥官，我想说“不法分子”的部分只是宣传. 不管非不非法，款项对我们来说都是一样的.
If Kell is saying that this will be tough, I'm inclined to believe him. Get your war face on, Commander. This is gonna be a hell of a drop.	如果凯尔都说这会很棘手，那么我倾向于相信他. 做好战斗准备吧，指挥官. 这次空降将会异常凶险.
If either relay station is rendered inoperable, mission will be considered as a failure.	若任一继电站失效，任务将被视为失败。
If the Moderbjörn holds up its end, we should be golden. Our lance will be in trouble if it doesn't.	如果“熊妈妈”能坚守到任务完成，我们就能大功告成. 否则我们的小队将陷入危机.
If there are enough pirates there to present a problem for local authorities, we should be prepared for a tough fight, Commander.	如果那儿的海盗已经足以成为当局的问题，那我们该准备好打一场硬仗，指挥官.
If these guys are that hard to track down, they must be pretty competent. Expect a tough fight, Commander.	如果这些家伙这么难追踪，那他们一定相当厉害. 预计会有场硬仗，指挥官.
If they just set down, they may not be battle-ready; we might catch them with their metaphorical pants down.	如果他们刚刚落地，就可能还没有做好战斗准备; 也许我们能打他们个措手不及.
If they want to show military strength here in {TGT_SYSTEM.Name}, we can do that for them.	如果他们想在{TGT_SYSTEM.Name}展示军事力量，我们可以替他们办到.
If they're expecting us, Commander, there's no telling how many units are going to be down there. This is going to get messy.	指挥官，既然他们已有防备，我们无法预估下方部署了多少兵力. 局势可能会变得相当棘手.
If this MechWarrior is singlehandedly making a dent in pirate activity in {TGT_SYSTEM.name}, he's going to be a tough enemy.	如果这名机甲战士独自一人就破坏了海盗在{TGT_SYSTEM.name}的行动，那他将会是个难缠的敌人.
If this cargo is valuable enough to pay us to steal it, it's going to be extremely well-defended. Be prepared, Commander.	如果这些货物的价值高到值得雇我们去偷，那它们必然会有极为严密的防护. 做好准备吧，指挥官.
If this is the next season of <i>Rough Riders</i>, we need to <i>not</i> let Yang know. He'll trade our whole payment for early access.	如果这是下一季的<i>狂野骑士</i> 的话，那我们最好<i>别</i> 让杨知道. 他会用我们的所有薪水来换取提前观看的资格.
If we accept this contract we'll be in for the duration of the campaign, Commander.  We'll be offered a series of contracts by {TEAM_EMP.FactionDef.Name} to support their forces as they defend, and we'll take a hit to our reputation if we leave before the invasion concludes.	指挥官，如果接受这份合约，我们就得全程参与这场战役. {TEAM_EMP.FactionDef.Name}会在防御期间向我们提供一系列合约来支援其部队，若在入侵结束前撤离，我们的声誉就会受损.
If we accept this contract we'll be in for the duration of the campaign, Commander.  We'll be offered a series of contracts by {TEAM_EMP.FactionDef.Name} to support their forces as they defend, and we'll take a hit to our reputation if we leave before the raid is resolved.	指挥官，如果接受这份合约，我们就得全程参与这场战役. {TEAM_EMP.FactionDef.Name}会向我们提供一系列合约，以支持他们的防御行动，而如果在战斗结束前撤离，我们的声誉将会受损.
If we accept this contract we'll be in for the duration of the campaign, Commander. We'll be offered a series of contracts by {TEAM_EMP.FactionDef.Name} to support their forces as they invade, and we'll take a hit to our reputation if we leave before the invasion concludes.	指挥官，如果我们接受这份合约，就得全程参与这场战役. {TEAM_EMP.FactionDef.Name}会向我们提供一系列合约，以支持其入侵部队. 若在入侵结束前撤离，我们的声誉将受损.
If we accept this contract we'll be in for the duration of the campaign, Commander. We'll be offered a series of contracts by {TEAM_EMP.FactionDef.Name} to support their forces as they invade, and we'll take a hit to our reputation if we leave before the raid is resolved.	指挥官，如果接受这份合约，我们就得全程参与这场战役. {TEAM_EMP.FactionDef.Name}会在入侵期间向我们提供一系列合约来支援其部队，若在突袭结束前撤离，我们的声誉就会受损.
If we are to draw the Steel Beast into a fight, we must first provoke him. The wholesale slaughter of his revolting followers seems like a reasonable first step. I'll point you in the right direction, you'll bring the firepower, and we'll scour this world of Bogdan Tubbs's fan club. Then we'll move on to a more high-profile target.	如果要把“钢铁野兽”引入战斗，我们必须先激怒他. 把他那些令人作呕的追随者们彻底清剿，这应该是一个好的开始. 我会为你指引方向，你只需带上你需要的火力就行了. 我们将共同涤净这颗星球上博格丹·塔布斯的拥趸，然后再转向更高调的目标.
In theory, we've already done the heavy lifting on this one, but keep your eyes open. We still don't know why the Beasts of Balawat are chasing Kell's people.	理论上，我们已经完成了最艰难的部分，但务必保持警惕. 我们仍不清楚“巴拉瓦特野兽”为何追杀凯尔的人.
In violation of local treaties, a significant combat unit consisting of two lances of 'Mechs has dropped on {TGT_SYSTEM.Name}. Your task is to assault and dislodge the {TEAM_TAR.FactionDef.Demonym} force. You will send a definitive message: Unsanctioned military operations on {TGT_SYSTEM.name} will be eliminated with extreme prejudice. Leave none standing.	一支由两队机甲构成，意义重大的作战部队已经空降到了{TGT_SYSTEM.Name}，这违背了当地协定. 你的任务是攻击并驱逐{TEAM_TAR.FactionDef.Demonym}部队. 你将发出明确的信号: {TGT_SYSTEM.name}上未经批准的军事行动会被极端手段消灭. 一个不留.
Instructions are to hold our position until relieved. Protect those buildings at all costs. I'll stay in contact as we move to stop the flanking pirate unit.	指令是坚守阵地直到被替换。不惜一切代价保护那些建筑。我们移动去阻截那支包抄的海盗部队时会保持联系。
Intentionally provoking a patrol to get it to call for reinforcements. What does it say about our jobs that this isn't the craziest mission we've done?	故意挑衅巡逻队，迫使他们呼叫增援. 要说我们的工作，难道这不是我们做过的最疯狂的任务?
Interrupted mid-stream? Not much does that, Commander. We better be ready for anything down there.	数据传了一半中断? 这事可不常见，指挥官. 咱们最好做好万全准备.
Ironwood Productions' Holo-distribution facility is just ahead of you, Commander. Take it, and we will use it to ensure that the Steel Beast hears your challenge.	Ironwood Productions的全息分发设施就在你前方，指挥官. 占领它，我们将借此确保“钢铁野兽”听到你的挑战.
It definately feels like a festive engagement.	这确实像是一场节日般的交战。
It has come to our attention that {TEAM_TAR.FactionDef.Name} is transporting classified information by courier in a fast moving convoy. It's in our interests if this information never reaches it's destination. We don't know which vehicle will have the information, so we need you destroy all of them.	我们注意到{TEAM_TAR.FactionDef.Name}正通过一支高速移动的车队，由信使运输机密情报. 如果这些信息永远无法送达目的地，将符合我们的利益. 我们不知道哪辆车辆携带了这份情报，所以需要你们将其全部摧毁.
It looks like we're both on the Kurita shit list, Commander. This situation is bad and getting worse. My people are pinned down by fire from the DEST forces, and we can't use our Leopard to get into orbit. We've evacuated the Fire Lance, but the Command Lance is still stuck on-world—which concerns me personally, because I'm part of the Command Lance and one of the people who's stuck. I want to get to the bottom of this mess, but I'm going to need your help.	看来我们俩都在栗田的黑名单上了，指挥官。这局面很糟，而且还在恶化。我的人被DEST部队的火力压制住，我们没法用豹式进入轨道。我们已经撤离了火力分队，但指挥分队还困在行星上——这让我个人很担心，因为我就是指挥分队的一员，也是被困的人之一。我想把这团乱麻查个水落石出，但我需要你的帮助。
It may or may not be that easy, Commander. We may be a bit behind the front lines, but a FOB is an attractive target for our prospective employer's enemies.	指挥官，事情可能没那么简单. 我们或许离前线有点距离，但前沿作战基地对我们潜在雇主的敌人来说，是一个很有吸引力的目标.
It might be someone's last stand, but it's not ours, Commander.	也许这是某人的最后一战，但不会是我们的，指挥官.
It might make sense to hang back and see how badly they bloody each other before leaping into the fray.	在跳进去参战之前，不妨先观望一下他们之间厮杀的有多惨烈.
It must take some serious chutzpah to insist on a clause like that in your contract. I'm impressed.	坚决要求在你的合约里留下那样一条条款一定需要无所顾忌才行. 让我刮目相看.
It never occurred to me that 'accountant to pirates' would be a particularly risky position. Makes sense, I suppose.	我从未想过“海盗的会计”会是一个特别危险的职位. 现在想想，倒也合情合理.
It seems Morgan Kell has arrived on planet. He has challenged us to a trial of combat. We have the advantage. His entire force endured a high G burn from the jump point to get here so fast, so we will be fresh for battle. After we win, it will buy us the time I need to complete my plan.	看来摩根·凯尔已经抵达行星。他向我们发起了战斗试炼的挑战。我们占据优势。他的全部部队从跳跃点一路承受高G加速才这么快赶到，所以我们会是精力充沛的一方。等我们赢了，就能为我争取到完成计划所需的时间。
It's a solid plan, Commander, as long as they're right about the defenses being light.	这是个可靠的计划，指挥官，前提是他们说的防御确实很薄弱.
It's a solid plan, Commander, as long as they're right about the light defenses.	这是个可靠的计划，指挥官，前提是他们说的“少量防御力量”确实属实.
It's all or nothing, Commander.	孤注一掷，指挥官。
It's always a good time to shoot pirates, Commander.	任何时候都是射杀海盗的好时机，指挥官.
It's entirely possible this is less of a real test and more of a lazy attempt at a false flag to sow mistrust between {TEAM_TAR_ALLY.FactionDef.ShortName} and {TEAM_TAR.FactionDef.ShortName}. But it pays either way.	这完全有可能算不上真正的测试，更像是一次懒散的伪装行动，意在{TEAM_TAR_ALLY.FactionDef.ShortName}和{TEAM_TAR.FactionDef.ShortName}之间播下不信任的种子. 但无论如何，报酬照付.
It's going to be a Circle of Equals. I hope they bring their own supply, because I don't know if we have enough sugar packets onboard.	这将是一场“平等之环”(Circle of Equals). 我希望他们自己带补给，因为我不知道我们船上是否有足够的糖包.
It's hard for me to overstate what a terrible idea it is to go into a mission with no terrain intel. There could be <i>anything</i> down there.	缺乏地形情报执行任务简直是糟糕透顶的主意. 下面<i>任何情况</i> 都有可能发生.
It's not for nothing that Liao is known for being unpredictable and cunning. Let's keep our eyes open for any surprises, Commander.	廖氏因不可预测和精明而出名. 让我们睁大眼睛，以免收到令人讨厌的惊喜，指挥官.
It's reached a point where we can no longer operate in {TGT_SYSTEM.name}, Commander, and it's all thanks to a particular {TEAM_TAR.FactionDef.Demonym} MechWarrior tasked with tracking down our activities in this region. We're tired of letting him pick the time and place of battle, so we'd like you to give him a little surprise visit while he's on patrol. He'll be defended and given his paranoia he'll probably have backup waiting nearby, so watch for an ambush.	指挥官，我们已经到了无法再在{TGT_SYSTEM.name}星系中活动的地步了，这一切都要归功于一名专门负责追踪我们在该地区行动的{TEAM_TAR.FactionDef.Demonym}机甲战士. 我们厌倦了任由他挑选战斗的时间和地点，所以希望你在他巡逻时给他个小小的惊喜. 他会有防备，而且鉴于他的多疑，附近很可能有增援等待，所以小心有埋伏.
Jus' place th' markers, 'n we 'ave a Naval Gauss Rifle that shall zoom in 'n put a hole in that base so big that Fat Karl could walk in thar n get th' loot.	把那些标记放好，我们就有门舰载高斯步枪能嗖地射进去，在那座基地上开个大洞，大到胖卡尔都能走进去拿战利品。
Jus' place th' markers, 'n we 'ave a Naval Gauss Rifle that shall zoom in 'n put a hole in that base so big, Fat Karl could walk in thar 'n get th' loot.	只管把标记放好，咱就有一门舰载高斯步枪会嗖地飞过来，在那座基地上开出一个大洞——大到胖卡尔都能走进去把战利品搬出来。
Just one more area 'til we can get to the base. Stay strong, Commander.	再过一片区域我们就能抵达基地了。撑住，指挥官。
Just two short missions to go.	只剩两个短任务了。
Keep an eye out for Agent X, he could be a real problem for us.	留意X特工，他可能给我们带来不小麻烦。
Keep your eyes open down there, {COMMANDER.FirstName}. We're going in with a single MechWarrior, and I don't trust this joker to stick to his end of the deal.	在下面保持警惕，{COMMANDER.FirstName}. 我们只派一个机甲战士进去，而且我不相信这个家伙会遵守他那边的约定.
Keep your eyes open down there, {COMMANDER.FirstName}. We're going in with a single MechWarrior, and I don't trust this one bit.	在下面睁大眼睛，{COMMANDER.FirstName}。我们要只带一名机师进去，而我一点都不信这事。
Lady Suiko is inbound, and she's not alone. Her old war buddies are moving in fast-two lances of 'em. Keep in mind, we've got one goal: stop her from killing Luthendorff.	翠子夫人正在赶来，而且她不是一个人. 她的老战友们正在快速推进——有两支小队. 记住，我们只有一个目标: 阻止她杀死卢森道夫.
Last night a few of our crew members took some much needed R&R at the local {TEAM_TAR.FactionDef.Demonym} bar. Words were said and now it looks like we're stuck in a duel with two apparent {TEAM_TAR.FactionDef.Demonym} guards. Our crew aren't fighters so maybe you can help us out?	昨晚，我们的一些船员在当地的{TEAM_TAR.FactionDef.Demonym}酒吧享受了一些急需的休息和放松. 期间发生了一些口角，现在看来我们不得不与两名疑似{TEAM_TAR.FactionDef.Demonym}卫兵进行决斗. 我们的船员并不擅长战斗，所以也许你能帮我们一把?
Last night a few of your crew members took some Liberties at the local {TEAM_TAR.FactionDef.Demonym} bar. Words were said and now you are to duel with the offended warriors of{TEAM_TAR.FactionDef.Demonym}.	昨晚，你的几名船员在当地一家{TEAM_TAR.FactionDef.Demonym}酒吧里行为有些出格. 口角发生后，现在你必须与受冒犯的{TEAM_TAR.FactionDef.Demonym}战士们进行决斗.
Last week, radio coms with a strategic outpost was interrupted mid datastream to one of the remote relays and we've been unable to reestablish contact. Our other units are all tied up, so we need you to make contact and get a sitrep.	上周，我们与一处战略前哨的无线电通讯在一个远程中继站的数据传输中中断了，之后一直无法重建联系. 我们的其他单位都抽不开身，所以需要你们前去取得联系，并获取情况报告.
Less than an hour ago, we lost contact with a covert team tasked with infiltrating a {TEAM_TAR.FactionDef.Demonym} facility. The only reason for them not to respond is if their operation was blown, by discovery or counterintelligence. The research materials they were meant to collect are extremely important, and we can't afford to lose them. We need you to make a rapid and immediate deployment to the the facility, and get our people and their cargo to safety.	不到一小时前，我们和一支渗透{TEAM_TAR.FactionDef.Demonym}设施的秘密小队失去了联系. 他们不回应的唯一理由就是被发现了，或是因反间谍活动而暴露了. 他们原本要收集的研究资料极为重要，我们承受不起损失. 我们需要你迅速立即部署，前往该设施，把我们的人和他们携带的资料安全带回.
Let's do this thing quickly, {COMMANDER.FirstName}. I don't want us spending any more time on these jokers than we have to.	让我们速战速决，{COMMANDER.FirstName}. 我不想在这些小丑身上多浪费一分一秒.
Let's flush out this guy and restore our rating.	让我们把这家伙揪出来，恢复我们的评级。
Let's go make ourselves useful.	咱们去派上点用场吧.
Let's hope this heist works out the way Yang said that it would.	希望事情像杨说的那样顺利解决.
Let's hope this is the last hoop we need to jump through before finding this guy.	希望这是我们找到这家伙之前的最后障碍.
Let's keep our eyes open for any surprises, Commander.	让我们保持警惕，留意任何意外情况，指挥官.
Let's knock this out quickly, {COMMANDER.FirstName}. I don't want to try Graf Stieglitz-Bradford's patience any more than we have to.	我们应该尽快解决这个问题，{COMMANDER.FirstName}. 我不想再考验格拉夫·斯蒂格里茨·布拉德福德伯爵的耐心了.
Let's make some noise, {COMMANDER.Callsign}. Do as much damage as you can. When the Zhao siblings scatter, we'll choose our target and finish this.	大干一场吧，{COMMANDER.Callsign}. 全力输出火力. 当赵氏兄妹溃散时，我们再选择一个目标并完成任务.
Let's make this strike quickly, {COMMANDER.FirstName}. Bravo Lance will be holding off the Capellans while we work, and I don't want to leave them out there any longer than I have to.	让我们迅速行动，{COMMANDER.FirstName}. Bravo小队将负责拖住卡佩拉人，而我们则进行作战. 我不希望，你在外面呆的时间超过绝对必要的时间.
Let's protect that merchandise, {COMMANDER.FirstName}. It's what we're doing this for, after all.	务必保护好这批货，{COMMANDER.FirstName}. 这毕竟是我们行动的核心目的.
Let's see what Lady Suiko's lance of geriatric MechWarriors can do.	让我们来看看，翠子夫人那支由老年机甲战士组成的小队能有多大本事吧.
Like I said, the Baumann Group's distribution center is heavily defended, so we're gonna approach this as a two-stage operation. For this first stage, you're going to descend at the outermost edge of the OpFor's territory and engage their patrolling cavalry. Take out as many vehicles and 'Mechs as you can to clear the way for an assault on the distribution center.	正如我所说，鲍曼集团的配送中心防守严密，所以我们将把这次行动分为两个阶段. 在第一阶段，你们将从敌方领地最外围着陆，与他们巡逻的骑兵部队交战. 尽可能摧毁更多的车辆和机甲，为攻击配送中心清除道路.
Like the man said, we're going into this one blind, {COMMANDER.FirstName}. House Steiner isn't even supposed to have a presence in this system, so whatever we're about to walk into, we're doing it alone.	正如那人所说，{COMMANDER.FirstName}，我们真的什么都不知道. 施泰纳家族甚至不应该出现在这个星系中. 所以我们不能指望其他任何人，无论发生什么.
Looks Like some kind of aerial show. For some reason everyone here is testing out their brand new Land Air 'Mechs. Let's give them a show.	看起来像是某种空中表演. 不知为何，这里的每个人都在测试他们全新的陆空机甲. 咱们给他们秀一场吧.
Looks like Force Commander Singh's forensics team bought the false intel we planted. Let's hope it leads to the payoff we were promised.	看来辛格指挥官的取证团队信了我们植入的假情报. 希望这能带来承诺的回报.
Looks like a 3 team brawl commander, {COMMANDER.FirstName}.	看来是一场三队近战，指挥官 {COMMANDER.FirstName}。
Looks like more fighting overpowered pirates. Least I don't see the Queen's unit marked on the map.	看来又是打那些不堪一击的海盗。至少地图上没标出女王的部队。
Looks like some strong opposition, more reinforcements from local government troops.	看来抵抗相当强，还有更多来自当地政府部队的增援。
Looks like we are starting to see some heavier resistance. Make whatever preparations you can and prepare for another drop.	看来我们开始遇到更顽强的抵抗了。尽可能做好准备，为下一次投放待命。
Looks like we should swap out pilots as we go to conserve strength.	看来我们该在过程中轮换机师以保存体力。
Looks like {TEAM_EMP.FactionDef.Name} is really over a barrel here. My kind of customer.	看来{TEAM_EMP.FactionDef.Name}在这儿真的一筹莫展了. 这种客户正合我胃口.
Lord Jesper and his lance are on their way to challenge you. Hold the factory and send him home in his ejection pod, defeated and ashamed! Leave his precious ancestral BattleMech a smoldering ruin!	杰斯珀领主和他的小队正在赶来挑战你的路上. 守住工厂并让他弹射逃生，败兴而归！把他那珍贵的祖传机甲烧成冒烟的废墟！
Luthendorff will not escape death again, Commander. Don't expect an easy fight. This time she'll be prepared for us. I'm picking up multiple heavy contacts on my sensors. More scrap for Luthendorff's funeral pyre.	卢森道夫这次逃不掉了，指挥官. 别指望会轻松取胜，这次她肯定有备而来. 我的传感器上显示有多个重型目标. 给卢森道夫的火葬堆再多添点废铁吧.
Maintain the defense and do whatever it takes to get us out of this in one piece.	守住防线，不惜一切代价让我们完好无损地脱离此地.
Make sure to swap in fresh units when possible.	有机会就确保换上新单位。
Many years ago, we fought a lengthy conflict with {TEAM_TAR.FactionDef.ShortName} here in {TGT_SYSTEM.name}. Recently, however, news has trickled in from a remote region of the planet: enemy forces harrying regional transportation. Eyewitness reports describe very old 'Mechs in colors from the conflict long since ended. You are to show these old MechWarriors that the war is over for them as well.	许多年前，我们曾在{TGT_SYSTEM.name}与{TEAM_TAR.FactionDef.ShortName}进行过一场漫长的战争. 然而最近，从这个星球的偏远地区传来了消息: 敌军正在骚扰当地的交通. 目击者报告称，他们看见了有着那场早已结束的战争涂装的老旧机甲. 你的任务是让这些年迈的机甲战士明白，他们的战争已经结束了.
Matis \"Bishop\" Crenshaw and his retinue are en route to a meeting with Sian Triumphant, a satellite organization of the Emerald Dawn. Intercept Crenshaw's BattleMech, destroy it, and contact my DropShip to confirm the kill.	马蒂斯“主教”克伦肖及其随行人员正前往与“翡翠黎明”的附属组织“仙安凯旋”会面. 立即拦截克伦肖的战斗机甲，摧毁它，然后联系我的空投艇以确认击杀.
Mechwarriors, I have a mission for you. The local government has requested our assistance in neutralizing a group of hostile mechs. We'll be setting up an ambush and taking them out before they know what hit them. It's a simple mission, but we can't let our guard down.	机甲战士们，我有个任务给你们。当地政府请求我们协助消灭一伙敌对机甲。我们将设下埋伏，在它们反应过来之前就把它们干掉。任务很简单，但我们不能放松警惕。
Mining and Drilling are a large part of war efforts. By switching these resources we will tip the scale of the fight.	采矿与钻探是战争努力的一大组成部分。通过扭转这些资源，我们将改变战斗的天平。
More spies. Makes me wonder how deep ComStar infiltration actually goes.	又是间谍。让我不禁想康星的渗透到底有多深。
Move fast, {COMMANDER.FirstName}! The Black Widow and the Bounty Hunter are on their way.	快，{COMMANDER.FirstName}！黑寡妇和赏金猎人正在路上.
Move quickly… with assault-class 'Mechs. Commander, this is absurd. I hope they're paying well.	用突击级机甲快速机动。指挥官，这太荒唐了。我希望他们给的报酬够好。
Moving into the city arena will be a big change from what we've been dealing with so far. Expect a lot of narrow sight lines and vantage points.	进入城市竞技场会与我们此前应对的情况大不相同。预期会有大量狭窄视线与观察点。
Ms. Hadley's prison transport is waiting for you on the planet's surface, Commander. You will meet with it at a designated rendezvous point, then escort it to a distant repair bay. The personnel there stand ready to hold Ms. Hadley and patch up the prison transport APCs. When they're finished, you'll be free to press on to the extraction point.	哈德利女士的囚车正在星球地表等候，指挥官. 你需要在指定接应点会合，然后护送她前往远处的维修站. 那里的人员已准备羁押哈德利女士并修补囚车装甲. 完成后，你可自由前往撤离点.
Much less waste when its only two mechs facing off in the field, even less if they pay us to fight for them.	当战场上只有两台机甲对决时，浪费就少得多了; 如果他们付钱让我们替他们打，那就更少了.
My agents have traced Colonel Basil Lees to a stronghold in the basin ahead. I want you to raze it to the ground, and destroy anything that attempts to protect it. Show this Davion animal what the Draconis Combine does to those who would slaughter its people.	我的特工已经追踪到巴泽尔·利斯上校在前方盆地的一处据点. 我希望你将其夷为平地，摧毁一切试图保护它的东西. 向这头戴维恩猪展示，天龙联合体会对那些屠杀其人民的人做什么.
My contacts in the Maskirovka tell me that you rejected Commander Elliathy's offer. A wise decision, Commander. Bring down the remainder of Razorback Company, and nothing will stand between you and the seditionist camp.	我在欺敌局的联络人告诉我，你拒绝了艾莉希指挥官的提议. 明智的决定，指挥官. 摧毁尖背野猪公司的残余部队，叛军营地便将门户大开.
My daughter will arrive shortly at a private compound, and Luthendorff is on the way to greet her. Intercept and eliminate this criminal. But be on guard—she has bodyguards with her, although I expect you to easily outmaneuver and outsmart them.	我女儿很快会抵达一处私人庄园，卢滕多夫正在前往迎接她的路上。拦截并消灭这个罪犯。但要提防——她身边带着保镖，不过我相信你能轻易地机动胜过、智取他们。
My guess is that there was a credible threat made on the colony, and that's why they're pulling out. Expect fighting, Commander.	我猜在殖民地上有一个可信的威胁，那就是他们为什么撤退了. 预计会有战斗，指挥官.
My people on the ground have picked up a lance of Davion BattleMechs on their sensors, Commander. If you move on Lees without dealing with them, they'll be in position to outflank you.	我在地面上的人通过传感器发现了一支戴维恩战斗机甲小队，指挥官. 如果你直接攻击利斯而不处理他们，他们将有机会迂回包抄你.
My read on the situation is that by 'personnel' they mean 'covert operatives'. You don't hire 'Mechs to cover the retreat of clerical staff.	我对局势的理解是，他们所说的“人员”指的是“秘密特工”. 你不会雇佣机甲来掩护文职人员的撤退.
Never trust a pirate. I've got a bad feeling about this, Commander.	永远别信海盗。我有种不祥的预感，指挥官。
Nice, clean, and simple. Just the kind of job I like, and just what we'd have missed if we'd taken our shadowy friend up on his offer. You made the right call, {COMMANDER.FirstName}—now let's finish this thing.	干净利落、简单明了。正是我喜欢的那种活儿，也正是我们若接受那位神秘朋友的提议就会错过的。你做了正确的决定，{COMMANDER.FirstName}——现在我们把这事办完。
No ammo left? What kind of idiot set up their supply lines. Let's clean this duel up and cash in, Commander.	弹药都没了? 哪个白痴布置的补给线. 让我们干净利落地搞定这场决斗，然后收钱走人，指挥官.
No good deed goes unpunished, {COMMANDER.FirstName}. Not ever.	好心没好报，{COMMANDER.FirstName}. 历来如此.
No honor among thieves, I suppose.	盗贼之中没有任何荣誉可言，我认为.
Not being ambushed by pirates in alleyways would be nice.	不在小巷里被海盗伏击就好了。
Not much to say, Commander. Shoot to kill.	没什么可说的，指挥官. 往死里打.
Not much to say, Commander. {TEAM_EMP.FactionDef.ShortName} made a tactical fumble, and we're going to bail them out.	没什么可说的，指挥官. {TEAM_EMP.FactionDef.ShortName}造成了一起战术性失误，我们要帮他们脱离困境.
Not much to say, Commander. {TEAM_EMP.FactionDef.ShortName} made a tactical fumble, and we're going to bail them out. The convoy lead is privately offering to make sure a few crates of ammo 'fall off the truck' if we get them home.	没什么好说的，指挥官. {TEAM_EMP.FactionDef.ShortName}犯了个战术失误，我们得去给他们解围. 车队领队私下提出，如果我们能把他们护送回家，他会确保几箱弹药“从卡车上掉下来”.
Not the strangest contract we've been offered, if you can even call it that. Solaris 'Mechs aren't known for their conventional loadouts, Commander, so just keep that in mind.	这算不上我们接到过最奇怪的合约，如果它还能被称为合约的话。索拉里斯机甲并不以常规载荷闻名，指挥官，所以记住这一点。
Now that we have secured the asset, The Company is going to be all over us.I expect heavy assortment of mercs and security guards coming after us.	既然我们已经拿到了资产，公司肯定会全力追击我们. 我预计会有各式各样的雇佣兵和安保人员追来.
Now that we’ve decrypted the location of the Nyanderthal era artefact and our stolen equipment, we can drop in and claim back what is justly ours by birth right and legal purchase! Getting our equipment back takes utmost priority, as we can’t bring our musical joy to the Canopian masses without our equipment. Investigating the Nyanderthal artefact takes secondary priority, although its important, these wild goose chases turn out to be hogwash more often than not.	既然我们已经解密了尼安德特时代遗物和我们被盗装备的位置，我们就可以降落下去，夺回按出生权和合法购买本应属于我们的东西！取回我们的装备是最高优先事项，因为没有装备我们就无法把音乐的欢乐带给卡诺帕的民众。调查尼安德特遗物是次要优先事项，虽说它很重要，但这类大海捞针的追查十有八九是竹篮打水。
Now that your humanitarian responsibilities have been seen to, perhaps you'll be good enough to focus your attention on your <i>real</i> job? Lord Jesper and his lance are on their way to challenge you. Hold the factory and send him home in his ejection pod, defeated and ashamed! Leave his precious ancestral BattleMech a smoldering ruin!	既然你们的人道主义责任已履行完毕，或许现在能专心处理<i>正事</i> 了? 杰斯珀领主和他的机甲正在路上. 守住工厂，让他坐着弹射舱颜面尽失地滚回家！把他那宝贵的祖传机甲变成冒烟的残骸！
Now we are being ambushed by Clan Wolf. How can this day get any worse? I need you to head out and defend our east flank, Commander.	现在我们又遭到狼族伏击。这一天还能更糟吗？我需要你出去防守我们的东翼，指挥官。
Now we're destroying a civilian prison. Are we sure this was a good idea?	现在我们又在摧毁一座民用监狱。我们确定这是个好主意吗？
Obviously, our friends would prefer to salvage the lostech themselves, requiring us to clear out any defending forces. Thus, they're paying more if we clear out the defenders.	显然，我们的朋友更愿意自己去回收失落科技，这就需要我们清除所有守军. 因此，如果我们清除了守军，他们就会付更多的钱给我们.
Obviously, this deployment is gonna be a little fraught. It's on us to handle it anyway.	显然，这次部署会有点棘手. 但无论如何，要靠我们自行应对.
Obviously, {TEAM_EMP.FactionDef.ShortName} would prefer to salvage the lostech themselves, requiring us to clear out any defending forces. Thus, they're paying more if we clear out the defenders.	显然，{TEAM_EMP.FactionDef.ShortName}人更愿意自己去回收失落科技，这就需要我们清除所有守军. 因此，如果我们清除了守军，他们就会付更多的钱给我们.
Oh boy, let's hope Jimmy isn't down there or we may not get anything.	天哪，但愿吉米不在下面，否则我们可能什么都拿不到。
Oh sure, dropping in a merc 'Mech company to check your secret supply cache is the very definition of discretion. Commander, if this doesn't go sideways I may die of shock.	哦，当然，派一支雇佣兵机甲公司去检查秘密补给藏匿点，这本身就是“谨慎”的最佳定义. 指挥官，如果这事没出岔子，我可能会震惊而死.
Ok so our chances of obtaining the valuable data and research have been cut short, but this way does have a higher survivability. We will be destroying their production capabilities to hopefully drive them off this rock.	好吧，所以我们获取那些宝贵数据与研究的机会已经断了，但这条路确实生存率更高。我们将摧毁他们的生产能力，希望能把他们赶出这块石头。
Ok, we got some great information from the escort mission. First thing we learned was that I hate escort missions. Secondly however, is that this place serves two purposes: one is to protect the AI on a nearby planet, and two it has some nice loot.	好，我们从护送任务里得到了很棒的情报。第一件学到的事是我讨厌护送任务。第二件则是，这地方有两个用途：一是保护附近一颗行星上的AI，二是它有一些不错的战利品。
Okay, Boss! We've got the hot rods, and we're on our way to the LZ. Did I mention that I still hate rumble seats? Boy, do I ever! You'd better get on the comms to guide us through this—we're moving at a solid clip, but I suspect we're being followed…	好的，老板！热车已经到手，我们正在前往着陆点。我说过我还是讨厌简易座椅吗？天哪，我真是太讨厌了！你最好用通讯指引我们穿过这一带——我们跑得挺快，但我怀疑有人跟着我们……
Okay, Boss! We've got the monster trucks, and we're slugging our way to the LZ. Did I mention that I still hate rumble seats? Boy, do I ever! You'd better get on the comms to guide us through this; we're trudging along at a steady pace, but we're about to have company…	好，老大！我们弄到怪兽卡车了，正一路轰着往着陆区去。我说过我讨厌颠簸座吗？天哪，我可真是讨厌！你最好赶紧上通讯引导我们穿过这里；我们正以稳定速度艰难前行，但马上要有客人来了……
Okay, we made it to the planet. We have everything we need except for the geo-location of the fortress where they have whatever they have, and I want it. Get down there and smash that convoy and kill whoever to get the information we need.	好，我们到行星了。我们什么都不缺，只差那座堡垒的地理位置——他们手里有什么都无所谓，我要的就是它。下去摧毁那支车队，杀掉任何人，拿到我们需要的情报。
Ombra died for this, {COMMANDER.FirstName}. It's on us to make sure that her sacrifice counts for something.	Ombra为此牺牲了，{COMMANDER.FirstName}——我们必须确保她的牺牲没有白费.
Ominous, but hardly surprising. If we take this win we'll be over halfway to the top.	不祥，但并不意外。如果我们拿下这一胜，就过半了，离登顶只差一半。
On one hand, a Griffin is a tough 'Mech, given the kinds of enemies we're likely to run into out here. On the other hand, any official who thinks personally patrolling is a good idea may not be the best pilot around.	一方面，考虑到我们在这儿可能遇到的敌人类型，“狮鹫”是部坚固的机甲. 另一方面，任何一个觉得亲自巡逻是个好主意的官员，大概不会是个出色的机师.
On one hand, that mech can probably take care of itself, given the kind of opposition we're likely to run into out here. On the other hand, any official who thinks personally patrolling is a good idea may not be the best pilot around.	一方面，考虑到我们在这儿很可能碰上的对手水平，那台机甲大概足以自保. 另一方面，一个觉得亲自巡逻是个好主意的官员，恐怕算不上什么出色的机师.
One guy in a spacer bar says the wrong thing and every major power goes scrambling after LosTech.	太空酒吧的那家伙说错了，每个主要势力都在争先恐后地争夺失落科技.
One of our Civilian Liaison Teams has acquired a recently former {TEAM_TAR.FactionDef.Demonym} ammunition depot following the sudden death of much of the staff in an unfortunate incident. We removing the ammunition to a secure location lest if fall into the wrong hands. Your company is to provide security during the extraction.	我们的一支平民联络队接管了一座不久前还属于{TEAM_TAR.FactionDef.Demonym}的弹药库，此前库内大部分人员在一起不幸的事故中突然丧生. 我们正在将弹药转移至安全地点，以免落入不法之徒手中. 你们佣兵连的任务是在转移期间提供安保.
One of our DropShips was in the {TGT_SYSTEM.Name} system when it experienced technical issues. A final message indicated a hard landing. That DropShip was carrying a valuable piece of technology as cargo, and while we are willing to write off the ship itself, we very much need to recover the cargo. Satellite imagery suggests that {TEAM_TAR.FactionDef.Demonym} forces recovered the cargo and are holding it at a nearby facility. We need you to raid that facility and recover the item.	我们的一艘空投艇在{TGT_SYSTEM.Name}星系发生了技术故障. 最后的通讯显示它已进行了硬着陆. 那艘空投艇搭载了一件极其珍贵的技术设备，虽然我们可以放弃空投艇本身，但我们非常需要将货物找回. 卫星图像显示，{TEAM_TAR.FactionDef.Demonym}的部队已经回收了这批货物，并将其存放在附近的一个设施中. 我们需要你突袭那座设施，把东西找回来.
One of our VIPs is in a {TEAM_EMP.FactionDef.Demonym} facility on {TGT_SYSTEM.name}. We need to get her offworld, but the building is surrounded by {TEAM_TAR.FactionDef.Demonym} forces. You will sweep aside the opposition, recover our VIP, and transport her to a designated landing zone for extraction. Be prepared for opposition - the {TEAM_TAR.FactionDef.Demonym} units surrounding the embassy won't let you extract our personnel without a fight. Payment will be issued when you deliver our VIP alive and in one piece.	我们的一名VIP在{TGT_SYSTEM.name}的一处{TEAM_EMP.FactionDef.Demonym}设施里. 我们需要带她远离那个星球，但这座建筑被{TEAM_TAR.FactionDef.Demonym}的军队包围了. 你需要清除敌方阻力，救出VIP，并将她安全护送到指定的着陆区撤离. 请做好战斗准备——包围大使的{TEAM_TAR.FactionDef.Demonym}部队不会轻易让你带走我们的人员. 等你把我们的VIP平安带出，我们就会付款.
One of our VIPs is in a {TEAM_EMP.FactionDef.Demonym} facility on {TGT_SYSTEM.name}. We need to get her offworld, but the building is surrounded by {TEAM_TAR.FactionDef.Demonym} forces. You will sweep aside the opposition, recover our VIP, and transport her to a designated landing zone for extraction. Be prepared for opposition - the {TEAM_TAR.FactionDef.Demonym} units surrounding the embassy won't let you extract our personnel without a fight. Payment will be issued when you deliver our VIP alive and in one piece.<b><color=#e20000>[WARNING: Zombies]</color></b>	我们的一位贵宾在{TGT_SYSTEM.name}上的一处{TEAM_EMP.FactionDef.Demonym}设施里。我们需要把她送出行星，但那栋建筑被{TEAM_TAR.FactionDef.Demonym}部队包围。你要清扫对手，接回我们的贵宾，并把她送到指定着陆区撤离。为遭遇抵抗做好准备——包围使馆的{TEAM_TAR.FactionDef.Demonym}部队不会让你安然带走我们的人员。当贵宾活着、完好地送到时，报酬即行支付。<b><color=#e20000>[警告：丧尸]</color></b>
One of our bio research stations has gone dark in the {TGT_SYSTEM.name} system. We've not sure why but {TEAM_TAR.FactionDef.Demonym} affiliated groups have been asking about purchasing some specific supplies we also use in that system. Investigate and find out what's going on.	我们在{TGT_SYSTEM.name}星系的一个生物研究站失联了. 我们不确定原因，但{TEAM_TAR.FactionDef.Demonym}相关组织一直在询问购买我们在该星系也使用的某些特定物资. 进行调查，查明发生了什么.
One of our covert facilities was breached, Commander, in what appears to have been an inside job. A MechWarrior stationed there murdered the rest of the staff and is defecting to {TEAM_TAR.FactionDef.Name}, taking a valuable {TEAM_EMP.FactionDef.Demonym} 'Mech with her. The facility is a total loss, but we don't want that 'Mech falling into enemy hands. Track down the renegade and destroy her 'Mech. We believe she's being escorted by {TEAM_TAR.FactionDef.Demonym} forces, and there's a bonus if you destroy them as well.	我们的一座秘密设施被攻破了，指挥官，看起来是内贼所为. 一个驻扎在那儿的机甲战士谋杀了其余人员，并叛逃到了{TEAM_TAR.FactionDef.Name}，她还带走了一部宝贵的{TEAM_EMP.FactionDef.Demonym}机甲. 那座设施彻底毁了，但是我们不想那部机甲落入敌人手中. 追踪叛徒并摧毁她的机甲. 我们相信她正被{TEAM_TAR.FactionDef.Demonym}军队护送着，如果你也能消灭他们的话，就会有奖金.
One of our covert operatives was captured by a {TEAM_TAR.FactionDef.Demonym} patrol during a routine data drop, and is being held at a secure facility on {TGT_SYSTEM.name}. We need a rapid response team to raid the facility and get our operative out safely. We will pay a bonus if you're able to secure the data she was trying to deliver, as well. It's being held at a separate facility.	我们的一个秘密行动人员在一次例行情报传递时被一支{TEAM_TAR.FactionDef.Demonym}巡逻队抓获了，被关押在{TGT_SYSTEM.name}的一处安全设施里. 我们需要一支快速反应部队袭击该设施，安全地带走我们的特工. 要是你能取得她试图递送的数据，我们也会支付奖金. 它被放在一处单独的设施里.
One of our people has been staying in accommodations provided by our friends, the {TEAM_TAR.FactionDef.Demonym} authorities. She's ready to move on, though, and so we'd like you to go in and pick her up. Her current landlords probably won't let her just leave, however, so expect to settle some arguments. There might be shooting involved.	我们的一名人员一直住在我们的朋友——{TEAM_TAR.FactionDef.Demonym}当局提供的住所中. 不过，她现在准备离开了，所以我们希望你们前往那里把她接回来. 当然，她目前的“房东”恐怕不会轻易让她离开，因此做好解决一些争端的准备. 过程中可能会发生交火.
One of our people has been staying in high-class accomodations provided by our friends, the {TEAM_TAR.FactionDef.Demonym} authorities. She's ready to move on, though, and so we'd like you to go in and pick her up. Her current landlords probably won't let her just leave, however, so expect to settle some arguments. There might be shooting involved.	我们的一名成员一直住在{TEAM_TAR.FactionDef.Demonym}当局提供的高级住所中. 不过她现在已经准备好离开了，所以我们希望你进去把她接出来. 不过，她现在的“房东”可不会让她就这么走了，所以预计要解决一些争端. 可能会打上几枪.
One of our sources inside a {TEAM_TAR.FactionDef.Demonym} law enforcement facility just reported some alarming news. Somehow, the authorities have gotten their filthy hands on one of our accountants, and they're interrogating him for all our business secrets right now. That's not something we're willing to tolerate. We can't take any chances on this one, Commander. We need you to flatten that facility.	我们在一处{TEAM_TAR.FactionDef.Demonym}执法机构内部的线人刚刚传回令人震惊的消息. 不知怎么搞的，当局抓住了我们的一名会计师，目前正逼问他，企图获取我们所有的商业机密. 这是我们绝不能容忍的. 这次我们不能冒任何风险，指挥官. 我们需要你夷平那座设施.
Only marginally effective for a light tank, the Scorpion has proven effective in mass numbers. Swarms of Scorpions, easily procured due to their low cost, are an often-encountered danger on poorer worlds.	对轻型坦克来说它只能算勉强有效，但蝎式以数量证明了威力。由于采购成本低廉，成群结队的蝎式在贫困星球上屡见不鲜，是常见的威胁。
Opponents whose identities we don't know give me heartburn, Commander.	那些身份不明的敌人让我很不安，指挥官.
Our Employer is looking to stock up on munitions for the siege of this planet. He has asked us to secure the facility on their behalf.	我们的雇主正为围攻这颗行星囤积弹药。他请我们代他拿下那处设施。
Our Hovertank unit has been ambushed and needs some repairs. Get to them and escort them to a safe place to be picked up.	我们的悬浮坦克部队遭到了伏击，需要进行一些修理. 找到他们，并护送他们到安全地点以便接应撤离.
Our VTOL factory on {TGT_SYSTEM.Name} is under threat because of rumors that we are developing a new military airframe. This gossip has reached certain parties who may send spies and saboteurs. We have arranged for a garrison force to be moved into place, but we need mercenaries to protect the factory until our forces arrive.	我们在{TGT_SYSTEM.Name}上的VTOL(垂直起降飞行器)工厂正面临威胁，因为有传言称我们正在研发一款新的军用机身. 这些流言蜚语已传到某些可能派出间谍和破坏者的势力耳中. 我们已经安排了一支驻防部队前往该地，但在我们的部队抵达前，需要雇佣兵来保护工厂.
Our bases in {TGT_SYSTEM.name} have been plagued by the local Jarman brothers. With support from {TEAM_TAR.FactionDef.ShortName} they continually raid our supplies and we've had enough. Using their overconfidence against them we've baited them into accepting a duel with us. Can you help us out?	我们在{TGT_SYSTEM.name}的基地一直受到当地Jarman兄弟的骚扰. 在{TEAM_TAR.FactionDef.ShortName}的支持下，他们不断劫掠我们的补给，我们受够了. 我们利用他们的过度自信，引诱他们接受与我们的决斗. 你能帮我们一把吗?
Our bases in {TGT_SYSTEM.name} have been plagued by {TEAM_TAR.FactionDef.ShortName}. We have challenged them to a Trial of Refusal, hopefully driving them for the system once and for all.	我们在{TGT_SYSTEM.name}的基地一直受到{TEAM_TAR.FactionDef.ShortName}的侵扰. 我们已向他们发起拒绝审判 (Trial of Refusal)，希望能一劳永逸地将他们赶出这个星系.
Our battles with {TEAM_TAR.FactionDef.ShortName} in and around {TGT_SYSTEM.name} have been a waste of resources. {TEAM_TAR.FactionDef.Demonym} has issued us a Trial of Possession for this small area of the conflict. It will be a one-on-one battle in a Circle of Equals with you taking our place, ostensibly to save our own resources.	我们与{TEAM_TAR.FactionDef.ShortName}在{TGT_SYSTEM.name}及其周边的战斗一直是在浪费资源. {TEAM_TAR.FactionDef.Demonym}已向我们发出所有权试炼，以争夺冲突中的这一小片区域. 这将是一场在平等者之环中进行的一对一战斗，由你代表我们出战，表面上是为节省我们自身的资源.
Our convoy is making good progress, Commander, but there's a small problem. My people are reporting the way forward is thick with Federated Suns forces, and the moment they spot the convoy, they'll converge on it, and that will be the end of our operation. I need you to deploy a lance to clear the way to the extraction zone, and keep it clear while our Leopard comes in for the pickup. The LZ is likely to be extremely hot, Commander, and the enemy will be targeting the vehicles. You need to keep them alive and get them onto that DropShip.	我们的车队进展顺利，指挥官，但有一个小问题. 我的人报告说，前方道路上布满了恒星联邦的部队. 一旦他们发现车队，就会合围过来，那我们的行动就完了. 我需要你派遣一个小队，清除通往撤离区的道路，并在我们的“豹”式空投艇前来接应时保持道路畅通. 指挥官，着陆区很可能会极其危险，敌人会以车辆为目标. 你需要保证他们活着，并让他们登上那艘空投艇.
Our covert operatives on the planet have located a secret {TEAM_TAR.FactionDef.Demonym} facility that's been abandoned. We have a team inbound to this planet to strip the facility of everything valuable, but our people on the surface tripped some sort of alarm, which means the original owners are probably on their way to level the place and ensure we can't salvage anything. We need you and your people to occupy that base and keep it intact until our team arrives.	我们在该星球的秘密特工发现了一处已被遗弃的{TEAM_TAR.FactionDef.Demonym}设施. 我们有一支小队正赶往此星球，准备带走该设施中一切有价值的东西，但我们地面的人员触发了某种警报，这意味着原来的所有者很可能正在赶来夷平这儿，以确保我们捞不到任何东西. 我们需要你和你的人占领这座基地，并保持其完整，直到我们的人抵达.
Our employers don't really have any more legitimate a claim to this system than anyone else, but they do have the money to hire us, which is a solid argument for ownership.	我们的雇主对这个星系的合法主张并不比其他人更多，但他们有钱雇佣我们，这在所有权上也是一个有力的理由.
Our employers don't really have any more legitimate a claim to this system than anyone else, but they do have the money to hire us. Which is a solid argument for ownership.	我们的雇主对这个星系的合法主张其实并不比任何其他人更强，但他们有钱雇我们。这本身就是主张所有权的一个有力论据。
Our intelligence analysts located a well-hidden {TEAM_TAR.FactionDef.Demonym} research base on {TGT_SYSTEM.Name}. We've already pacified the base, and {TEAM_EMP.FactionDef.Name} made very firm job offers to the scientists at the facility. Almost all of them have accepted. We need to evacuate those scientists before their previous employers hear about their new positions.	我们的情报分析人员找到了一座位于{TGT_SYSTEM.Name}，隐蔽良好的{TEAM_TAR.FactionDef.Demonym}研究基地. 我们已经平定该基地，并且{TEAM_EMP.FactionDef.Name}向该基地的科学家提出了优渥的工作条件. 几乎所有人都答应了. 我们需要在他们的前任雇主得知消息前，尽快撤离这些科学家.
Our intelligence confirms a lance of {TEAM_TAR.FactionDef.Demonym} military units is engaged in maneuvers on {TGT_SYSTEM.name}, within a region we control. This is an aggressive action and {TEAM_EMP.FactionDef.Demonym} operations are at risk as long as this lance is allowed to move unimpeded. Hunt down the enemy lance and eliminate it.	我们的情报证实，一支{TEAM_TAR.FactionDef.Demonym}军事小队正在{TGT_SYSTEM.name}参加演习，就在我们的控制区内. 这是一次侵略性的行为，如果这支小队不受阻碍地行动，那{TEAM_EMP.FactionDef.Demonym}的行动就会受到威胁. 追捕并消灭这支敌方小队.
Our intelligence confirms there is a lance of {TEAM_TAR.FactionDef.Demonym} military units operating on {TGT_SYSTEM.name}, within a region we control. All {TEAM_EMP.FactionDef.Demonym} operations are at risk as long as this lance is allowed to move unimpeded. Hunt down the enemy lance and eliminate it.	我们的情报证实，一支{TEAM_TAR.FactionDef.Demonym}军事小队正在{TGT_SYSTEM.name}上我方控制的区域内活动. 只要这支小队可以不受阻碍地行动，那{TEAM_EMP.FactionDef.Demonym}的所有行动都将面临风险. 追捕并消灭这支敌方小队.
Our intelligence has identified an infamous war criminal in the service of {TEAM_TAR.FactionDef.Name} on {TGT_SYSTEM.Name}. We do not care about the {TEAM_TAR.FactionDef.Demonym} forces, but the criminal must be brought to justice. And by 'justice' we mean 'dead'.	我们的情报显示，有个臭名昭著的战犯正在{TGT_SYSTEM.Name}为{TEAM_TAR.FactionDef.Name}服务. 我们不在乎{TEAM_TAR.FactionDef.Demonym}的军队，但这个罪犯必须被绳之以法. 所谓“绳之以法”，我们的意思是“必须被消灭”.
Our intelligence operatives believe that a {TEAM_TAR.FactionDef.Demonym} leader is present and vulnerable on the surface of {TGT_SYSTEM.name}.  Eliminating them will leave their organization in shambles and clear the field for {TEAM_EMP.FactionDef.Demonym} operations.  The target will be relatively unguarded, and we'd like you to strike during this window of opportunity.	我们的情报人员相信，一名{TEAM_TAR.FactionDef.Demonym}领导人出现在了{TGT_SYSTEM.name}地表，并且易于攻击. 消灭他将使其组织陷入混乱，并为{TEAM_EMP.FactionDef.Demonym}的行动扫清道路. 目标相对来说没什么防备，我们希望你能在这个机会窗口内发动攻击.
Our intelligence operatives believe that a {TEAM_TAR.FactionDef.Demonym} leader is present and vulnerable on the surface of {TGT_SYSTEM.name}. Eliminating them will leave their organization in shambles and clear the field for {TEAM_EMP.FactionDef.Demonym} operations. The target will be relatively unguarded, and we'd like you to strike during this window of opportunity.	我们的情报人员相信，一名{TEAM_TAR.FactionDef.Demonym}领导人出现在了{TGT_SYSTEM.name}地表，并且易于攻击. 消灭他将使其组织陷入混乱，并为{TEAM_EMP.FactionDef.Demonym}的行动扫清道路. 目标相对来说没什么防备，我们希望你能在这个机会窗口内发动攻击.
Our munitions factory on {TGT_SYSTEM.Name} is under threat because of a rumor about a cache of Star League equipment at the site. This malicious gossip about LosTech has brought hungry wolves to our door. We have arranged for a garrison force to be moved into place, but we need mercenary units to protect the factory until our forces arrive.	我们位于{TGT_SYSTEM.Name}的军工厂正面临威胁，原因是一则关于工厂所在地藏有星际联盟设备的传言. 这条涉及失落科技的恶意流言，已经把一群饥饿的“豺狼”引到了我们门口. 我们已经安排了一支驻军部队前往，但在他们抵达之前，我们需要佣兵部队来保护工厂.
Our operative, Jawad, is in deep cover at the naval logistics base on this tiny island, Commander. Once you arrive at the facility, he'll break cover and board your unit in the rumble seat. Then you just need to get him and the data he carries out of the facility. We'll have the Leopard on standby to pick you up. Because you're going in quiet, the facility shouldn't be alerted to our insertion, and the opposition should be light.	我们的特工贾瓦德正潜伏在这座小岛的海军后勤基地内，指挥官. 待你抵达设施后，他将脱离潜伏状态并登上你机甲的后座，然后你只需护送他及其携带的数据撤离该设施.“豹”式将待命接应你们. 因为你们是秘密潜入，基地不会察觉到我们的入侵，敌方兵力应该很薄弱.
Our operative, Jawad, is in deep cover at the naval logistics base on this tiny island, Commander. Once you arrive at the facility, he'll break cover and board your unit in the rumble seat. Then you just need to get him and the data he carries out of the facility. We'll have the Leopard on standby to pick you up. We're going in loud, Commander, which means the facility is going to know you're coming. Be prepared for heavy resistance.	我们的特工贾瓦德正潜伏在这座小岛的海军后勤基地内，指挥官. 待你抵达设施后，他将脱离潜伏状态并登上你机甲的后座，然后你只需护送他及其携带的数据撤离该设施.“豹”式将待命接应你们. 此次我们将采取强攻策略，指挥官，这意味着设施守军会察觉你的行动. 请做好应对激烈抵抗的准备.
Our operatives on {TGT_SYSTEM.name} recovered a functional piece of SLDF technology, but before they could deliver it to us, they were captured by {TEAM_TAR.FactionDef.Demonym} forces. We need a team to assault the location they're being held, recover the technology, and escape.	我们在{TGT_SYSTEM.name}的行动人员回收了一项实用的星际联盟防卫军(SLDF)技术，但在他们把它送回来之前，就被{TEAM_TAR.FactionDef.Demonym}部队俘获. 我们需要一支队伍突袭拘禁他们的地方，回收这项技术并摆脱敌人.
Our people took a beating in a recent engagement, Commander, and we lost an entire lance. One of our pilots was killed when their 'Mech fell over, and the last of the {TEAM_TAR.FactionDef.Demonym} survivors was able to get our 'Mech back on its feet. Now they're hoping to get it safely to their dropship and claim it for their own. We need you to stop their salvage attempt, and bring that 'Mech down. It's still an active battlefield down there, so no telling what you'll encounter.	我们的人在最近的一次战斗中遭遇了惨败，指挥官，我们损失了一整只小队. 其中一名机师在机甲倒下时阵亡，而{TEAM_TAR.FactionDef.Demonym}最后的幸存者设法让我们的机甲重新站了起来. 现在他们希望能将其安全运回自己的空投艇上据为己有. 我们需要你阻止他们的打捞行动，并摧毁那台机甲. 下面的战场仍然活跃，所以无法预料你会遭遇什么.
Our research facility on {TGT_SYSTEM.name} has been under constant attack from {TEAM_TAR.FactionDef.Demonym} forces for some time. Rather than continue to risk their lives, we are evacuating the noncombatants. {TEAM_EMP.FactionDef.Name} will pay handsomely for a mercenary unit to protect them from {TEAM_TAR.FactionDef.Demonym} aggression.	一段时间以来，我们在{TGT_SYSTEM.name}上的研究设施一直受到{TEAM_TAR.FactionDef.Demonym}势力的攻击. 我们不愿意让非战斗人员继续冒着生命危险，我们决定撤离他们. {TEAM_EMP.FactionDef.Name}将为雇佣兵部队提供丰厚报酬，以保护他们免受{TEAM_TAR.FactionDef.Demonym}的攻击.
Our scouts have observed {TEAM_TAR.FactionDef.Demonym} military engineers constructing fortified gun emplacements in a contested region. We'd like you to locate and destroy all the heavy weapons and bunkers from a specific section of their line. You are free to engage any enemy mobile forces in the AO, we will provide additional compensation at standard rates for any elements you destroy.	我们的侦察兵观察到{TEAM_TAR.FactionDef.Demonym}的军事工程人员正在一处争议区域修建加固炮台. 我们希望你们定位并摧毁其防线特定区域内的所有重型武器和碉堡. 你们可以自由攻击作战区域内的任何敌方机动部队，我们将按标准费率对你们摧毁的任何目标提供额外报酬.
Our scouts have observed {TEAM_TAR.FactionDef.Demonym} military units covertly surveying military and industrial targets. This increased activity from {TEAM_TAR.FactionDef.Name} near several priority facilities suggests a strike is coming soon. We're tasking you with intercepting the scout lance that's identifying targets, and eliminating it before it can report back.	我们的侦察兵发现{TEAM_TAR.FactionDef.Demonym}部队正在秘密调查军事和工业目标. {TEAM_TAR.FactionDef.Name}在多个重点设施附近的这种频繁活动表明，一次打击可能即将发生. 我们委派你去拦截正在侦察目标的小队，并在它发回报告前将其消灭.
Our sensors indicate several large groups of incoming vehicles and BattleMechs, Commander. Whoever they are, I need you to hold them off and drive them away. Above all, they cannot be allowed to free Ms. Hadley from confinement. She belongs to us.	我们的传感器显示有多支大型车辆和战斗机甲部队正在逼近，指挥官. 无论他们是谁，我都需要你挡住他们并将其击退. 最重要的是——绝不能让他们把哈德利女士从监禁中解救出来. 她是我们的.
Our sources on the planet have alerted us to a convoy of vehicles being transferred to an otherwise undefended military base. If we act quickly, we can destroy that convoy before it has a chance to reinforce the base. Normally we wouldn't be concerned about a simple vehicle convoy, but {TEAM_EMP.FactionDef.Demonym} intelligence operatives report that one of the vehicles is a fully operational Schrek PPC carrier. That's not a threat we can afford to ignore. We need you to eliminate that convoy before they make it to their base.	我们在这颗行星的情报源警告我们，一支车队正被调往一座原本防御空虚的军事基地. 如果我们行动迅速的话，就能在该车队有机会增援基地之前将其摧毁. 通常情况下，我们不会关注一支普通的车队，但{TEAM_EMP.FactionDef.Demonym}情报人员报告称，其中一辆车辆是“史瑞克”粒子加农炮运载车. 那可不是我们可以忽视的威胁. 我们需要你赶在车队到达基地之前将其歼灭.
Our spies report that a veteran {TEAM_TAR.FactionDef.Demonym} MechWarrior from the Succession Wars retired to this system, and {TEAM_EMP.FactionDef.ShortName} would very much like to keep him retired. Permanently if possible. We've been monitoring a DropShip in orbit around the planet, and believe that they're preparing for a pickup. We need you to drop and intercept this MechWarrior before he can be reactivated. He's likely in a fairly heavy 'Mech, so be careful when you engage him.	我们的间谍报告称，一位继承战争时期的资深{TEAM_TAR.FactionDef.Demonym}机甲战士已经退役到该星系，而{TEAM_EMP.FactionDef.ShortName}非常希望确保他保持退役状态——最好是永久退役. 我们一直监控着一艘环绕该行星的空投艇，相信他们正准备接走他. 我们需要你空投过去，在这名机甲战士再获起用之前截下他. 他很有可能身处一部相当厚重的机甲中，因此在交战时务必小心.
Our strike on the military facility has presented an opportunity, Commander. The military ruler of Claybrooke, Lieutenant Colonel Chestine, is fleeing the capital for an undisclosed secure location, presumably to avoid being targeted by another strike. If we move quickly, we should be able to catch her while she's still in transit, and eliminate her. This mission was requested personally by Duchess Iris Steiner, the Margrave of Cavanaugh Theater, so it is absolutely critical that we succeed.	我们对军事设施的打击创造了一个机会，指挥官. Claybrooke的军事指挥官，Chestine中校，正在逃离首都前往一个未公开的安全地点 - 大概是为了避免成为另一次打击的目标. 如果我们行动迅速，应该能在她还在途中时截住她，并将她消灭. 这个任务是卡瓦诺战区总督Iris Steiner女公爵亲自要求的，所以我们取得成功至关重要.
Our strike on the military facility has presented an opportunity, Commander. The military ruler of Claybrooke, Lieutenant Colonel Chestine, is fleeing the capital for an undisclosed secure location, presumably to avoid being targeted by another strike. If we move quickly, we should be able to intercept her convoy and take her captive. This mission was requested personally by Duchess Iris Steiner, the Margrave of Cavanaugh Theater, so it is absolutely critical that we succeed.	我们对军事设施的打击创造了一个机会，指挥官. Claybrooke的军事指挥官，Chestine中校，正在逃离首都前往一个未公开的安全地点 - 大概是为了避免成为另一次打击的目标. 如果我们行动迅速，应该能在途中拦截她的车队并俘虏她. 这个任务是卡瓦诺战区总督Iris Steiner女公爵亲自要求的，所以我们取得成功至关重要.
Our {TEAM_TAR.FactionDef.Demonym} enemies are hiding restricted munitions in a series of warehouses used to distribute medical supplies. We would make a public accusation that they're hiding munitions in medical supplies, but that would reveal the source of our intel. Instead, we need you to go in and do what we cannot: destroy the warehouses.	我们的{TEAM_TAR.FactionDef.Demonym}敌人在一系列用于分发医疗物资的仓库中隐藏了受管控的军火. 我们本可以公开指控他们将军火藏在医疗物资中，但这会暴露我们的情报来源. 因此，我们需要你亲自出手完，成我们无法做到的事情: 摧毁这些仓库.
Over the coming weeks, {TEAM_EMP.FactionDef.ShortName} plans to launch a devastating offensive against {TGT_SYSTEM.name}, catching the defenders off guard and taking the planet before they can properly mobilize. They've put out a discreet call for mercenary commands like ours to supplement their forces.	未来数周内，{TEAM_EMP.FactionDef.ShortName}计划对{TGT_SYSTEM.name}发动毁灭性攻势，趁守军不备，在其完成动员前夺取该星球. 他们已秘密发出征召令，招募我们这样的佣兵部队增援其兵力.
Over the coming weeks, {TEAM_EMP.FactionDef.ShortName} plans to launch a series of raids on {TGT_SYSTEM.name}, aiming to weaken the defending forces and make off with as much materiel and wealth as possible before the defenders can properly mobilize. They've put out a discreet call for mercenary commands like ours to supplement their forces.	未来数周内，{TEAM_EMP.FactionDef.ShortName}计划对{TGT_SYSTEM.name}发动一系列突袭，旨在削弱守军力量，并尽可能在守军完成动员前掠夺大量物资与财富. 他们已暗中征召我们这样的佣兵部队增援其兵力.
Over the past few weeks we've been engaged in small stage skirmishes with {TEAM_TAR.FactionDef.ShortName} in and around {TGT_SYSTEM.name}. The company commander must feel they can't continue their campaign because they've requested a duel to claim this local forward base. Little do they know that we've recently run out of supplies so we've very much taken them up on their offer. This is where you come in. We need you to win this for us, Commander.	过去几周里，我们一直在{TGT_SYSTEM.name}及其周边区域与{TEAM_TAR.FactionDef.ShortName}进行小规模冲突. 连队指挥官一定是觉得他们无法继续这场战役了，因为他们已经请求进行一场决斗来夺取这个前沿基地. 他们不知道的是，我们最近刚好补给耗尽，所以我们非常乐意接受他们的提议. 这就是需要你出马的地方了. 我们需要你为我们赢得这场决斗，指挥官.
Perfect Call Shots and 10% Damage Boost	完美精准射击并增加10%伤害
Personally, I'm not above simple robbery to pay the bills, Commander.	就我个人而言，我并不喜欢单纯靠抢劫来赚钱，指挥官.
Pirate Base straight ahead, and beyond that their drop zone. Let's move up and send a message!	海盗基地就在正前方，再过去是他们的投放区。我们推进，发个信息过去！
Pirates aren't known for competent planning, Commander. Still, their screw-up is our payday.	指挥官，海盗不擅长策划. 不过，他们搞砸了就是我们发财的时候.
Pirates got to know what's on those vehicles by now. Might be a fight.	海盗现在肯定已经知道那些车辆上装的是什么了。可能会有一场仗打。
Pirates tend not to be the best armed forces, at least.	至少，海盗往往不是装备最好的军队。
Proceed to Itrom to protect its people from the aggressors. The latest intel recommends a lance that balances speed and firepower, but can deal with Itrom's searing heat. Further details will be provided upon your arrival.	前往伊特罗姆，保护其民众免受侵略者之害。最新情报建议组建一支兼顾速度与火力的分队，同时能应对伊特罗姆的灼热高温。抵达后将提供更多细节。
Professor Mencius Horvat is waiting for you in the Tournament arena. He expects you to play by his rules—to let him lead a pair of your MechWarriors like lambs to the slaughter. Instead, you're going to show him the kind of firepower that your company can really bring down. Destroy him, and the MIIO will reward you accordingly.	孟修斯·霍瓦特教授正在锦标赛竞技场等你。他指望你按他的规则行事——让他像牵羊入屠宰场一样带走你的两名机甲战士。而你，要让他见识你的连队真正能倾泻怎样的火力。干掉他，MIIO 会给予相应的回报。
Purrfect, now we get to witness the full firepower of this fully armed and operational… We have orbital units standing by with some particularly impressive fireworks ready to display, just for us.  You’ve got to move in and triangulate the target for us so we can accurately dispense some flashy justice. Yes, we enjoy a few explosions when we’re the ones setting them off. Additionally we have roused some local support for the battle, expect them to provide assistance as best they can	完美，现在我们可以见证这套全副武装、完全运作的……的完整火力了。我们有轨道单位待命，准备好一些特别震撼的烟火表演，专为我们展示。你得推进去并为目标做三角定位，好让我们准确地施放华丽的正义。是的，当我们是点火的那一方时，我们挺享受几次爆炸的。此外我们还为该战唤起了当地一些支援，预计他们会尽力提供协助
Remember, Dominik is a sniper—he likes to sit back and punch holes in things at range, and his 'Mech is equipped to facilitate that. I'd suggest closing into knife-fight range if possible.	记住，多米尼克是个狙击手——他喜欢待在后面，在远距离上把东西打穿，而他的机甲就是为此配备的。如果可能，我建议你逼近到白刃距离。
Remember, Orchid is a brawler—she likes to get in close, and her 'Mech is equipped to facilitate that. I'd suggest that you engage her from range if possible.	记住，奥琪德是个近战好手——她喜欢贴身缠斗，而她的机甲也是为此配备的。如果可能，我建议你从远距离与她交战。
Remember, Viribium is an airless planet. Watch your heat levels out there.	别忘了，维里比姆是一颗没有大气层的行星. 注意机甲的热量.
Remember, clearing the enemry forces here isn't our objective. Getting back the Nyans stuff is. The mechs are incidental... however they're still going to be to be shooting <i>our</i> 'Mechs in the ass, Commander. We're going to need to stay on the move.	记住，清掉这里的敌军不是我们的目标。夺回尼扬的东西才是。机甲是附带的……不过它们仍然会朝<i>我们</i>机甲的屁股开火，指挥官。我们得保持移动。
Rumor has it that the {TEAM_EMP.FactionDef.Name} have been smuggling restricted munitions in among their medical supplies. On the surface, at least, we're being tasked with a humanitarian escort mission.	有传言说{TEAM_EMP.FactionDef.Name}在他们的医疗物资中夹带走私受管控的军火. 至少从表面上看，我们的任务是人道主义的护送任务.
Rumor has it that the {TEAM_EMP.FactionDef.Name} have been smuggling restricted munitions in amongst their medical supplies. On the surface, at least, we're being tasked with a humanitarian escort mission.	有传言称{TEAM_EMP.FactionDef.Name}一直在把受限弹药混在医疗物资中走私。至少表面上，我们的任务被说成是一次人道主义护送。
Safe bet the Galaxy Commander has more forces near by, look out for them, this could be dangerous.	星系指挥官附近很可能有更多部队，当心他们，这可能会很危险。
Satellite surveillance pictures show that a heavy lance was inserted onto the planet's surface by a {TEAM_TAR.FactionDef.Demonym} DropShip. Currently we believe they're securing their LZ, preparing for whatever operation they have planned. Before they finish securing the area, we'd like you to interrupt them. They're heavily armed so expect strong resistance.	卫星监控照片显示，有一支重型机甲小队由一艘{TEAM_TAR.FactionDef.Demonym}空投艇投放到了行星表面. 我们相信他们目前正在巩固着陆区，为接下来的行动做准备. 在他们清理完该区域之前，我们希望你阻止他们. 他们全副武装，所以预计会有强烈抵抗.
Seems simple enough. Stop a local government convoy carrying a suspected traitor. No one should even care if he dies to be honest.	听起来够简单。拦下一支载着一名疑似叛徒的当地政府车队。说实话，就算他死了也该没人在乎。
Seems straightforward enough, {COMMANDER.FirstName}. Get in there and make it happen.	任务很明确，{COMMANDER.FirstName}. 进场执行吧.
Seismic disturbances picked up by one of our recon units on {TGT_SYSTEM.name} suggest that someone is conducting underground nuclear tests on this supposedly abandoned world. We believe the culprits are operating out of a secret {TEAM_TAR.FactionDef.Demonym} manufacturing facility, and we've picked up transmissions indicating they intend to move their newly developed weapons to a hidden spaceport and then transport them off-world. Needless to say, this isn't an acceptable outcome for {TEAM_EMP.FactionDef.ShortName}.	我们的一支侦察单位在{TGT_SYSTEM.name}收到的地震扰动显示，有人在这颗本应荒凉的星球进行地下核试验. 我们相信元凶正在一处秘密{TEAM_TAR.FactionDef.Demonym}制造设施中行动，而我们收到的讯息显示他们要将新研发的武器送往一座秘密太空港，运出这颗星球. 不必说，这不是{TEAM_EMP.FactionDef.ShortName}所能接受的结果.
Semi-final of the Solaris Assault Tank Championship. You have to eliminate the opponent to move to the next stage.	索拉里斯突击坦克锦标赛的半决赛。你必须消灭对手才能进入下一轮。
Semi-final of the Solaris Heavy Championship. You have to eliminate the opponent to move to the next stage.	索拉里斯重型锦标赛半决赛。你必须消灭对手才能晋级。
Semi-final of the Solaris Light Championship. You have to eliminate the opponent to move to the next stage.	索拉里斯轻型锦标赛半决赛。你必须消灭对手才能晋级。
Semi-final of the Solaris Medium Championship. You have to eliminate the opponent to move to the next stage.	索拉里斯中型锦标赛的半决赛。你必须消灭对手才能进入下一轮。
Semi-final of the Solaris Medium Tank Championship. You have to eliminate the opponent to move to the next stage.	索拉里斯中型坦克锦标赛半决赛。你必须消灭对手才能进入下一阶段。
Setting aside the rumors of LosTech, this contract is an excellent opportunity to take payment in 'Mech parts and salvage rights, as {TEAM_EMP.FactionDef.Demonym} MechTechs are on-site for recovery.	撇开那些关于失落科技的传言不谈，这份合约是个用机甲部件和打捞权作为报酬的绝佳机会，因为{TEAM_EMP.FactionDef.Demonym}的机甲技师会在现场进行回收工作.
She got through that entire briefing without saying, \"The hunter will become the hunted.\" I'm pleasantly surprised.	她整个简报都没说出“猎手终成猎物”. 令人意外地惊讶.
She may have escaped us earlier, but I see her lance up ahead. Get down there and make sure there is nothing left to salvage.	她上次可能从我们手里逃脱了，但我看到她的分队就在前面。下去，确保没留下任何可打捞的东西。
She really has a problem getting good intel.	她确实很难搞到好情报。
Should be a simple pickup job, Commander, but remember that we're going in light, which means the pickup 'Mech is going to be more vulnerable than usual.	这应该只是个简单的接应任务，指挥官，但记住我们是轻装进入. 这意味着接应机甲会比平时更脆弱.
Simply mark the three designated target zones and watch the fireworks, knowing you're doing some good in the galaxy, Commander. This facility has to be destroyed completely.	只需标出三个指定目标区域，然后看烟花绽放，同时知道自己为这个银河做了些好事，指挥官。这处设施必须被彻底摧毁。
Singh still believes that Gurung was behind the attacks on his family. That's bad news for Gurung, but it's good for us. Let's do this thing and get paid.	辛格仍然认为古隆是袭击他家族的幕后黑手. 这对古隆是坏消息，但对我们有利. 按计划行事并拿到酬金.
Smooth sailing so far, Commander.	到目前为止一帆风顺，指挥官。
Smugglers funded by {TEAM_TAR.FactionDef.ShortName} have set up just outside our borders, causing an ongoing problem for {TEAM_EMP.FactionDef.Demonym} operations. We'd like to cut the head off this particular snake with a targeted, limited, and deniable strike on their leader. Ideally, this will shut them down permanently.	由{TEAM_TAR.FactionDef.ShortName}资助的走私者已在我们的边界外建立据点，持续干扰{TEAM_EMP.FactionDef.Demonym}的行动. 我们希望对他们的头目进行一次针对性、有限且可撇清关系的打击，斩断这条蛇的七寸. 理想的情况下，这将使其彻底瓦解.
So, clean up the mess AND give away the credit. What a raw situation. At least the MRB knows the deal.	所以，既要收拾烂摊子，还要把功劳让出去. 真是糟糕的局面. 至少雇佣兵审查委员会了解内情.
So, pick up the mess AND give away the credit. What a raw situation. At least the MRB knows the deal.	所以，既要收拾烂摊子，还得把功劳让给别人. 真是亏大了. 至少雇佣兵审查委员会知道内情.
Solaris gladiators are known for their unusual 'Mech designs. Keep an eye out and expect the unexpected.	索拉里斯角斗士以其独特的机甲设计而闻名. 保持警惕，随时准备迎接意想不到的情况.
Solving the lack of available experienced units by hiring the best? Well, they at least know who to turn to!	通过雇佣最优秀的人才来解决缺少有经验部队的问题? 好吧，他们至少知道该找谁!
Some of our favorite people are currently being held in a {TEAM_TAR.FactionDef.Demonym} prison facility. We'd like to break them out and evacuate them, but the prison's protected by a nearby military base. We're very competent at prison breaks, but less experienced at defending bases from lances of military 'Mechs. That's where you come in! We'll seize control of the prison, and then you land and shoot anyone who tries to keep us from evacuating our dear friends. In fact, it would probably be best if you simply destroyed their base entirely. Wouldn't do to have them tracking us!	我们的一些挚友正被关押在一座{TEAM_TAR.FactionDef.Demonym}监狱设施中. 我们想救他们出来并撤离，但那座监狱由附近的军事基地保护. 我们在越狱方面很在行，但在抵挡一整支军事机甲小队攻击基地这方面却缺乏经验. 这正是需要你们出手的时候！我们将夺取监狱控制权，而后你们降落并消灭任何企图阻挠我们撤离的敌人. 事实上，你们最好干脆把他们的基地彻底摧毁，免得他们追踪我们！
Some training work sounds nice about now. It's someone still learning, so how hard can it be?	现在来点训练任务听起来不错. 对方还是个在学的新手，能有多难呢?
Somehow I doubt there's a lost 'Mech factory on this backwater world. It probably manufactures low-g bicycles or something else as useless.	我有点怀疑这颗穷乡僻壤上会有什么失落的机甲工厂。它大概生产低重力自行车或者别的同样没用的东西。
Somehow I doubt there's a lost 'Mech factory on this backwater world. It probably manufactures low-g bicycles or something else useless.	不知怎的，我怀疑在这颗闭塞的星球上有一座失落的机甲工厂. 也许它生产低重力自行车或其它什么无用的东西.
Somehow we've let {TEAM_TAR.FactionDef.Name} get their hands on one of our less reliable suppliers. It only took them a few days to break her, and now she's ready to spill all kinds of secrets in court. That isn't in our best interests, and since you're talking to us, it's not in yours, either. We'd like to demonstrate what happens to those who snitch. She's being transported to a secure facility by ground vehicle. We don't know which vehicle she'll be in, so just take them all out. If you help us send a message by wiping out all the escorts, there's a bonus in it for you.	不知怎的，{TEAM_TAR.FactionDef.Name}控制了我们一位不太可靠的供应商. 他们只用了几天就攻破了她，而现在她准备出庭托出所有秘密. 这对我们没有任何好处，而既然你也在跟我们打交道，那这事对你来说也同样不利. 我们想让她明白，告密者会有什么下场. 她正由地面车辆运往一座安全设施. 我们不知道她在哪辆车上，所以只管全部干掉就行. 如果你扫荡了所有护卫，帮我们传达了信息，我们会给你一笔奖金.
Somehow we've let {TEAM_TAR.FactionDef.Name} get their hands on one of our less reliable suppliers. It only took them a few days to break her, and now she's ready to spill all kinds of secrets in court. That isn't in our best interests, and since you're talking to us, it's not in yours, either. We'd like to do a little bit of witness tampering, of the fatal variety. She's being transported to a secure facility by ground vehicle. We don't know which vehicle she'll be in, so just take them all out. If you help us send a message by wiping out all the escorts, there's a bonus in it for you.	不知怎的，{TEAM_TAR.FactionDef.Name}控制了我们一位不太可靠的供应商. 他们只用了几天就攻破了她，而现在她准备出庭托出所有秘密. 这对我们没有任何好处，而既然你也在跟我们打交道，那这事对你来说也同样不利. 我们希望进行一些证人干预，致命的那种. 她将由地面车辆运往一座安全设施. 我们不知道她会在哪辆车上，所以只管全部干掉就行. 如果你扫荡了所有护卫，我们会给你一笔奖金.
Somehow, the {TEAM_TAR.FactionDef.Demonym} authorities have discovered one of our storehouses. If it were just drugs or stolen goods, we'd let them seize it and write it off as a loss. But it's a weapons stockpile, and those damn things are hard to move from one system to another. We'd like you to protect our guns while our people load them onto transports and we evacuate them.	{TEAM_TAR.FactionDef.Demonym}当局不知怎的发现了我们一处仓库. 若只是药品或赃物，我们大可以任其查封，并当作损失处理. 可那是一座军火库，这些该死的东西在星系间运输极为困难. 希望你们能在我方人员装运货物时保护这批枪炮，协助我们完成撤离.
Someone's in serious trouble --- and they need our help now.	有人陷入了大麻烦——他们现在需要我们的帮助.
Sometimes the best strategy is to stretch, bounce, and hope you don't snap.	有时候，最好的策略是拉伸、弹跳，并希望自己不会被崩断.
Sometimes you're left with nothing but bad options. This is one of those times, but we're professionals, and it's on us to handle it.	有时候你只能从糟糕的选项里做选择. 现在就是这种时刻，但我们是专业人士，必须处理好它.
Sounds like someone has a case of the Mondays.	听起来有人得了周一综合症。
Sounds like someone you may have run into before Commander. I wonder, do they write the name in blood on themselves? We should ask before the battle starts.	听起来像是你以前可能遇到过的人，指挥官. 我很好奇，他们会在自己身上用血写下名字吗? 我们应该在战斗开始前问问.
Sounds like they want us to bring the big guns, Commander. I'll let Yang know; he's going to want to watch.	听起来他们是想让我们带上大家伙了，指挥官. 我会通知杨一声; 他肯定想亲眼看看.
Sounds like we'll be hitting a middle manager.  The target won't be alone, Commander, and there's a bonus if we clean up the escorting units as well.  Still, if things get too hot, we can always hit and run.	听起来我们要袭击一个中层管理. 目标不会孤身一人，指挥官，如果我们清除了护卫单位就会有奖金. 不过，要是事态过于危险的话，我们总可以打了就跑.
Sounds like we'll be hitting a middle manager. Not much glory, but it pays. The target won't be alone, Commander, and there's a bonus if we clean up the escorting units. Still, if things get too hot, we can always hit and run.	听起来我们要袭击一个中层管理. 这不怎么光荣，可有钱拿. 目标不会孤身一人，指挥官，如果我们清除了护卫单位就会有奖金. 不过，要是事态过于危险的话，我们总可以打了就跑.
Sounds like we'll be hitting a middle manager. The target won't be alone, Commander, and there's a bonus if we clean up the escorting units as well. Still, if things get too hot, we can always hit and run.	听起来我们要袭击一个中层管理. 目标不会孤身一人，指挥官，如果我们清除了护卫单位就会有奖金. 不过，要是事态过于危险的话，我们总可以打了就跑.
Spazz is a nasty, nasty drug, Commander, but not really recreational in any way. If some MechWarrior wants to burn themself out on the stuff, that's on them.	斯帕齐是一种非常，非常危险的药物，指挥官，但无论如何都没有真正的消遣作用. 如果有机甲战士想用这东西燃尽自己，那随他们便.
Straight out of the holovids, Commander. A showdown at high noon... or whatever time it will be on {TGT_SYSTEM.name}.	简直就像全息影剧里的情节，指挥官. 一场正午时分的决斗……或者说，在{TGT_SYSTEM.name}上不管是什么时候吧.
Subcommander Tianyu isn't going to let us keep what's in this vault without a fight, and it'll take time for Yang's crew to gather up all the pieces of that SLDF 'Mech. Now that we're committed to doing this, let's do it right.	天宇副指挥官不会不战而退就将仓库里的东西留给我们——而杨的团队需要时间，收集那台SLDF机甲的所有部件. 既然我们已经决定要这么做，那就把事情做得漂亮.
Swap out the fatigued pilots for fresh ones, Commander.	指挥官，把疲劳的机师换成精神饱满的。
Taking down a Dropship on a full night's rest and fully repaired 'Mechs might be easier. Make sure to withdraw Commander, if you get stuck.	如果有一整晚休息和完好机甲，干掉空投艇也许更容易。指挥官，如果陷住了，务必撤退。
Taking down assault 'Mechs isn't going to be easy, Commander, but if we can play them off against each other, we might make out quite well on this one.	摧毁一部袭击型机甲并不容易，指挥官，但如果我们能让他们鹬蚌相争，也许我们这次能大赚一笔.
Taking fire for them isn't desirable, but it's how we earn our keep.	为他们承受火力并非理想之事，但这正是我们谋生的方式.
Taking it directly to the head of the clan. Nothing like some honorable combat in the morning	直接把事摊到氏族首领面前。早上来点荣誉战斗再没有更好的了
Terrorist strikes against our facilities have increased, and our intel says {TEAM_TAR.FactionDef.Name} is bankrolling the terrorists and providing logistical support in the form of small arms, explosives, and medical supplies. We need you to intercept the {TEAM_TAR.FactionDef.Demonym} supply convoy and destroy it before it reaches the terrorists.	恐怖分子针对我们设施的袭击越来越多了，根据我们的情报来看，{TEAM_TAR.FactionDef.Name}正在资助恐怖分子，以轻武器、炸药和医疗用品的形式提供后勤支援. 我们需要你拦截{TEAM_TAR.FactionDef.Demonym}的补给车队，并且在它抵达恐怖分子之前就消灭它.
That little bastard and his fat friend are not getting away from me. Take the fight to them Commander.	那个小混蛋和他那个胖朋友别想从我手里跑掉。指挥官，把战斗打到他们身上去。
The <i>Dobrev</i> is gone, but its crew left an undefined amount of valuable contraband behind at the spaceport. Unfortunately, the Black Widow wants to melt every scrap of that contraband to slag. The Moderbjörn will draw the Black Widow's attention away from our AO, which should buy Yang and me enough time to ransack the spaceport. We'll be relying on your lance to protect us from anyone else who might come along.	<i>多布雷夫号</i> 已经离开，但它的船员在太空港留下了数量不明的贵重违禁品. 不幸的是，黑寡妇打算把这些违禁品全都熔成废渣.“熊妈妈”会负责吸引黑寡妇的注意力，把她调离我们的行动区域. 这应该能为杨和我争取足够的时间彻底搜查太空港. 我们将依靠你的机甲小队来保护我们，以防其他不速之客前来干扰.
The Baumann Group's made a lot of money off of the <i>Dobrev</i>. We're gonna find out where they took it—and get a piece of the profits for ourselves while we're at it.	鲍曼集团靠<i>多布雷夫</i>赚了大钱。我们要查出他们把它带到哪儿去了——顺便给自己分一份利润。
The Beasts of Balawat have units scattered all across this basin. More importantly, they've got a monster LRM boat that needs to go down before we can even try to move the convoy to a landing site. It's an assault 'Mech, Stalker-class, heavily modified for indirect fire. Destroy it and proceed to the rendezvous site.	“巴拉瓦特野兽”的单位分散在整个盆地. 但更糟糕的是他们有一个怪物级远程火箭平台，在我们尝试将车队转移到撤离点之前必须先干掉它. 那是一台袭击型机甲，“潜行者”，经过大幅改装后已完全转换为间接火力. 摧毁它后前往汇合点.
The Beasts of Balawat's armory is just ahead of you, Commander. Strike swiftly, take the facility, and hold it until Megan and Tempest can be extracted. The Kell Hounds and I will handle Rhee and her people. Let's do this.	“巴拉瓦特野兽”的军械库就在前方，指挥官. 迅速突击，夺取设施，坚守至梅根与坦佩斯特获救. 凯尔猎犬小队会处理Rhee及其手下. 开始行动！
The Clan forward base is directly ahead of you. Capture it to get the Clan Galaxy Commander's attention. We want you to make a noise and show these interlopers that the Inner Sphere isn't finished here.	部族前进基地就在你正前方。夺取它以引起部族星系指挥官的注意。我们要你闹出动静，让这些闯入者知道内层星域在这里还没完。
The Davion sensor array you'll need to capture is just ahead, Commander. Take it, and Ms. Meyer will have what she needs to neutralize Lees's threat to the <i>Argo</i>.	你需要捕获的戴维恩传感器阵列就在前方，指挥官. 夺下它，梅耶女士就可以削弱利斯对<i>阿尔戈号</i> 的威胁.
The Defending army has a starport nearby. We have been contracted to disable the starport so the defending army will be cut off from their reinforcements.	防守方在附近有一处星港。我们已签约要瘫痪该星港，使防守军与其增援隔绝。
The Employer's Army has been locked in a stalemate with the enemy for a few days now. In the end, it's gonna come down to whichever side has the most ammo, so let's make sure it's our Employers.	雇主的军队已与敌人僵持数日。最终胜负取决于哪一方弹药更多，所以我们得确保是我们的雇主。
The FedSuns are going to assume we're still back at the base getting things loaded up and ready to go, Commander. Let's give them a surprise.	恒星联邦会以为我们还待在基地里装货做撤离准备呢，指挥官. 咱们给他们个惊喜吧.
The Federated Suns have constructed a forward base in the no-man's-land between their territory and ours on Flintoft's northern continent. We need you to eliminate their garrison and capture that base. We will remit payment when you've completed the job and secured the base.	恒星联邦在弗林托夫特北部大陆的领土与我方控制区间的无人地带建立了一个前沿基地. 我们需要你消灭其驻军并夺取该基地. 完成任务并控制该基地后，我们将支付报酬.
The Governor of {TGT_SYSTEM.name} has been challenged to a proxy war duel by a rival {TEAM_TAR.FactionDef.Demonym} Governor. We'd like you to be his proxy in this fight. If you lose, we'll just deny it was ever agreed to. We don't want to actually risk anything here.	{TGT_SYSTEM.name}的总督受到一位敌对的{TEAM_TAR.FactionDef.Demonym}总督挑战，要求进行代理战争决斗. 我们希望你能在这场战斗中担任他的代理. 如果输了，我们就会矢口否认曾有过此约定. 我们可不想在这儿真冒任何风险.
The ISF believes that Nephrite has already made planetfall and is tracking a FedSuns convoy moving out from the landing site. It's probable that the target is in the convoy; if we strike now, we should be able to end this little insurrection before it even begins. Engage the vehicles and destroy them all. Then, our people will sort through the remains and see if we hit our target. If we're lucky, we'll be done with this in time for dinner.	ISF认为，软玉已经登陆，并且正在追踪一支从着陆点出发的恒星联邦车队. 目标很可能就在车队之中. 如果我们现在发动攻击，应该能在这场小型叛乱开始之前就将其扼杀. 攻击并摧毁所有车辆. 之后，我们的人会清理残骸，以确定是否达成了目标. 运气好的话，我们还能赶在晚饭前收工.
The Khan of the clan is up ahead. End his misery, Commander	这个氏族的可汗就在前方。结束他的痛苦吧，指挥官
The Pirates are trying to retake their base. Don't let them have it!	海盗正试图夺回他们的基地。别让他们得逞！
The Raptors are holed up at their Salinization Plant, converting all the raw materials they can get their hands on into salt. Intercepted transmissions from the facility have been somewhat garbled, but they're apparently on the brink of setting up something called a 'salt meme economy', whatever that is. What they're up to doesn't really matter; we're going to go in, demolish their operation, take them out, and collect that bounty.	猛禽组织正龟缩在他们的盐碱化工厂里，把能搞到手的所有原材料都转化成盐. 截获的工厂通讯有些模糊不清，但他们显然快要建立起一个叫“盐模因经济”的东西了，鬼知道那是什么. 不过他们到底想干什么并不重要; 我们要冲进去，摧毁他们的行动，干掉他们，然后领走那笔赏金.
The Raptors are notorious for using coordinated unit tactics, flanking, and misdirection. Be on your guard, Commander.	猛禽组织以运用协同单位战术、侧翼包抄和声东击西而臭名昭著. 请保持警惕，指挥官.
The Steel Beast is back. And he's searching for revenge.	钢铁野兽回来了。而他正在寻找复仇。
The Stratford Narwhal is one of Garrilac's favorite watering holes. It's also a cesspool of vice, corruption, and terrible music. Taking it out may prove more difficult than you'd think; the bar was built in the husk of an old military complex, and its MechWarrior patrons will probably attack you on sight.	斯特拉特福独角鲸是加瑞拉克喜欢的酒馆之一. 同时也是罪恶、腐败和糟糕音乐的污水坑. 端掉它可能比你想象的更困难. 这家酒吧建在一座废弃的旧军用设施遗骸中，而且里面的机甲战士常客很可能一见到你就会立刻发动攻击.
The Target has gone to ground, apparently a Stable has set up base for him here to retreat to. I say we blow it sky high and end our Tubb-y friend.	目标已转入地下，显然有一家马疚在此为他设了据点供他退守。我说我们把它炸上天，了结我们这位胖乎乎的塔布朋友。
The [[DM.BaseDescriptionDefs[LoreMarikFWLM],FWLM]] Force Commander is currently traveling between installations on an inspection tour. He is heavily guarded, with two escorting lances of 'Mechs piloted by veterans who have served with him for years. However, this is still the best opportunity we'll have to strike at the League's command structure in Claybrooke.	[[DM.BaseDescriptionDefs[LoreMarikFWLM]  自由世界联盟军队]]的部队指挥官目前正在各设施之间进行视察旅行。他护卫森严，有两支由跟随他多年的老兵驾驶的机甲小队护航。但即便如此，这仍是我们打击克莱布鲁克联盟指挥体系的最佳机会。
The bar for an 'honest' fight in these parts is set so low it's usually underground. Be cautious, Commander.	在这一带，“诚实“对决的门槛低到通常在地下。谨慎点，指挥官。
The communications facility has not been alerted to our presence as we'd hoped, Commander. That means we will be able to land your team unnoticed and destroy the facility.	指挥官，通讯设施并未如我们所愿察觉到我们的存在。这意味着我们能让你的队伍在无人察觉的情况下着陆并摧毁该设施。
The communications facility has not been alerted to our presence, as we'd hoped, Commander. That means we will be able to land your team unnoticed and disable the facility. The defenses will be light; it has one lance as a garrison and one lance as a patrol element, plus fixed gun emplacements. However, I'd still recommend caution, given the limited force strength we were able to drop and still remain covert. As mentioned, the covert approach means we have limited intel about the base itself, so you'll be operating somewhat blind at first.	正如我们所希望的那样，通信基地尚未察觉我方行动，指挥官. 这意味着你的部队可秘密降落并瘫痪该设施. 防御不会很强，驻守机甲仅有一个编队，巡逻另有一个编队，外加固定炮台. 尽管如此，鉴于为保持隐蔽只能投入有限兵力，我仍建议谨慎行事. 如前所述，隐蔽行动导致我们对基地情报掌握有限. 因此，初期行动将带有一定未知性.
The contract does not specify any retrieval, Commander. We are to bring the base down and destroy the tech with it.	合约没有指定任何回收项目，指挥官. 我们要把基地毁掉，连同技术一起摧毁.
The contract is void if either station falls to enemy action.	如果任一发电站被敌方攻陷，合约即告无效.
The destruction of either plant would trigger a humanitarian crisis affecting thousands of civilians.  No pressure, Commander.	摧毁任一座工厂都会引发一场影响数千平民的人道主义危机。别紧张，指挥官。
The enemy has to be expecting an attempt to break their siege, so there will be significant resistance.	敌人肯定会料到有人要尝试图突破他们的包围，所以会有激烈抵抗.
The fine print on the contract doesn't specify anything about a fair fight. Just saying.	合约的小字部分可没规定什么公平对决。我就随口一说。
The forces protecting this planet have departed and a local militia has sprouted up in its place. The militia are fighting a losing battle against some especially well-equipped pirates, with no connections to any other group you've encountered. Your assistance in this sensitive matter is requested.	保护这颗行星的部队已经撤离，取而代之的是一支当地民兵。那支民兵正与一些装备特别精良的海盗打一场必败之仗，那些海盗与你此前遭遇过的任何团体都没有关联。请你协助处理这一敏感事务。
The implication, of course, is that if we're not quick enough, we'll have multiple {TEAM_TAR.FactionDef.Demonym} units up our exhaust vents.	这话的潜台词当然是——如果我们行动不够迅速，就会有成群的{TEAM_TAR.FactionDef.Demonym}部队紧追在我们屁股后面.
The intel you got from the Iron Sparrow's courier points here, to the warehouse you'll find just ahead. Take it for House Liao until the Liao Reserves arrive to relieve you.	你从“铁麻雀”信使那里获取的情报，指向你前方的这个仓库. 为廖氏坚守该据点，直至廖式预备队前来换防.
The last of the Volkovites have packed themselves onto a series of transport vehicles, and they're ready to roll. We've lined up a DropShip to take them to Joppa, but you're gonna have to get 'em there. We're nearly through this situation, Commander… just a little bit further to go.	最后一批沃尔科维特人已经挤进了一串运输车辆，随时可以出发。我们已经安排好一艘空投艇送他们去约帕，但你得把他们送到那儿。我们快熬过这个局面了，指挥官……再往前走一点点就到了。
The last time I checked, Binton and Modge had a bunch of combat vehicles in the streets around my time-share. Maybe a light 'Mech or two, I can't say for sure. Get 'em off my back, and then we'll conclude our business with the antique staplers.	我上次检查时，Binton和Modge在我那分时度假屋周围的街道上部署了一堆战斗车辆. 可能还有一两台轻型机甲，这我说不准. 帮我把这些尾巴清理掉，然后我们再接着谈那古董订书机的事儿.
The legal justification here sounds sketchy, Commander, but we're mercenaries, not lawyers. As long as they're happy, we get paid.	这里的法理听起来很粗糙，指挥官，但我们是雇佣兵，不是律师. 只要他们高兴，我们就会得到报酬.
The location of the bunker is extremely well concealed, presumably to prevent exactly the kind of orbital strike we're planning to make. For us to locate it, you'll need to download transmission data from a logistics base in the region. That should give us a rough location. The logistics base is likely to be well defended, but if we're going to keep from alerting the Capellans to our plan, you'll need to insert with a lighter lance than you may be used to. Remember that all we need is the data; any enemy forces present are incidental.	地堡的位置极其隐蔽. 估计正是为了防范我们计划实施的这种轨道打击. 为了让我们能定位它，你需要从该地区的一座后勤基地下载传输数据. 这应该能给我们一个大致的位置. 后勤基地很可能防守严密，但要想不打草惊蛇、让卡佩拉人察觉到我们的计划，你就得带一支比平时更轻量级的小队渗透进去. 记住，我们需要的只是数据. 任何在场的敌军都只是次要目标.
The message seems to be at least as important as the cargo. If we clean up the escorts to ensure their salvage crew's safety, there's a bonus in it for us.	这个信息似乎跟货物一样重要. 如果我们清理掉护卫部队，确保他们的打捞小队安全行动，就能得到一笔额外奖金.
The mission is to capture the enemy base intact. The QuadVees will be a critical asset for this mission. We need to approach the base carefully, neutralize any enemy forces, and then secure the facility. Once we have control, we can search for any intelligence that might be valuable to our cause.	任务是完整夺取敌方基地。四足机甲将是这次任务的关键资产。我们需要谨慎接近基地，清除任何敌军，然后拿下该设施。一旦控制住，我们就能搜寻任何可能对我们事业有价值的情报。
The only real danger I see here, Commander, is if they manage to slip someone past us who can call for help. The vehicles will do what vehicles always do in fights with 'Mechs: they'll die.	指挥官，我认为唯一的风险在于敌方可能会设法派人突破我们的防线去求救. 车辆在与机甲的战斗中总会落得同样的下场: 它们会被摧毁.
The only real danger I see here, Commander, is if they manage to slip someone past us.	指挥官，我在这里看到的唯一真正危险，是他们设法让人溜过我们身边。
The only real danger I see here, Commander, is if they manage to slip someone past.	指挥官，我在这里看到的唯一真正危险，是他们设法让人溜过去。
The only way we get off this planet and find out what kind of double cross the Kuritans are pulling here is to rescue Carlyle and his people.	要想离开这颗星球并揭穿栗田的阴谋，唯一的方法就是救出卡莱尔和他的部下.
The opponent is not very dangerous, but you have to remain focused.	对手并不很危险，但你必须保持专注。
The participants are going weapons-hot for this one, and hopefully we'll have a better outcome than the battle they're reenacting.	这次的参与者将开启武器实弹模式，希望我们的结果能比他们所重演的那场战役要好.
The position of one of our lances of fire support vehicles has become untenable due to the proximity of {TEAM_TAR.FactionDef.ShortName} forces. We'd like you to provide security while we relocate them.	由于{TEAM_TAR.FactionDef.ShortName}部队逼近，我们的一支火力支援车辆小队所在阵地已无法坚守. 我们希望你在重新部署期间为他们提供安全掩护.
The punishment for Mutiny, is called Walking the Plank. In this case I don't have a plank long enough to make them walk. So we're going to punish the Mutineers. And track down that bitch Sybil	叛变的惩罚叫做“走跳板“。这次我没有够长的跳板让他们走。所以我们要惩罚这些叛变者。并追查出那个贱人西比尔
The remaining Volkovites have holed up in a sanctuary you'll find in this valley. Destroy it, and eliminate whatever resistance they can bring to bear. The eyes of the Chancellor are on you, Commander. Don't disappoint him.	残余的沃尔科维特成员已据守在这处山谷中的避难所. 摧毁它，并消灭他们能组织起的任何抵抗. 总理正注视着你，指挥官. 不要让他失望.
The scion of a {TEAM_EMP.FactionDef.Demonym} mercantile concern has been missing for months. We suspect a kidnapping by {TEAM_TAR.FactionDef.ShortName}, but there's been no ransom demand. A local group of sympathizers on {TGT_SYSTEM.name} recently picked up a garbled message from the scion indicating that she's being held in a {TEAM_TAR.FactionDef.Demonym} facility there. Our intel failed to trace her to {TGT_SYSTEM.name}, so any loyal mechs are several jumps away. We need your help to extract her.	一名{TEAM_EMP.FactionDef.Demonym}商业家族的继承人已经失踪数月. 我们怀疑是被{TEAM_TAR.FactionDef.ShortName}绑架了，但迄今没有收到任何赎金要求. 最近，{TGT_SYSTEM.name}的一组当地支持者收到了一条来自继承人含糊不清的消息，上面说她被关在当地的一个{TEAM_TAR.FactionDef.Demonym}设施中. 我们的情报未能追踪到她在{TGT_SYSTEM.name}的具体位置，并且所有忠心的机甲都在几个跃迁距离之外. 我们需要你帮忙救出她.
The sensor array that you'll need to capture to escape this system is further ahead, but there are Davion 'Mechs between you and the facility. Kill them before they kill you.	你要想逃离这个星系，就得夺取前方那套传感器阵列，但在你和设施之间还挡着戴维恩的机甲. 趁他们干掉你之前，先把他们干掉.
The situation planetside is deteriorating rapidly. Two Federated Suns lances are closing rapidly on our team's location, and without immediate intervention the operation will fail. I need you to intercept those 'Mechs and disable them before moving on to the facility where our covert team is hiding. You may handle this situation as you see fit; I have every confidence in you and your people, Commander.	行星表面的局势正在急剧恶化. 恒星联邦的两支小队正迅速逼近我们队员的位置，若不立即干预，行动将宣告失败. 我需要你去拦截并瘫痪那些机甲，然后再前往我方秘密小队藏身的设施. 你可以自行判断处理此局面，我对你和你的部下充满信心，指挥官.
The sooner we can finish this, the better. Let's just… get it done.	我们越早办完这事越好。我们就……把它办了吧。
The sooner we get these people to the rendezvous point, the sooner we can go home. Let's get a move on, {COMMANDER.FirstName}.	越早将这些人送到接应点，我们就能越早返航. 出发吧，{COMMANDER.FirstName}.
The target seems to be just a low-level officer in the overall {TEAM_TAR.FactionDef.Demonym} scheme of things - just a link in the chain. We just need to dive in, take out the target and get out.	目标似乎只是整个{TEAM_TAR.FactionDef.Demonym}体系中的一名低级官员——只是链条上的一环. 我们只需要潜入进去，消灭目标，然后撤离.
The target we'd like your people to eliminate is a notorious killer-for-hire who goes by the name 'The Professional'. They're currently under contract with {TEAM_TAR.FactionDef.ShortName}, and they've been spotted here on {TGT_SYSTEM.name}, which is extremely concerning for our interests. This mercenary is cagey and cautious and will attempt escape at any indication that they're overmatched. We'd like you to land a low-tonnage lance to engage them, to give them a false sense of security, and then eliminate them before they can escape. We're prepared to offer <i>very</i> generous salvage terms.	我们要你的人去消灭的目标是个臭名昭著的雇佣杀手，人称“专家”. 他目前与{TEAM_TAR.FactionDef.ShortName}签有合约，并且有人在{TGT_SYSTEM.name}看到了他们，这对我们的利益构成严重威胁. 这个佣兵谨小慎微，一旦察觉战力悬殊便会试图逃脱. 我们希望你投放一支轻型吨位的小队与其交战，让他们产生错误的安全感，然后在他们逃跑前消灭他们. 我们愿意提供<i>极其</i> 优厚的战利品条款.
The time-frame on this is tight, since we need the artillery strike to hit while the {TEAM_EMP.FactionDef.Demonym} representative has everyone looking in the right direction. And Commander, I wouldn't take any bets on that military base actually being abandoned.	时间非常紧迫，因为炮击必须在{TEAM_EMP.FactionDef.Demonym}的代表让所有人注意力都集中在正确方向的时候命中. 指挥官，我才不会打赌那个军事基地真的是废弃的.
The transmission data was enough for us to locate the fortified bunker that the regional Capellan command is hiding in. They think they're safe in there, but we've got a naval PPC on station ready to punch a hole in anything they've built down there. You'll need to move your 'Mechs into position so that we can make a precise attack; once we take this shot, our DropShip is going to have to break orbit and run, so there's only one chance to get this right. We have complete confidence in you, Commander; your judgment has been spot-on so far. Good luck.	传输数据已足够让我们定位到卡佩拉地区指挥部藏身的那座加固地堡. 他们自以为待在里面很安全，但我们已经在轨道上部署了一门海军用粒子加农炮，随时准备在他们建起的任何工事上轰开一个洞. 你需要将机甲部署到位，以便我们实施精确打击. 一旦我们开了这一炮，我们的空投艇就必须脱离轨道逃离，所以机会只有一次. 我们对你完全有信心，指挥官. 到目前为止，你的判断一直准确无误. 祝好运.
The transmission data was enough for us to locate the fortified bunker that the regional Maximum Distric Leadership is hiding in. They think they're safe in there, but we've got a naval PPC on station ready to punch a hole in anything they've built down there. You'll need to move your 'Mechs into position so that we can make a precise attack; once we take this shot, our DropShip is going to have to break orbit and run, so there's only one chance to get this right. We have complete confidence in you, Commander; your judgment has been spot-on so far. Good luck.	传输过来的数据足以让我们定位到Maximum地区领导层藏身的加固掩体. 他们以为躲在那里就安全了，但我们有一门舰载PPC就位，随时准备在他们建造的任何东西上轰开一个洞. 你需要将你的机甲移动到指定位置，以便我们进行精确打击; 一旦我们开火，我们的空投艇就必须脱离轨道并撤离，所以只有一次机会把事情做对. 我们对你充满信心，指挥官; 到目前为止你的判断一直很准确. 祝你好运.
The truth is, I hate fighting other mercenaries. It seems like such a waste of perfectly good armor and myomer.	真相是，我讨厌和其他佣兵战斗. 这似乎是对优质装甲和麦约摩尔的一种浪费.
The vehicles seem to be a standard supply convoy, with an escorting lance. It was simple bad luck that they happened to be scheduled to arrive just after we neutralized the base. We need to eliminate them before they arrive here and see League salvage and intel teams all over their facility. I wouldn't expect more than a single lance as an escort, but it's possible the vehicles themselves may pose a significant threat, given the restrictions a covert operation places on your drop tonnage.	这些车辆似乎是标准的补给车队，配有护卫机甲小队. 他们恰好在基地被我们瘫痪后按计划抵达，纯属运气不佳. 必须在他们抵达并发现设施内遍布联盟打捞与情报小组前将其消灭. 我估计最多只有一支机甲小队作为护卫，但考虑到隐秘行动对投放吨位的限制，这些车辆本身也可能构成重大威胁.
The vile mercenary Yuetu is on her last legs. Cut them out from under her! Safeguard my beloved son, and prevent our enemies from destroying House Khulan. If you do, I will see to Reynauld's needs, and he in turn will see to yours.	卑鄙的雇佣兵“月兔”已穷途末路——将他们彻底清除！保护我心爱的儿子，阻止我们的敌人摧毁呼兰家族. 如果你们做到，我会满足雷纳德的需求，作为回报他也会帮助你们的.
The wear on the equipment and Pilots are mounting Commander.	装备与机师的损耗正在加剧，指挥官。
The {TEAM_EMP.FactionDef.Demonym} citizens here have been suffering at the hands of a local band of brigands - remnants from a {TEAM_TAR.FactionDef.Demonym} battalion that saw action in the Third Succession War. With no prospects or funds, they've become common criminals. You are to eliminate them, down to the last 'Mech and vehicle.	{TEAM_EMP.FactionDef.Demonym}的平民正受到当地一群强盗的折磨——这是一个{TEAM_TAR.FactionDef.Demonym}营残部，这个营参加过第三次继承战争. 由于既没有前途也没有资金，他们堕落成了普通的罪犯. 你的任务是将他们全部消灭，包括最后一部机甲，最后一辆车.
The {TEAM_EMP.FactionDef.Demonym} facility must be running on incredibly narrow margins if they can't afford to protect it themselves.  Anyway, Commander, this should be very straightforward.	{TEAM_EMP.FactionDef.Demonym}的设施如果无力自保，那就得龟缩一隅了. 总之，指挥官，这应该是个非常简单明了的任务.
The {TEAM_EMP.FactionDef.Demonym} facility must be running on incredibly narrow margins if they can't afford to protect it themselves. Anyway, Commander, this should be very straightforward.	{TEAM_EMP.FactionDef.Demonym}的设施如果无力自保，那就得龟缩一隅了. 总之，指挥官，这应该是个非常简单明了的任务.
The {TEAM_EMP.FactionDef.Demonym}'s agents are using this installation as their forward base.  They were discovered by the {TEAM_TAR.FactionDef.Demonym}'s intelligence and has deployed a substantial force to eliminate them. Lacking military power to mount a defense, the agents are falling back. Assist them in conducting a safe evacuation.	{TEAM_EMP.FactionDef.Demonym}的特工正利用此设施作为前沿基地. 他们已被{TEAM_TAR.FactionDef.Demonym}的情报部门发现，且敌方已部署一支庞大的部队来消灭他们. 由于缺乏军事力量进行防御，这些特工正在撤退. 请协助他们安全撤离.
The {TEAM_EMP.FactionDef.Demonym}'s intelligence-gathering facility has been compromised. {TEAM_TAR.FactionDef.Demonym} units are mobilizing a significant strike element to neutralize the site and its occupants. Our employer is initiating a full data purge to mitigate liability and prevent sensitive material from being captured. Our mission is to delay the enemy advance long enough to ensure the purge is completed, then guard the withdrawal of personnel from the installation.	{TEAM_EMP.FactionDef.Demonym}的情报搜集设施已被泄露. {TEAM_TAR.FactionDef.Demonym}部队正在动员一支重要的打击力量，以摧毁该设施及其人员. 我方雇主正在启动全面数据清除，以减轻责任并防止敏感材料被俘获. 我们的任务是延缓敌军的推进，确保数据清除完成，然后护卫人员从设施中撤离.
The {TEAM_EMP.FactionDef.Demonym}'s manufacturing facility on {TGT_SYSTEM.name} is being challenged by {TEAM_TAR.FactionDef.Demonym}'s forces as they alledge it is a cover for military personnel and units. Diplomatic efforts have failed and a military strike is on their way as we speak. The site will be abandoned but all personnel must evacuate safely. Your mission is to ensure their secure extraction.	{TEAM_EMP.FactionDef.Demonym}在{TGT_SYSTEM.name}的制造设施正遭到{TEAM_TAR.FactionDef.Demonym}部队的质疑，他们声称该设施是掩护军事人员和作战单位的幌子. 外交握旋已经失败，一场军事打击正在向这里袭来. 设施将被遗弃，但所有人员都必须安全撤离. 你的任务是确保他们安全撤离.
The {TEAM_TAR.FactionDef.Demonym} MechWarrior is headed to a major military compound on {TGT_SYSTEM.Name}, where they'll take command of a company-sized 'Mech force, and become untouchable. They're en route to the encampment, but until they arrive, they're vulnerable.	{TEAM_TAR.FactionDef.Demonym}的机甲战士正前往{TGT_SYSTEM.Name}的一处大型军事基地，他们会在那儿接管一支连级机甲部队——届时将再难触及. 现在他们正赶往营地，但在抵达之前，他们仍然处于脆弱状态.
The {TEAM_TAR.FactionDef.Demonym} authorities here in {TGT_SYSTEM.name} have just finished a very ambitious operation. They rounded up two dozen members of a rival criminal organization and they're holding them in a secure detention facility. We're not happy with the idea that those scumbags get to live out their lives in comfort and safety behind bars. We want you to give them a bit more severe sentencing.	{TGT_SYSTEM.name}这儿的{TEAM_TAR.FactionDef.Demonym}当局刚刚完成了一个极富野心的行动. 他们凑了两大敌对犯罪组织的人，关押在一处安全拘禁设施里. 我们对这个主意并不高兴，那些人渣会在铁窗后舒适安全地度过一生. 我们要你给他们来点更加严厉一点的判决.
The {TEAM_TAR.FactionDef.Demonym} authorities here on {TGT_SYSTEM.name} have recently taken a shipment of military vehicles, including an operational Demolisher. This represents an unacceptable buildup of force on this world, but also presents us with an opportunity. We have people in place prepared to steal those vehicles, but without 'Mechs providing an escort, they'll be attacked as soon as {TEAM_TAR.FactionDef.Demonym} command notices they're leaving without orders. Get the vehicles to an extraction point, and keep them intact.	{TGT_SYSTEM.name}的{TEAM_TAR.FactionDef.Demonym}当局近日接收了一批军用车辆，包括一辆可操作的“破坏者”. 这不仅意味着该星球军事力量的危险增长，也为我们创造了机会. 我们已安排人员窃取这些车辆，但没有机甲护卫的话，一旦{TEAM_TAR.FactionDef.Demonym}指挥部注意到它们没有命令就离开，那它们就会遭到攻击. 将车辆护送至撤离点，并确保其完好无损.
The {TEAM_TAR.FactionDef.Demonym} control of this world is nearly absolute. We've identified a point of vulnerability, however: they move supplies and weapons by convoy, and those convoys are lightly defended by a single lance of 'Mechs. If we destroy enough of their supply convoys, their other operations will be weakened enough for our forces to move in and take advantage of their fragility. We don't want to tip our hand, however, so we'd like you to engage in a little guerilla warfare on our behalf.	{TEAM_TAR.FactionDef.Demonym}对这颗星球的控制几乎是绝对的. 不过，我们发现了一个薄弱点: 他们通过车队运送补给和武器，而这些车队只由一支机甲小队轻度护卫. 如果我们摧毁足够多的补给车队，他们的其他行动就会被削弱，从而足以让我方部队趁虚而入，利用他们的脆弱性. 不过，我们不想过早暴露意图，所以希望你能代表我们进行一些小规模的游击战.
The {TEAM_TAR.FactionDef.Demonym} manufacturing facility on {TGT_SYSTEM.name} is an illegal intrusion into our territory, and a cover for military personnel and units. Our efforts to resolve this through diplomatic channels have been rebuffed, so we are now turning to a military solution. The facility must be destroyed.	位于{TGT_SYSTEM.name}的{TEAM_TAR.FactionDef.Demonym}制造设施是对我方领土的非法入侵，并且还是军事人员和部队的掩护点. 我们试图通过外交途径解决此事，但遭到了拒绝，因此现在只能诉诸军事手段. 这处设施必须被摧毁.
Theft and banditry on {TGT_SYSTEM.name} have become a tremendous problem of late, to the point that {TEAM_EMP.FactionDef.Demonym} corporate interests can't safely move goods overland. We need a mercenary company capable of defending our convoy and deterring any hostile force that may want what it's carrying. Payment will be remitted upon our receipt of the convoy and the successful evac of your lance.	最近，{TGT_SYSTEM.name}上的匪患和盗窃已经成为了一个大问题，以至于{TEAM_EMP.FactionDef.Demonym}的企业无法安全地在陆地上运输货物. 我们需要一家佣兵公司来保卫我们的车队，并威慑任何企图抢夺货物的敌对势力. 等我们接到车队并且你的小队成功撤离后，我们就会把报酬支付给你.
Their command structure is fleeing, with an escorting lance... I wouldn't expect more than a single lance as an escort.	他们的指挥体系正在逃跑，带一支护航小队……我不指望护航超过一支小队。
There are no static weapon emplacements on this facility and I couldn't pin their negotiator down on whether any of the VTOL assets on site are going to be of any use.	这个设施没有任何固定防御工事，而且我也没能从他们的谈判代表那里套出话，搞不清现场的那些垂直起降飞行器资产到底能不能派上用场.
There aren't many solo operators in this region who I'd describe as 'highly skilled'. I wonder if it's anyone we know?	在这一地区，能被我称为“技术高超”的单干户可不多. 我很好奇是不是我们认识的人?
There is a Warrior in {TGT_SYSTEM.name} who refuses to back down until you, Commander, show up and fight them in a Circle of Equals. As they are Bloodnamed, we feel that you cannot brush them off as easily as some drunk in a bar. It would bring great honor to our Clan if you would arrive and show them your might.	在{TGT_SYSTEM.name}有一位战士，除非你，指挥官，亲自到场在平等者之环中与之战斗，否则绝不退让. 由于他们拥有血脉名号，我们认为你无法像打发酒吧里的醉汉那样轻易敷衍过去. 如果你能到场并向他们展示你的实力，将为我们氏族带来巨大的荣誉.
There is a small {TEAM_EMP.FactionDef.Demonym} base on {TGT_SYSTEM.Name} that has been attacked by raiders. Their latest attack was far better organized and equipped than the previous ones, suggesting the raiders are receiving logistical and tactical support from a hostile power. We might not be able to withstand a second attack of that scale. We'd like to hire you to provide additional defensive support.	在{TGT_SYSTEM.Name}有座小型{TEAM_EMP.FactionDef.Demonym}基地遭到了盗匪的袭击. 他们最近的攻击比之前那次更有组织性，装备也更好，这表明盗匪在接受敌对势力的后勤和战术支持. 这种规模的袭击我们可能无法承受第二次了. 我们想雇佣你来提供额外的防御性支援.
There is a {TEAM_TAR.FactionDef.Demonym} base in this region. We have the equipment to level it, however our recon capability has been diminished. We would like you to take a team and attack the installation. Place beacons for our artillery to target, and exfiltrate while our guns destroy the base.	该区域有一座{TEAM_TAR.FactionDef.Demonym}的基地. 我们有夷平它的装备，但侦察能力已受损. 我们希望你们派一支小队攻击该设施，为我们的火炮放置目标指示信标，然后在我方炮火摧毁基地时撤离.
There is probably more to this than {TEAM_EMP.FactionDef.ShortName} are saying, but our role would be limited to escorting a convoy of personnel carriers to an evac point. The remainder of this situation is someone else's problem.	这可能比{TEAM_EMP.FactionDef.ShortName}说的还要复杂，但我们的角色仅限于护送一队运兵车到撤离点. 其他的局面就是别人的问题了.
There she is - up in that base. I want my 'Mech back. Bring it in, and we'll clear the area of these traitors. I'm sure you understand the need for vengeance when your name is on the line and they've stolen your fighting machines.	她就在那儿——在那座基地里。我要拿回我的机甲。把它带出来，我们就替这片区域清掉这些叛徒。我相信你能理解，当你的名字被挂在上面、而他们偷走了你的战斗机甲时，复仇是多么必要。
There shouldn't be any surprises here, Commander. The target is expecting a pickup so she'll be aboard in a matter of moments. The data might be tougher but it's your call if you want to go after it.	这里不应该有任何意外，指挥官. 目标预估到要被接走，所以很快就会上船. 数据可能会更难获取，但是否去找它由你决定.
There were far more prisoners than originally anticipated, but thankfully due to your company's bravery and my quick thinking we were able to rescue them all. However, in the kerfuffle, one of the weeb leaders responsible for this outrage has blockaded our escape route. We’ll have to teleport behind them and take their forces down before we can escape. Don't let these fools stand in our way for a moment longer, let's show them the fury of a Canopian scorned.	俘虏比最初预估的多得多，但幸亏有你们连队的勇敢和我的机敏，我们得以把他们全部救出。不过在一阵混乱中，一个应对这场暴行负责的二次元头目封锁了我们的逃生路线。我们得瞬移到他们背后，在逃离之前先解决他们的部队。别让这些蠢货再多挡我们一刻，让他们见识被激怒的卡诺帕人的怒火。
There's a convoy of military weaponry being transported in the open on the planet's surface. Normally we'd simply handle it ourselves, but {TEAM_TAR.FactionDef.Demonym} leadership has caught wind of our presence and hired a highly-skilled professional mercenary to cover the convoy's route and intercept any attackers. Being highly-skilled professionals yourselves, we thought perhaps you could pay a visit to this hired gun -- and destroy the convoy while you're at it.	行星地表有一支军用武器车队正在公开运输. 通常情况下，我们会自己处理此事，但{TEAM_TAR.FactionDef.Demonym}领导层察觉到了我们的存在，并雇了一支技术高超的职业佣兵来掩护车队的路线，拦截攻击者. 鉴于你们自己也是技术高超的职业人士，我们认为也许你们能够去会一会这群雇来的人——并顺便摧毁车队.
There's a minor {TEAM_TAR.FactionDef.Demonym} base in this region, and we'd like to remind them that {TEAM_EMP.FactionDef.Name} is aware of their base and they should not become complacent. Destroying a handful of the facility's structures should send the proper message. The base is likely to be guarded; destroy the units guarding it and there's a bonus in it for you.	这一地区有一座小型{TEAM_TAR.FactionDef.Demonym}基地，我们想提醒他们{TEAM_EMP.FactionDef.Name}知道他们的基地，他们不应该洋洋自得. 破坏设施的一些建筑物应该可以传达正确的信息. 这座基地可能受到保护; 消灭保卫部队，你就会得到奖金.
There's a very interesting {TEAM_TAR.FactionDef.Demonym} convoy scheduled to cross through a relatively uninhabited area of {TGT_SYSTEM.name}. We believe the convoy is a shipment of weapons, including at least one intact Star League era weapon system. That could be an enormous payday for us. We want you to blow that convoy apart, and we'll pick through the remains.	有一支非常有趣的{TEAM_TAR.FactionDef.Demonym}车队计划穿越{TGT_SYSTEM.name}一片相对无人居住的地区. 我们相信这支车队运载着武器，其中至少包括一套完好的星际联盟时期的武器系统. 对我们来说，这可以大捞一笔. 我们想让你击溃那支车队，然后我们会仔细回收残骸.
There's a {TEAM_TAR.FactionDef.Demonym} MechWarrior here on {TGT_SYSTEM.name}, involved in keeping the peace. He helped out with some of our operations, and in turn we kept him supplied with things he couldn't get on the open market, if you know what I mean. But he's started talking to the authorities, and making threats about exposing our business. We want you to put a stop to that. He's probably gonna try to make a break for it. Don't let him escape.	{TGT_SYSTEM.name}上有一个{TEAM_TAR.FactionDef.Demonym}机甲战士，参与维系和平. 他帮我们解决一些行动，反过来，我们也为他提供了在公开市场上买不到的东西，如果你懂我意思的话. 但他已经开始和当局对话，并威胁要曝光我们的交易. 我们要你叫停此事. 他可能会试图脱身. 别让他逃跑了.
There's got to be more to this story than just a simple kidnapping, Commander.	看来这里面并不单单只是一宗绑架那么简单，指挥官.
There's not a lot of detail here, Commander.	这里细节不多，指挥官。
There's worse ways to make money than influencing a whole new generation of pilot's fighting styles. Sounds fun!	影响整整新一代机师的战斗风格，这赚钱方式也不算差. 听起来很有趣!
These 'Militia' as they call themselves are freeborn Clan Wolf warriors. They don't belong in the inner sphere, and I am trying to drive them out. Break through their front lines then we will take down their base.	这些自称“民兵“的人是狼族氏族的自由出生者战士。他们不属于内天体，而我在试图把他们赶出去。突破他们的前线，然后我们就拿下他们的基地。
These 'debt collectors' have BattleMechs. Cheating only pays the enforcers, it looks like.	这些“讨债人“有战斗机甲。看来作弊只养肥了执法者。
These are going to be lightly armored targets, Commander. The real challenge will be keeping them from making a run for it.	这些都是轻装甲目标，指挥官. 真正的挑战是阻止他们逃跑.
These days 'war criminal' basically means anyone on the other side of the battlefield. I wouldn't worry about that 'trial' comment. There won't be one.	如今的“战争罪犯”基本上就是指战场另一边的任何人. 我可不会在意那句“审判”的话——根本不会有审判的.
These missions never go smoothly.	这些任务从来不会顺利。
These pirates loot and pillage. No need to feel sorry for them, Commander.	这些海盗抢劫掠夺。无需为他们难过，指挥官。
They haven't told us what, precisely, the facility is producing, but given the strength of enemy forces on the ground, it's something worth protecting.	他们没有明确告诉我们这个设施在生产什么，但根据地面敌军的防御强度判断，显然是一些非常有价值的东西.
They just happened to be transporting valuable cargo through a rival's territory, and their DropShip just happened to go down? Sure.	他们只是碰巧在敌对势力的地盘上运输重要货物，而他们的空投艇也恰好出事了? 真是巧合.
They may be incidental but they're going to be shooting <i>our</i> 'Mechs in the ass, Commander. We're going to need to stay on the move.	他们或许无关紧要，但他们可会朝着<i>我们的</i> 机甲屁股开火，指挥官. 我们得保持机动才行.
They pick these empty worlds for conducting exercises in hopes of keeping it a secret. Too bad for them, I suppose.	他们挑选这些空旷星球进行演习本想保密. 可惜运气不好.
They seem confident, but the opposition is firing on <i>our</i> 'Mechs, Commander. We're going to need to stay on the move.	他们看起来很自信，但对手正在向<i>我们的</i>机甲开火，指挥官。我们需要保持移动。
They want us to take on a 20-year veteran of the Succession Wars with an underweight lance. This is going to hurt, Commander.	他们想让我们用一个缺编的小队去对抗一位在继承战争中服役了20年的老兵. 这仗会打得很疼，指挥官.
They're putting us between the hammer and the anvil, Commander. A 'Mech repair facility is a juicy target.	他们让我们腹背受敌，指挥官. 机甲修理厂可是个诱人的目标.
They're using us so the raid can't be traced to them. Shooting your own people... This is an ugly situation for them to be in, but nobody said the Periphery was a safe place to work.	他们在利用我们，这样袭击就无法追究到他们身上. 向自己人开枪......对他们来说是个很糟糕的局面，但没人说过外围是个安全的地方.
They've got to be kicking themselves for letting their VIP go out without more security. Their screw-up is our payday, though.	他们一定很后悔让他们的VIP在没有加强安保的情况下就出去. 不过，他们搞砸了就是我们发财的时候.
Things are going well. It seems Kell has lured the Corsair out for single battle. However, I have come upon information this was not her real goal. We discovered there is a nuclear warhead device being set up in the potential area of the duel. We will need you to deploy to draw off any defenders while we attempt to gain access and disarm the device. Expect heavy resistance.	事情进展顺利。看来凯尔已经把海盗引出来进行单挑了。不过我查到情报，说这并不是她真正的目的。我们发现决斗可能发生的区域里正被安放一件核弹头装置。我们需要你部署出去引开任何守军，而我们尝试接近并拆除该装置。预期会遇到强烈抵抗。
Things are never simple are they. Let's get it done.	事情从来都不简单，对吧. 我们把它搞定吧.
This actually sounds like fun! I'll have you both on coms the entire time but the rest of the crew will be cheering you on from the crowd. Let's do this, Commander.	这听起来可真有趣! 我会全程保持你们俩的通讯畅通，其他船员则会在人群中为你们加油助威. 咱们上吧，指挥官.
This all seems extremely straightforward, Commander. There will likely be significant opposition, but nothing we haven't handled in the past.	这一切似乎非常简单明了，指挥官. 可能会有较多的对手，但没什么我们以前没应付过的东西.
This all seems straightforward enough, Commander. There will likely be significant opposition, but nothing we haven't handled in the past.	这一切似乎够简单明了的了，指挥官. 可能会有较多的对手，但没什么我们以前没应付过的东西.
This all sounds pretty straightforward, {COMMANDER.FirstName}. Keep your eyes open, all the same.	听起来相当明确，{COMMANDER.FirstName}. 但务必保持警惕.
This assignment is clearly important to Force Commander Singh. Let's do this job right, {COMMANDER.FirstName}.	显然，这项任务对辛格指挥官至关重要. 让我们好好完成它吧，{COMMANDER.FirstName}.
This base sounds like a tough nut to crack, Commander. Expect two full lances on the field, plus the turrets. We'd better bring our heaviest 'Mechs.	这个基地听起来可是块难啃的骨头，指挥官. 预计战场上会有整整两支满编小队，外加炮台. 我们最好把最重型的机甲都带上.
This could be {TEAM_TAR.FactionDef.ShortName} using the supplies as cover, but it could also be {TEAM_EMP.FactionDef.ShortName} looking for plausible deniability. We'll probably never learn which.	这可能是{TEAM_TAR.FactionDef.ShortName}利用物资作掩护，也可能是{TEAM_EMP.FactionDef.ShortName}想撇清关系而找的托词. 我们可能永远都不会知道真相.
This facility is close to where the rumors of massive tanks seem to originate. It's probably the best place to start your search.	这处设施离那些关于巨型坦克的传言似乎发源的地方很近。那里大概是你开始搜寻的最佳地点。
This fight is going to be a mess and we're stepping right into it. Be on the lookout here.	这场战斗会一团糟，而我们正踏进这个泥潭. 在这里保持警惕.
This fight looks like it's gonna be a cluster, be careful of betrayal Commander.	这场战斗看起来会非常混乱，小心背叛，指挥官.
This has been a hell of a slog, but we're almost through it. Keep moving, Commander. Get our people home.	这一路走来真是够艰难的，指挥官，但我们快熬出头了. 继续前进. 带我们的人回家.
This has been an interesting ride Commander. I wonder how this duel will play out?	这一路可真够精彩的，指挥官。我很好奇这场决斗会怎么打？
This is a Solaris Assault Mech match. You fight to win prize money and gain notoriety.	这是一场索拉里斯突击机甲比赛。你为赢得奖金和名声而战。
This is a Solaris Assault Tank match. You fight to win prize money and gain notoriety.	这是一场索拉里斯突击坦克比赛。你为赢得奖金和名声而战。
This is a Solaris Heavy Mech match. You fight to win prize money and gain notoriety.	这是一场索拉里斯重型机甲比赛。你为赢得奖金和名声而战。
This is a Solaris Heavy Tank match. You fight to win prize money and gain notoriety.	这是一场索拉里斯重型坦克比赛。你为赢得奖金和名声而战。
This is a Solaris Light Mech match. You fight to win prize money and gain notoriety.	这是一场索拉里斯轻型机甲比赛。你为赢得奖金和名声而战。
This is a Solaris Light Tank match. You fight to win prize money and gain notoriety.	这是一场索拉里斯轻型坦克比赛。你为赢得奖金和名声而战。
This is a Solaris Medium Mech match. You fight to win prize money and gain notoriety.	这是一场索拉里斯中型机甲比赛。你为赢得奖金和名声而战。
This is a Solaris Medium Tank match. You fight to win prize money and gain notoriety.	这是一场索拉里斯中型坦克比赛。你为赢得奖金和名声而战。
This is a bit of a Catch-22 situation, Commander… we can't afford to leave these jokers standing, but I'll bet you anything that Lees sent them here to soften us up before our attack on the base.	这有点进退两难，指挥官……我们承受不起让这些活宝活着，但我敢跟你打赌，利斯派他们来这里是为了在我们攻打基地之前削弱我们。
This is a hot one, Commander. It's going to be a crap shoot which one {TEAM_TAR.FactionDef.ShortName} will decide to make their main assault. You need to prepare as if it's going to be this one.	这是个热闹的任务，指挥官. {TEAM_TAR.FactionDef.ShortName}决定向哪支车队发起主攻就像投骰子一样. 你需要做好万一被选中的准备.
This is a play-off tournament, if you lose this battle, you are out.	这是淘汰赛，输掉这场你就出局了。
This is a straight-up brawl and we're on our own for this one. Stay frosty, Commander.	这是一场正面近战，这次我们只能靠自己了. 保持冷静，指挥官.
This is a straightforward battle, Commander, and nothing we haven't handled before. Finding a military lance in a backwater like this should be no challenge at all.	这是一次简单明了的战斗，指挥官，没什么我们以前掌控不了的东西. 在这样闭塞的地方找到一支军事小队根本就算不上挑战.
This is a straightforward battle, Commander. Finding a military lance in a backwater like this should be no challenge at all.	这是场简单明了的战斗，指挥官. 在这样闭塞的地方要找到一支军事小队根本就算不上挑战.
This is a test of unused chunks in the firemission contract type.	这是火力任务合约类型中未使用块的测试。
This is an invitation to the Gladiatory Divisionals. You and another fighter in steel-crunching, skull-cracking live broadcast action. Are you in or are you in?	这是角斗分区赛的邀请。你与另一名战士在碾碎钢铁、击碎颅骨的实况直播中对抗。你来不来，还是来不来？
This is bizarre, Commander. We just finished a covert drop to avoid drawing attention, and now we're going to blow up a <i>military base</i>?	这可真够诡异的，指挥官. 我们刚完成了一次隐蔽空降以避免打草惊蛇，现在却要去炸掉一座<i>军事基地</i>?
This is dragging out. I hope we can keep up the supply lines	这拖得太久了。希望我们能维持住补给线
This is exactly the kind of morally ambiguous job that makes me uncomfortable working with pirates, Commander.	这正是那种道德上模棱两可的任务，我对与海盗合作感到不安，指挥官.
This is going to be risky, but it seems like the only way to be certain that Kell's people make it home safe.	这很冒险，但它看起来是确保凯尔的人安全回家的唯一方法.
This is going to get messy.	这会变得很乱。
This is it, Commander. The Clan Commander has issued a batchall and you have accepted. One on one, honourable combat with the freedom of this world at stake. We'll be recording it for posterity.	就是这一下了，指挥官。氏族指挥官发出了批战挑战，而你接受了。一对一，荣誉之战，赌注是这颗行星的自由。我们会把它录下来留给后人。
This is it, Commander. We may have a rare opportunity to bring this pursuit to a close. I have negotiated a duel with the leader of the opposing force versus a combined unit from us both.	就是这一下了，指挥官。我们可能有一个难得的机会把这场追击画上句号。我已谈妥一场决斗：对方部队的领袖对上我们从双方各出一支组成的联合单位。
This is it, Commander. Your lance versus the Steel Beast, and whatever reinforcements he dares to call. Give him the justice he so richly deserves!	就是现在，指挥官. 你的机甲小队对上“钢铁野兽”，以及他敢叫来的任何增援. 给予他罪有应得的正义！
This is it, Commander. Your one-on-one contest with the Steel Beast. Give him the justice he so richly deserves!	就是这一刻了，指挥官. 你和那头“钢铁野兽”的一对一对决. 让他尝尝他应得的正义制裁吧！
This is it—the final confrontation between ourselves, the Black Widow, and the Bounty Hunter. Succeed in this, and the Moderbjörn will have all the time it needs to harvest the <i>Dobrev</i>'s navigation logs. The secrets of the Star League lie within our grasp, Commander. I know we can do this, so let's get to it.	就是这一下了——我们、黑寡妇与赏金猎人之间的最后对决。成功之后，莫德比约恩就会有充足的时间来提取<i>多布雷夫</i>的导航日志。星盟的秘密就在我们掌握之中，指挥官。我知道我们能做到，那就动手吧。
This is just a normal day of political and military maneuvering in the Inner Sphere, meaning it's a good payday for us.	这只是内天体政治与军事博弈中的普通一天，也意味着我们能赚上一大笔.
This is odd. Pirates fighting pirates. Wait, now that I think about it... it makes perfect sense.	这真奇怪。海盗打海盗。等等，仔细一想……这完全说得通。
This is our best shot at finding a way out of here, Commander. Let's get it done.	这是我们找到出路的最佳机会了，指挥官. 动手把它搞定吧.
This is the contract that Lady Marina wanted us to take, Commander. It seems fairly straightforward.	这是玛丽娜女士希望我们接下的合约，指挥官. 看起来相当直接.
This is the fabled 'bug swarm', Commander, come prepared for an endurance battle.	这就是传说中的“虫群”，指挥官，请做好持久战的准备.
This is turning into one hell of a long haul, but the sooner we get these people out of Capellan space, the sooner we can collect our pay.	这将变成一段艰难的长途旅程，但我们越早将这些民众带离卡佩拉联邦，就能越早拿到酬劳.
This isn't a normal convoy hit, Commander. The targets will be very fast, we'll need highly mobile units to spot and destroy them.	这不是一次普通的车队袭击，指挥官. 目标速度会非常快，我们需要高机动性单位来发现并摧毁它们.
This job doesn't seem all that difficult, but... Turrets? Please. Never send a machine to do a MechWarrior's job.	这活似乎一点都不难，可...炮台? 得了吧. 永远别派机器去做机甲战士的活.
This job seems sketchy, Commander. I suppose that's not a surprise, given the employer, but we should still be cautious.	这个活看起来很粗略，指挥官. 考虑到雇主是谁，这倒也不奇怪，但我们还是得小心行事.
This logistical base is a key component of the Capellans' hold on this area of Kern. Any significant force in the region needs this base to remain operational and supplied in the field. The main facility is located in deep woods, well concealed and well defended. Expect heavy resistance before reaching it, and expect turret defenses at the base itself. A secondary base nearby houses technicians and staff; destroying it is not required, but if you manage to, it will ensure the main facility remains permanently closed and unrepairable.	这座后勤基地是卡佩拉掌控克恩这一地区的关键支撑点. 任何在该地区活动的成规模部队，都需要依靠这座基地维持运作和战场补给. 主设施坐落于密林深处，隐蔽且防守严密. 预计途中会有强大的阻力，不要忘记基地旁边的炮台. 附近还有一个驻扎着技术人员和工作人员的次要基地. 摧毁它并非必要，但如果你们能够做到，就能确保主设施永久关闭且无法修复.
This might get weird, Commander.	这可能会变得很怪，指挥官。
This neko holding facility was specifically designed to keep us locked up with minimal risk of escape. Unfortunately we cannot commit to fully destroying it at this time for fear of damaging any of our equipment or any information pertaining to the location of Nyanderthal era artifacts. I’ve marked key structures to eliminate so we can recover the vital objectives later. This will be tricky, as while we were evacuating the prisoners additional forces have moved in to hold this position. That, and the heavy turrets...	这处猫娘关押设施专门设计为以最小逃脱风险把我们关住。不幸的是，由于担心损坏我们的任何装备或任何与尼安德特时代遗物位置有关的信息，我们目前无法承诺把它彻底摧毁。我已标出需要清除的关键建筑，以便我们稍后能回收重要目标。这会有难度，因为在我们撤离囚犯时，又有额外部队进驻守住这个位置。再加上那些重型炮塔……
This new Steiner-Davion BattleMech looks pretty damned impressive for its class. Let's hope it's enough to get us through this.	这款新的 Steiner-Davion战斗机甲看起来非常令人印象深刻. 希望它足以带我们顺利度过这一关.
This ought to be a straightforward battle, Commander. Finding a military lance in a backwater like this should be no challenge at all.	这应该是场简单明了的战斗，指挥官. 在这样闭塞的地方要找到一支军事小队根本就算不上挑战.
This planet has been under siege for a while. They are looking for some Mercs to protect the people from the aggressors.	这颗星球已被围困一段时间了。他们正在找雇佣兵来保护民众免受侵略者侵害。
This seems like a mission where afterwards we'll say 'It was <i>supposed</i> to be undefended!', Commander. Be prepared.	这似乎就是事后我们会说，“这就是<i>所谓的</i> 不设防!”的那种任务，指挥官. 做好准备.
This seems like the kind of setup where afterwards we'll say 'It was <i>supposed</i> to be undefended!', Commander. Be prepared.	这似乎就是事后我们会说，“这就是<i>所谓的</i> 不设防!”的那种局，指挥官. 做好准备.
This seems really straightforward, Commander. I'm not too worried about 'extremely heavily armed'; I'm sure it's nothing we haven't dealt with before.	看起来非常简单明了，指挥官. 我不太担心“武装到了牙齿”; 我确信没什么我们以前没应付过的东西.
This seems relatively straightforward, {COMMANDER.FirstName}. Let's get in there and get it done.	看起来相对简单，{COMMANDER.FirstName}. 进去完成任务吧！
This seems simple enough, which makes me nervous. I don't like when we're asked to defend \"research\" without knowing what the research is.	这看似简单，反而令我不安. 我不喜欢在不知道研究内容的情况下执行防卫任务.
This seems straightforward, Commander, though getting into a shooting fight with the FedSuns doesn't sound like my idea of a good time.	这一切看起来很直接，指挥官. 虽然我觉得与恒星联邦的枪战不是很吸引人.
This seems straightforward, Commander. If things get out of hand, remember you can just blow up the buildings and make a run for it.	看起来很简单明了，指挥官. 如果局势失控，记住你可以直接炸掉建筑物然后撤离.
This should be a milk run, {COMMANDER.FirstName}… Graf Stieglitz-Bradford doesn't actually care about taking down this facility; he just wants us out of the way while his strike team takes down Gwydion Company.	这应该是一趟轻松差事，{COMMANDER.FirstName}……施蒂格利茨-布拉德福德伯爵其实并不在乎拿下这处设施；他只是想把我们支开，好让他的打击队干掉格威迪恩连。
This should be extremely painful.	这应该会非常痛苦.
This should be straightforward. Move up, recon the depot, and then occupy it. Once we secure the area, {TEAM_EMP.FactionDef.Name} will send in their people to loot the place.	这应该很简单明了. 前进，侦察仓库，然后占领它. 一旦我们拿下了这块地方，{TEAM_EMP.FactionDef.Name}就会派他们的人洗劫这里.
This shouldn't be all that difficult, but we'll need Dr. Murad on the ground to do the actual data hacking. She's already agreed to go in with your team.	这应该没那么难，但需要穆拉德博士到现场进行实际的数据侵入工作. 她已经同意和你的队伍一起去了.
This shouldn't be anything out of the ordinary, Commander. Let's get it done.	这应该没什么特别的，指挥官. 让我们按计划执行吧.
This shouldn't be too difficult, but we'll need Dr. Murad on the ground to do the actual data hacking. She's already agreed to go in with your team.	这应该不太难，但需要穆拉德博士到现场进行实际的数据侵入工作. 她已经同意和你的队伍一起去了.
This sort of tit-for-tat never works out well, but it means steady work for us.	这种针锋相对的做法从来不能有效地解决问题，但对我们来说意味着稳定的工作.
This sounds like a messy scenario, Commander. That satellite is only going to be overhead for a short time, and this place is going to be very heavily guarded.	这听起来像是个棘手的情况，指挥官. 卫星在设施上方停留的时间会很短，且该地点守备极其森严.
This sounds like a messy scenario, Commander. That satellite is only going to be overhead for a short time.	这听起来像是个棘手的情况，指挥官. 卫星在设施上方停留的时间会很短.
This sounds like a terrible idea, but this is why they pay us the big bucks.	这听起来是个糟糕透顶的主意，但正因如此他们才付我们大钱。
This system was targeted as part of a {TEAM_EMP.FactionDef.Demonym} expansion plan. Unfortunately, the colonial plan fell through, and we now have to extract our people from the planet's surface before they're intercepted by hostile forces. As the colony was a secret, thanks to the conflicting and dubious claims on {TGT_SYSTEM.Name}, we cannot be seen to mount a major rescue operation. We need a deniable middle-man.	这个星系已被设为{TEAM_EMP.FactionDef.Demonym}扩张计划中的一个目标. 不幸的是，这项殖民计划落空了，而现在我们不得不在我们的人被敌军拦截之前从该行星的地面撤出来. 由于这次殖民是个秘密，因此多亏了对{TGT_SYSTEM.Name}的那些自相矛盾又靠不住的主张，我们不能让人看到我们开展大规模营救. 我们需要一个可以撇清关系的中间人.
This system was targeted as part of a {TEAM_EMP.FactionDef.Demonym} expansion plan. Unfortunately, the colonial plan fell through, and we now have to extract our people from the planet's surface before they're intercepted by hostile forces. As the colony was a secret, thanks to the conflicting and dubious claims on {TGT_SYSTEM.Name}, we cannot be seen to mount a major rescue operation. We need a deniable middle-man.<b><color=#e20000>[WARNING: Zombies]</color></b>	这个星系是{TEAM_EMP.FactionDef.Demonym}扩张计划的目标之一。不幸的是，殖民计划落空了，我们现在必须在殖民者被敌对势力拦截之前，把他们从行星表面撤出来。由于对{TGT_SYSTEM.Name}存在互相矛盾且可疑的主权声索，而该殖民地本是秘密，我们不能公开进行一次大规模救援行动。我们需要一个可否认的中间人。<b><color=#e20000>[警告：丧尸]</color></b>
This trafficking ring has to be put to a stop immediately Commander. We can't allow any more Nekos or Magistracy citizens to be captured	这条贩运链必须立即制止，指挥官。我们不能再容许任何猫娘或治安官辖区公民被掳走
This whole mission makes my skin crawl, Commander. We're attacking a civilian facility on the say-so of the Kurita spy network. Just… just keep your eyes open, okay?	这整个任务都让我浑身发毛，指挥官。我们在凭栗田间谍网络的一面之词去攻击一处民用设施。就……就睁大眼睛，好吗？
This will be a difficult fight, Commander. The Beasts of Balawat are former Kell Hounds; they've received some of the best training and equipment you'll find anywhere. But more than that, they've got something to prove.	这将是一场硬仗，指挥官.“巴拉瓦特野兽”由前凯尔猎犬成员组成. 他们接受过顶尖训练并配备精良装备. 但更重要的，他们需要向自己证明一些事情.
This {TEAM_EMP.FactionDef.Demonym} scientist is a top weapons researcher, and extremely valuable to any faction that employs her.	这名{TEAM_EMP.FactionDef.Demonym}科学家是顶级武器研发人员，对任何雇佣她的派系来说都是极有价值的.
Those are specialized ComStar reinforcements, Commander. Expect nothing but the best this time around.	那些是康星的特种增援，指挥官。这次除了最强的对手什么都别指望。
Those aren't just reinforcements, Commander. That's our target: the CCAF commander, Lieutenant Colonel Song. As a reminder, they're a deadly MechWarrior as well as a skilled strategist. Their arrival on the field presents an opportunity—if we act swiftly, we can achieve our goals here on Kern in a single strike, making this world an easy pickup when we mount the full-scale attack. This is it, Commander. Don't screw this up.	那些不只是增援，指挥官。那正是我们的目标：CCAF指挥官，宋中校。提醒一下，他们既是致命的机师，也是娴熟的战略家。他们出现在战场上是个机会——如果我们行动迅速，就能在克恩一举达成我们的目标，让这颗行星在我们发动全面进攻时唾手可得。就是这一下了，指挥官。别搞砸。
Tiesa \"Navaja\" Norkus has holed up in the Emerald Dawn's most heavily fortified stronghold, and she's using a number of civilian hostages as human shields. Unfortunately, there isn't much that we can do for those people; Lady Cunningham has made it very clear that eliminating the Emerald Dawn's leadership is imperative, and it'll be impossible for us to take out Norkus without incurring collateral damage.	“剃刀”蒂萨·诺库斯龟缩在翡翠黎明最坚固的堡垒中，并挟持多名平民人肉盾牌作为掩护. 不幸的是，我们无力拯救那些人——坎宁安女士已明确表示必须消灭翡翠黎明领导层. 而我们要击杀诺库斯就难免造成附带损伤.
Time for some payback. Since Sybil's unit isn't here. I am going to pound her men into the ground. Be a good minion and help me with this.	该算账了。既然西比尔的部队不在这里，我就要把她的人砸进地里。做个好手下，帮我一把。
Time to bring the thunder.	是时候降下雷霆了。
Time to kick the Clan Pups off this ball of rock. Engage their base and clear out any remaining Touman.	该把那些部族崽子从这块石头上踢下去了。攻击他们的基地，清掉任何残留部队。
Today we will see if you can accomplish tasks by staying On Mission. Do not dissapoint us. Blow that base up by placing the beacons.	今天我们要看看你能否坚守任务目标完成任务。别让我们失望。放置信标把基地炸掉。
Told you this wouldn't be simple.	我早说过这事不会简单。
Tough luck for Razorback Company, but they knew what they were getting themselves into when they took sides against House Liao.	尖背野猪公司运气不佳，但他们选择与廖氏为敌时就该明白后果.
Trade negotiations between {TEAM_EMP.FactionDef.Name} and {TEAM_TAR.FactionDef.Name} have broken down. We believe that if we capture and hold a {TEAM_TAR.FactionDef.Demonym} military base in the {TGT_SYSTEM.Name} system, we will be able to force them back to the negotiating table. Your job is to take the base and hold it until our forces can occupy it.	{TEAM_EMP.FactionDef.Name}和{TEAM_TAR.FactionDef.Name}之间的贸易谈判破裂了. 我们相信，如果我们夺取一座位于{TGT_SYSTEM.Name}的{TEAM_TAR.FactionDef.Demonym}军事基地，就能迫使他们重返谈判桌. 你的任务是拿下基地，并坚守直到我们的部队能够进驻.
Trade negotiations between {TEAM_EMP.FactionDef.Name} and {TEAM_TAR.FactionDef.Name} have broken down. We believe that if we capture and hold a {TEAM_TAR.FactionDef.Demonym} military base in the {TGT_SYSTEM.Name} system, we will be able to force them back to the negotiating table. Your job is to take the base and hold it until our forces can occupy it.<b><color=#e20000>[WARNING: Zombies]</color></b>	{TEAM_EMP.FactionDef.Name}与{TEAM_TAR.FactionDef.Name}之间的贸易谈判破裂。我们相信，如果我们夺取并守住{TGT_SYSTEM.Name}星系中一处{TEAM_TAR.FactionDef.Demonym}军事基地，就能迫使对方回到谈判桌。你的任务是拿下该基地并守住它，直到我们的部队能够占领。<b><color=#e20000>[警告：丧尸]</color></b>
Tubbs needs to go down hard, Commander. The only acceptable measure of victory is enemy tonnage destroyed.	塔布斯必须被彻底打倒，指挥官。唯一可接受的胜利标准是摧毁敌方吨位。
Turrets always make things more complicated, but this seems like a pretty routine operation, Commander.	炮台总是让事情变得更加复杂，可这似乎是个相当常规的行动，指挥官.
Two more to go, Commander! You've brought quite a storm to {TGT_SYSTEM.Name} and left hell in your wake. That's the kind of attitude we're looking for! Now get out there and crack some cockpit glass!	还剩两场，指挥官！你给{TGT_SYSTEM.Name}带来了一场风暴，身后留下一片焦土。这正是我们要的态度！现在出去，砸碎几块驾驶舱玻璃！
Two of our sibko warriors have challenged two long-standing {TEAM_TAR.FactionDef.Demonym} warriors to a fight. As they haven't had their Trial of Position, we can not allow them to fight this match. We would like you to particpate as their proxies instead, saving {TEAM_EMP.FactionDef.Demonym}'s honor, while also showing our sibko what it means to be a Warrior.	我们氏族Sibko的两名战士向两名资深的{TEAM_TAR.FactionDef.Demonym}战士发起了一场决斗. 由于他们尚未通过定位试炼，我们不能允许他们进行这场比试. 我们希望你作为他们的代理出战，既能维护{TEAM_EMP.FactionDef.Demonym}的荣誉，同时也能让我们的学员明白成为一名战士意味着什么.
Two wrongs don't make a right, Commander, but they do make a payday.	负负不能得正，指挥官，但他们却可以成为我们的报酬.
Typical hire-a-merc baby sitting job. A royal going silent is unusual though. Usually we'd hope for them to shut up. Let's hope it's just some faulty communications but expect trouble.	典型的雇佣兵保姆活儿. 不过一位贵族突然失联确实不寻常. 通常我们都巴不得他们闭嘴. 希望只是通讯故障，但要做好遇到麻烦的准备.
Unpleasant as Subcommander Tianyu may be, he's getting his vault, SLDF Griffin and all. Our reputation with House Liao is worth more than a single 'Mech.	虽然天宇副指挥官是挺讨人厌的，但SLDF的“狮鹫”机甲什么的都归他了. 我们在廖氏的名声可比区区一台机甲值钱多了.
Unremarkable, empty systems like this one are the perfect location for covert intelligence gathering operations. We believe there's a {TEAM_TAR.FactionDef.Demonym} facility here on {TGT_SYSTEM.Name} doing exactly that. Monitoring the pattern of DropShips making landings on the planet has led {TEAM_EMP.FactionDef.Demonym} analysts to a remote, apparently empty facility. Until just a few days ago, when we picked up the unmasked signature of a 'Mech's fusion engine powering up. That facility isn't empty, and we want the data stored there.	像这种毫不起眼的空旷星系，正是秘密情报收集活动的理想地点. 我们相信{TGT_SYSTEM.Name}有一处{TEAM_TAR.FactionDef.Demonym}设施就在从事这样的活动. 通过监测多艘降落在该星球的空投艇的活动规律，{TEAM_EMP.FactionDef.Demonym}的分析人员锁定了一个偏远、看似空置的设施. 直到几天前，我们捕捉到了一台机甲聚变引擎启动暴露的信号. 那处设施并非空无一人，我们想要你帮我们夺取存放在那里的资料.
Unsurprising that they want the key first. The risks you take as a covert operative.	不用惊讶他们优先要密钥. 这是身为一名秘密特工必须承担的风险.
Wait, the local government Milita are Clan Wolf forces? This is Inner Sphere space. I am still trying to wrap my head around this one Commander.	等等，当地政府的民兵是狼族部队？这里是内天体空间。指挥官，我到现在还没想明白这件事。
We are almost at our goal. It's not polite to tell a mercenary how to do their work, but I do advise you switch out your pilots to maintain morale.	我们快到目标了。指导雇佣兵怎么干活并不礼貌，但我确实建议你轮换机师以维持士气。
We are approaching a guarded forward staging area. Pace yourself and press through, Commander. This is a marathon, not a sprint and we are almost done.	我们正在接近一处设防的前沿集结区。稳住节奏，持续推进，指挥官。这是一场马拉松，不是短跑，而我们快完成了。
We are halfway there and combat exhaustion is setting in. Watch your people's status and we'll all get through this. We're fighting a war of attrition now.	我们已经走了一半，战斗疲劳正在显现。留意你手下的状态，我们都能撑过去。我们现在打的是一场消耗战。
We are looking for a mercenary company to do some covert work for us. We've lost a base to {TEAM_TAR.FactionDef.Name}, and believe {TEAM_EMP.FactionDef.Demonym} personnel are being interrogated even now. We can't allow those people to spill their secrets, but it would look bad if we were seen to destroy our own base. We need deniability. We need you to level the base, particularly the storage and communications facilities. We'd appreciate it if you ensured there were no living witnesses, and will pay a bonus if you wipe out all the opposition.	我们正在寻找一家雇佣兵公司来执行一些隐秘任务. 我们的一座基地被{TEAM_TAR.FactionDef.Name}夺走了，而且我们相信即使现在依然有{TEAM_EMP.FactionDef.Demonym}的人员正在遭受审讯. 我们不能允许这些人泄露机密，但如果有人看到我们摧毁自己的基地，那就太糟了. 我们需要撇清关系. 你们的任务是夷平该基地，特别是仓库和通讯设施. 如果能确保那里没有活着的目击者，我们将不胜感激，如果你消灭了所有的敌人我们还会支付一笔奖金.
We are looking for a mercenary company to do some covert work for us. We've lost a base to {TEAM_TAR.FactionDef.Name}, and believe {TEAM_EMP.FactionDef.Demonym} personnel are being interrogated even now. We can't allow those people to spill their secrets, but it would look bad if we were seen to destroy our own base. We need deniability. We need you to level the base, particularly the storage and communications facilities. We'd appreciate it if you ensured there were no living witnesses, and will pay a bonus if you wipe out all the opposition.<b><color=#e20000>[WARNING: Zombies]</color></b>	我们在找一家雇佣兵公司为我们做些隐蔽工作。我们失去了一处基地，落到了{TEAM_TAR.FactionDef.Name}手里，并相信{TEAM_EMP.FactionDef.Demonym}人员此刻正在受审。我们不能让那些人泄密，但如果被看到是我们自己摧毁了基地，那就难看了。我们需要可否认性。我们需要你把那座基地夷平，尤其是仓储与通讯设施。如果你能确保没有活口，我们将不胜感激；若清除全部抵抗者，我们还会付一笔奖金。<b><color=#e20000>[警告：丧尸]</color></b>
We are offering a sizeable bounty for the head of a local outlaw. The target is a rogue {TEAM_TAR.FactionDef.Demonym} MechWarrior who has attacked {TEAM_EMP.FactionDef.Demonym} personnel and facilities in this system. We need a mercenary company to find her and take her down before she takes out her aggressions on any more of our settlements.	我们要出一大笔赏金缉拿当地一名不法分子的首级. 目标是一名在这个星系中攻击了{TEAM_EMP.FactionDef.Demonym}人员和设施的{TEAM_TAR.FactionDef.Demonym}恶棍机甲战士. 我们需要一家佣兵公司找到她，在她继续攻击我们的定居点之前把她干掉.
We believe that {TEAM_TAR.FactionDef.Name} has landed an elite lance on {TGT_SYSTEM.Name}. Its continued presence inside contested territory is unacceptable, and threatens to distract our own forces into trying to track it down and engage it. We need you to locate and eliminate this lance.	我们确信{TEAM_TAR.FactionDef.Name}已经在{TGT_SYSTEM.Name}空降了一支精英机甲小队. 该部队持续存在于争议领土的行为不可接受，并可能迫使我方分兵追踪与之交战. 我们需要你找到并消灭这支小队.
We believe there is a {TEAM_TAR.FactionDef.Demonym} lance operating on {TGT_SYSTEM.name}, within a region we control. All {TEAM_EMP.FactionDef.Demonym} operations are at risk as long as this lance is allowed to move unimpeded. Patrol the area, find the enemy lance, and eliminate it.	我们相信一支{TEAM_TAR.FactionDef.Demonym}小队正在{TGT_SYSTEM.name}星系，一个我们所控制的区域活动. 只要这支小队能够自由行动，那所有{TEAM_EMP.FactionDef.Demonym}的行动就都会受到威胁. 巡逻这片地区，找出敌方小队，消灭它.
We can finally pack this in. Go get 'em, Commander	我们终于可以收尾了。去干掉他们，指挥官
We can't let the Aggressors get away with what they're doing here, Commander. Punish them for it.	指挥官，我们不能让侵略者在这里的所作所为就这么算了。为此惩罚他们。
We don't have any intelligence about other possible enemy forces on the ground, Commander, so keep your eyes open.	我们没有关于地面上可能存在的其他敌军情报，所以务必保持警惕，指挥官.
We don't have to tell you speed is of the essence here.	不用我们多说，你也知道速度在这里至关重要。
We don’t have to tell you speed is of the essence here.	不用我们多说，你也知道速度在这里至关重要。
We get paid only for a confirmed kill, although there's a bonus for clearing out any additional {TEAM_TAR.FactionDef.Demonym} forces. Still, it may be best to approach this as a hit-and-run operation.	只有确认了的击杀才能让我们得到酬劳，不过清除额外的{TEAM_TAR.FactionDef.Demonym}部队还能得到奖励. 尽管如此，把这当作一次打了就跑的行动可能是最好的选择.
We had a deal with a {TEAM_TAR.FactionDef.Demonym} MechWarrior here on {TGT_SYSTEM.name}. He helped out with some of our operations, and in turn we kept him supplied with things he couldn't get on the open market, if you know what I mean. But he's decided he's too good to work with us anymore. That's not okay. We want you to go down there and show him that it's not okay. He's probably gonna try to make a break for it. Don't let him escape.	我们曾经在{TGT_SYSTEM.name}和一名{TEAM_TAR.FactionDef.Demonym}机甲战士达成过协议. 他帮我们解决一些行动，作为交换，我们会为他提供一些在公开市场上得不到的东西——你懂我的意思. 但现在他觉得自己不屑再与我们合作了. 这可不行. 我们想要你下去告诉他，这样做是行不通的. 他很可能会试图逃跑. 别让他跑掉.
We had a few associates go missing recently, and where should they happen to turn up but a {TEAM_TAR.FactionDef.Demonym} black site? We have to assume they're being interrogated right now. Normally, we'd be extremely concerned for their welfare and we'd try to rescue them, but in this case it seems likely they're beyond rescue. We need you to level that black site, to ensure any secrets they've spilled are erased.	我们最近有几位同伴失踪了，除了{TEAM_TAR.FactionDef.Demonym}的黑狱之外他们还应该在哪儿呢? 我们不得不假设他们现在正受到审讯. 通常情况下，我们会非常关心他们的安危并尝试营救，但在这种情况下，他们很可能已经无法被救回. 我们需要你摧毁那座黑狱，以确保他们泄露的任何秘密被彻底抹除.
We had a spy who infiltrated this rabble-rousing lot some time ago. They have picked up valuable information and now require a field extraction. I'm sure you're familiar with the specifics.	我们有个间谍早先打入了这群煽动闹事的人当中。他们已获取了宝贵情报，现在需要一次战地撤离。具体细节想必你很清楚。
We had to deal with hunger back home. Stealing food from starving people is low.	我们老家也得应付饥饿。从挨饿的人手里偷食物，太下作了。
We have a BattleMech causing us trouble in {TGT_SYSTEM.name} who refuses to back down until you, Commander, show up and fight them in a duel. They call themselves Killbox. I don't know what their problem is with you but we'll pay you to get here and just deal with them. It's causing us a headache.	我们在{TGT_SYSTEM.name}遇到了一台战斗机甲，它一直给我们制造麻烦，并且声称除非你，指挥官，亲自到场与它进行决斗，否则绝不罢休. 它自称为“杀戮箱”. 我不知道它跟你有什么过节，但我们愿意付钱让你过来处理掉它. 这事让我们很头疼.
We have a VIP at a base on {TGT_SYSTEM.name}, and we've just received a garbled transmission from a local agent that the base will be attacked by {TEAM_TAR.FactionDef.Name}. They're striking at the VIP, and they know our forces are not in position to come to his aid. We need a team of competent mercenaries to protect the facility and our personnel.	我们在{TGT_SYSTEM.name}的一座基地有个VIP，我们刚刚从一个当地特工那里收到一条混乱的讯息，说基地将受到{TEAM_TAR.FactionDef.Name}的袭击. 他们是冲着VIP去的，并且清楚我们的部队无法及时赶去支援. 我们需要一支有能力的雇佣兵小队来保护基地和我们的人员.
We have a VIP at a base on {TGT_SYSTEM.name}, and we've just received a garbled transmission from a local agent that the base will be attacked by {TEAM_TAR.FactionDef.Name}. They're striking at the VIP, and they know our forces are not in position to come to his aid. We need a team of competent mercenaries to protect the facility and our personnel.<b><color=#e20000>[WARNING: Zombies]</color></b>	我们在{TGT_SYSTEM.name}的一处基地有一位贵宾，刚收到当地特工发来的混乱讯息，称基地将遭到{TEAM_TAR.FactionDef.Name}的袭击。他们的目标就是这位贵宾，而且他们知道我军的兵力无法及时赶到救援。我们需要一支能干的雇佣兵小队来保护设施和我们的人员。<b><color=#e20000>[警告：丧尸]</color></b>
We have a centralized supply depot here in {TGT_SYSTEM.name}, located to support multiple fronts of hostile action. With so many troops elsewhere, we're looking for a lance of Mercs to babysit our outpost. We have no intel that suggests a specific threat, but better to be certain.	我们在{TGT_SYSTEM.name}设有一个集中补给站，用于支援多个战线的敌对行动. 由于大量部队部署在其他地方，我们需要一支雇佣兵小队来看护我们的前哨. 目前没有情报显示存在具体威胁，但谨慎起见总是好的.
We have a centralized supply depot here in {TGT_SYSTEM.name}, located to support multiple fronts of hostile action. With so many troops elsewhere, we're looking for a lance of Mercs to babysit our outpost. We have no intel that suggests a specific threat, but better to be certain.<b><color=#e20000>[WARNING: Zombies]</color></b>	我们在{TGT_SYSTEM.name}有一个集中补给站，用来支援多个敌对战线的行动。由于兵力大多调往他处，我们想找一支雇佣兵分队来看守我们的前哨。没有任何情报显示存在特定威胁，但还是稳妥为上。<b><color=#e20000>[警告：丧尸]</color></b>
We have a developing situation, Commander, and we need your help to resolve it. One of our minor signals outposts on the planet was attacked and destroyed recently by a {TEAM_TAR.FactionDef.Demonym} force, and they're now moving in the open towards a supply depot that we cannot afford to lose. We'd like your team to set down and intercept them; they're very heavily armed, but they're making no real effort to conceal their movement. They should be a relatively simple target.	形势正在起变化，指挥官，我们需要你帮助解决它. 我们在这个星球的一座小型信号站最近被一支{TEAM_TAR.FactionDef.Demonym}部队攻击并摧毁了，现在他们正向一座补给站前进，这座补给站不容有失. 我们要你的队伍着陆并拦截他们; 他们武装到了牙齿，但是没有隐蔽自己的行动. 他们应该是个比较简单的目标.
We have a developing situation, Commander. A significant {TEAM_TAR.FactionDef.Demonym} force has dropped onto the planet, and are currently moving towards critical {TEAM_EMP.FactionDef.Demonym} facilities. We cannot allow those facilities to be taken. We need you to intercept this force and destroy them. To ensure this mission goes smoothly, we'll be sending a lance of our own along on the mission.	我们的形势正在起变化，指挥官. 一大批{TEAM_TAR.FactionDef.Demonym}部队已经空投到了这颗行星，目前正向重要的{TEAM_EMP.FactionDef.Demonym}设施前进. 我们不允许那些设施被夺走. 我们需要你拦截这支军队并摧毁之. 为了确保这一任务能平稳进行，我们会派支自己的小队一起参与任务.
We have a large pirate strike force moving on our base. While they try to encircle us, you'll use the opportunity to crush their forward position. Smash through their defenders and move onto their base as quickly as you can.	一支大规模海盗打击部队正向我们的基地推进。当他们试图包围我们时，你将利用这个机会碾碎他们的前沿阵地。冲垮他们的守军，尽快推进到他们的基地。
We have a new report from the ISF, Commander. They've located a heavily armed lance of 'Mechs in the badlands of this cold and unpleasant planet. They're way outside the usual FedSuns patrol routes, which leads my staff to suspect this is our target, moving with a significant escort to whatever their meeting place is. If they go to ground, it's going to be extremely challenging to dig them back out, so let's avoid that eventuality by intercepting this lance immediately and turning them all into smoking craters.	我们刚收到ISF的最新报告，指挥官. 他们在这颗寒冷阴郁行星的荒原上定位到了一支全副武装的机甲小队. 他们远远偏离了恒星联邦军队的常规巡逻路线，这让我的参谋部怀疑这正是在一支强大护卫下的目标，正赶往某个会面地点. 一旦他们躲起来，再想把他们挖出来就极其困难了. 所以我们得立刻拦截这支小队. 把他们全变成冒烟的弹坑，以免后患.
We have a report that {TEAM_TAR.FactionDef.Name} has been operating a hidden surveillance base somewhere on {TGT_SYSTEM.Name}. Unfortunately, they intercepted our spies' reports and have evacuated the base, torching everything useful. We'd like to prevent any of the data they've collected from leaving the planet. We've been able to identify their likely evacuation route, and we need you to intercept their evac convoy and destroy it.	我们收到报告，{TEAM_TAR.FactionDef.Name}在{TGT_SYSTEM.Name}的某处建立了一个隐藏的监视基地. 不幸的是，他们截获了我们的间谍报告，并已撤离基地，将所有有用的东西付之一炬. 我们希望阻止他们收集的数据离开这颗行星. 我们已经查明了他们可能的撤离路线，需要你拦截他们的撤离车队并将其摧毁.
We have a situation here and we'd like your help. We've detected a joint task force of {TEAM_TAR.FactionDef.Demonym} and {TEAM_TAR_ALLY.FactionDef.Demonym} units operating openly on the planet. We need to hunt them down and turn them to scrap, but even if we do manage to find them, our own forces aren't up to the task of engaging that many enemies at once. We'd like you to send a lance to accompany our own team; the two of you can then engage the enemy together and negate their numerical advantage.	我们这里有个状况，想要你帮忙. 我们侦测到一支{TEAM_TAR.FactionDef.Demonym}和{TEAM_TAR_ALLY.FactionDef.Demonym}的联合特遣部队在这颗行星上公开活动. 我们需要猎杀他们，将他们打成渣子，可就算我们能够找着他们，我们自己的部队也无法胜任同时与那么多敌人交战的任务. 我们要你派一支小队伴随我们的队伍; 那么你们俩就能一起和敌人交战，抵消他们的数量优势.
We have a small disused base in a remote part of {TGT_SYSTEM.Name}. We need it and are preparing to reactivate it. We'd like to hire you to recon the facility and defend it until our forces can move in. We'll have a lance with you in half a day and a logistics team within 24 hours.	我们在{TGT_SYSTEM.Name}的一处偏远地区有一座小型废弃基地. 目前我们需要重新启用它，并正为此做准备. 我们想雇佣你们去侦察该设施并加以防守，直到我方部队抵达. 半日内会有一支小队与你们会合，后勤小组则会在24小时内赶到.
We have a very ambitious target in mind for you: a {TEAM_TAR.FactionDef.Demonym} logistical base. Thousands of tons of armor, ammunition, 'Mech parts, and personnel pass through this facility every day, all on its way to front-line fighting units. A strike at this base will seriously hinder the {TEAM_TAR.FactionDef.Demonym} forces, possibly even turning the tide of battle completely against them. It will be well-defended, and as soon as the assault begins the enemy will scramble reinforcements.	我们为你安排了一个极具挑战性的目标: 一座{TEAM_TAR.FactionDef.Demonym}后勤基地. 每天都有数千吨重的装甲、弹药、机甲部件和人员通过这座设施流转，送往前线作战部队. 对基地来次袭击会严重阻碍{TEAM_TAR.FactionDef.Demonym}部队，甚至有可能彻底扭转与他们的战斗局势. 该基地防守严密，一旦开始攻击，敌方将立即调动增援.
We have an extremely odd assignment for you. We have a manufacturing facility on the planet below, and we've been aware that {TEAM_TAR.FactionDef.Demonym} forces have been scouting in the area. We've expected them to make a move, but we didn't expect them to... send us a warning beforehand? Apparently they've hired a mercenary who contacted us to let us know when the attack would be, because, and I'm quoting, \"professional ethics.\" We have no idea what that means.	我们有个极其古怪的任务要交给你. 我们在下方的行星上有一座制造厂，并且早已察觉到{TEAM_TAR.FactionDef.Demonym}的部队一直在周边侦察. 我们料到他们会有所行动，但万万没想到他们竟然...事先给我们发来了警告? 显然，他们的雇佣兵联系了我们，告知了攻击时间，原因是——我照原话引述——“职业道德”. 我们完全搞不懂那是什么意思.
We have an extremely time sensitive mission for you. The remains of a decimated {TEAM_TAR.FactionDef.Demonym} company are preparing to leave {TGT_SYSTEM.name}. Strike fast and hit them before they escape.	我们有一项极为紧急的任务交给你们. 一支被打残的{TEAM_TAR.FactionDef.Demonym}连队残部正准备撤离{TGT_SYSTEM.name}. 迅速出击，在他们逃脱之前截住他们.
We have an ongoing relationship with a well-known mercenary, and one of the elements of that relationship that they insisted on was an insurance policy: if they're captured, we're obligated to mount a rescue attempt. They've been captured by {TEAM_TAR.FactionDef.Demonym} forces, and that's triggered the rescue clause. They managed to escape on their own but have no way off the planet, and are surrounded by hostiles. We need you to reach the facility where they're hiding and pick them up.	我们和一个知名佣兵有着持续不断的关系，那个关系中有一个他们坚持要求的要素，那是一项保险政策: 如果他们被捕，我们就有责任去尝试营救. 他们被{TEAM_TAR.FactionDef.Demonym}军队抓走了，从而触发了营救条款. 他们得以自行逃走但无法离开星球，还被敌人包围了. 我们需要你到达他们藏身的设施，接走他们.
We have an operation planned to raid a {TEAM_TAR.FactionDef.Demonym} logistical base, steal everything that isn't nailed down, and sell it on the black market. There's a missing element in the plan: you. We need you to draw off a {TEAM_TAR.FactionDef.Demonym} patrol so that we can move into the base unopposed and load the goods. We figure that you hit the patrol, they call for reinforcements, and then you take those out as well. Then, we sell the stuff and split the take with you.	我们正计划突袭一座{TEAM_TAR.FactionDef.Demonym}后勤基地，抢走所有可移动的物资并通过黑市销售. 计划中缺少一个关键环节: 你. 我们需要你引开一支{TEAM_TAR.FactionDef.Demonym}巡逻队，好让我们能够无阻碍地进入基地并装载货物. 预计你攻击巡逻队后，他们会呼叫援军，那你就同样干掉那些援军. 事后我们将出售物资并与你分成.
We have an operative in place in a covert {TEAM_TAR.FactionDef.Demonym} research facility, and for the past year they've been gathering sensitive research data for us. They've notified us that they're ready for us to extract the data, and we need a deniable force to arrange that extraction. The research facility is not connected to any data networks, and all the secure laboratories are far enough underground that wireless data signals are blocked. To get the information out, we're going to need to position a satellite receiver directly above the site. Your task will be to place positioning beacons to allow the satellite to lock on to the research data signal and download it.	我们在一个{TEAM_TAR.FactionDef.Demonym}研究设施中安插了一名特工，在过去一年里，他一直为我们收集敏感研究数据. 现该特工通知已准备就绪，需派遣一支可否认身份的部队执行数据提取. 该研究设施未接入任何数据网络，且所有安全实验室均深埋地下，以致于无线信号被屏蔽. 为了获取信息，我们需要在设施上方直接布置卫星接收器. 你的任务是放置定位信标，使卫星能够锁定研究数据信号并下载数据.
We have an operative in place in a {TEAM_TAR.FactionDef.Demonym} research facility, and for the past year they've been gathering sensitive research data for us. They've notified us that they're ready for us to extract the data, and we need a deniable force to arrange that extraction. The research facility is not connected to any data networks, and all the secure laboratories are far enough underground that wireless data signals are blocked. To get the information out, we're going to need to position a satellite receiver directly above the site. Your task will be to place positioning beacons to allow the satellite to lock on to the research data signal and download it.	我们在一个{TEAM_TAR.FactionDef.Demonym}研究设施中安插了一名特工，在过去一年里，他一直为我们收集敏感研究数据. 现该特工通知已准备就绪，需派遣一支可否认身份的部队执行数据提取. 该研究设施未接入任何数据网络，且所有安全实验室均深埋地下，以致于无线信号被屏蔽. 为了获取信息，我们需要在设施上方直接布置卫星接收器. 你的任务是放置定位信标，使卫星能够锁定研究数据信号并下载数据.
We have an opportunity to eliminate a key figure in the {TEAM_TAR.FactionDef.Demonym} hierarchy in this system, which will leave their organization in chaos and ensure safety for {TEAM_EMP.FactionDef.Demonym} operations. The target will be relatively unguarded and vulnerable, and we'd like you to strike in this window of opportunity.	我们有机会消灭本星系{TEAM_TAR.FactionDef.Demonym}统治集团的一名关键人物，从而令他们的组织陷入混乱，确保{TEAM_EMP.FactionDef.Demonym}行动的安全性. 目标相对来说没什么防备，较为脆弱，我们想要你在这个机遇期发动打击.
We have an opportunity to get our hands on the next season of a popular holovid series before it's sent out for general distribution. Fans will pay through the nose to get a copy even a few weeks early. All you have to do is go to the secure {TEAM_TAR.FactionDef.Demonym} facility where the data is being stored, and our agent will transmit the data directly to your 'Mech. Oh, if you have a chance, pick the agent up, too? He's holed up in a secondary facility.	我们有机会在热门全息影剧新一季正式发行前搞到片源. 剧迷们甚至愿意为提前几周看到片子砸下重金. 你只需前往存放数据的{TEAM_TAR.FactionDef.Demonym}安全设施，我们的内应将直接把数据传至你的机甲. 对了，如果有机会的话，把内应一并接走? 他目前藏身在一座辅助设施中.
We have an urgent assignment that we'd like your assistance with, Commander. We have a secret listening post here on {TGT_SYSTEM.name}, and we've just learned that {TEAM_TAR.FactionDef.Demonym} agents have discovered the base's location. We need time to transmit all the data we've gathered to a DropShip in orbit, but they're already advancing on the facility. Worse, we're detecting an engine signature from an assault-class 'Mech closing on the base's location. We need you to drop immediately and protect that base until we can get the data transmitted.	我们有一项紧急任务需要你的协助，指挥官. 我们在{TGT_SYSTEM.name}设有一个秘密监听哨，而我们刚刚得知{TEAM_TAR.FactionDef.Demonym}的特工已经发现了基地的位置. 我们需要时间把收集的数据传输到轨道上的一艘空投艇，但他们已经向基地逼近. 更糟的是，我们在靠近基地的位置侦测到了一部袭击型机甲的引擎信号. 我们需要你立即出击，保护基地，直到数据传输完成.
We have an urgent problem that needs an immediate military response, Commander. We've just detected multiple {TEAM_TAR.FactionDef.Demonym} DropShips en route to one of our supply bases. Logistics bases are generally protected by automated turret systems, but this attack force is much larger than the turret systems were meant for. We want you to provide additional firepower in case the turrets aren't enough.	我们有个紧急问题，需要即刻做出军事回应，指挥官. 我们刚刚侦测到数艘{TEAM_TAR.FactionDef.Demonym}空投艇向我们的一座补给基地飞来. 后勤基地一般由自动炮台系统保护，但这支攻击部队的规模远大于炮台系统的能力. 我们要你提供额外的火力，以免炮台不够用.
We have arranged a training mission on this planet. Of course, we did not inform the Local Government we would be using their forces as training dummies.	我们已在这颗星球上安排了一次训练任务. 当然，我们并没有通知当地政府我们将把他们的部队用作训练假人.
We have decided to use these Mechs' advanced maneuverability to destroy the Local Government's leadership. I hope that this is within your abilities, Commander.	我们决定利用这些机甲的高级机动性来摧毁地方政府领导层. 我希望这在你能力范围之内，指挥官.
We have detected an inbound dropship belonging to {TEAM_TAR.FactionDef.Name}. Our local defense forces in the expected drop area are ill-equipped to handle a lance of 'Mechs, but with your aid we can ensure that the raid does minimal damage. We'd like you to intercept the {TEAM_TAR.FactionDef.Demonym} lance and destroy it.	我们探测到一艘隶属于{TEAM_TAR.FactionDef.Name}的来袭空投艇. 我们在预计降落区域的地方防御部队装备不足，难以应对一支机甲小队，但有了你的协助，我们就能确保这次突袭造成的损害降到最低. 我们希望你拦截并消灭这支{TEAM_TAR.FactionDef.Demonym}机甲小队.
We have detected an inbound dropship belonging to {TEAM_TAR.FactionDef.Name}. Our local defense forces in the expected drop area are ill-equipped to handle a lance of 'Mechs, but with your aid we can ensure that the raid does minimal damage. We'd like you to intercept the {TEAM_TAR.FactionDef.Demonym} lance and destroy it.<b><color=#e20000>[WARNING: Zombies]</color></b>	我们探测到一艘属于{TEAM_TAR.FactionDef.Name}的空投艇正进入。我们在预计投放区域的本地防御部队无力应付一支机甲分队，但有你的协助，我们能确保这次袭击造成的损害降到最低。我们希望你去拦截那支{TEAM_TAR.FactionDef.Demonym}分队并将其摧毁。<b><color=#e20000>[警告：丧尸]</color></b>
We have eyes on Sentry Team Alpha, Commander—they're patrolling the AO, just as I said they would be. Expect moderate-to-heavy resistance on the path to your objective. As a reminder, it is absolutely vital that this convoy reach its destination. Do not disappoint me.	我们盯上哨兵小队阿尔法了，指挥官——他们正在巡逻行动区域，正如我所料。通往目标的路途上预期会遇到中到重度抵抗。提醒一下，这支车队抵达目的地绝对至关重要。别让我失望。
We have intel that {TEAM_TAR.FactionDef.Name} is conducting military exercises on this backwater world. This is an opportunity to covertly advance {TEAM_EMP.FactionDef.Demonym} interests in the region. We need a deniable force to intercept their drills and provide them with some live-fire exercises instead. We believe there is a primary lance of 'Mechs and a supporting lance of vehicles.	我们获得情报，{TEAM_TAR.FactionDef.Name}正在这个穷乡僻壤进行军事演习。这是秘密推进{TEAM_EMP.FactionDef.Demonym}在该地区利益的机会。我们需要一支可否认的部队去拦截他们的演练，改为给他们提供一些实弹演习。我们相信有一支主力机甲分队和一支支援车辆分队。
We have little to no intel on what you're going to find out there, Commander. Keep your eyes open; it's absolutely vital that this convoy reach its destination.	我们几乎没有任何信息，可以期待什么，指挥官，所以睁大你的眼睛. 车队到达目的地势在必行.
We have long suspected that there is a {TEAM_TAR.FactionDef.Demonym} research station hidden in the {TGT_SYSTEM.name} system, and we've finally gotten wind of its possible location. We need a few brave, and plausibly deniable, mercenaries to secure the location for a dropship extraction of any valuable scientific personnel.	我们早就怀疑在{TGT_SYSTEM.name}星系中藏着一座{TEAM_TAR.FactionDef.Demonym}研究站，现在我们终于掌握了它可能的位置. 我们需要一些勇敢，且能合理撇清关系的佣兵拿下这块地方，以便让空投艇撤出任何有价值的科研人员.
We have our work cut out for us on this one. We have to make sure these guys stay safe so they can get back in the fight and help us.	这一票我们得下大功夫。我们必须确保这些人安全无余，好让他们能重新投入战斗并帮助我们。
We have reached the destination: The bunker containing the genetic legacy of the Reaved Clan.	我们已抵达目的地：收容被洗劫氏族基因遗产的掩体。
We have reliable information that a remote {TEAM_TAR.FactionDef.Demonym} laboratory is attempting to reverse-engineer sensitive {TEAM_EMP.FactionDef.Demonym} technology in violation of the usage license. They have failed to respond to our communications that they cease and desist these unlawful operations. Therefore, we authorize you to execute the license termination clause upon that facility.	我们有可靠的信息表明，一处偏远的{TEAM_TAR.FactionDef.Demonym}实验室正违反使用许可试图对敏感的{TEAM_EMP.FactionDef.Demonym}技术进行逆向工程. 他们未对我们要求其停止这些非法操作的通知作出回应. 因此，我们授权你对该设施执行许可终止条款.
We have tracked ComStar to this hell hole of a planet. Whatever they are hiding here, I have to have. So let's start simple. Agent X has been sighted here with his crew. Get down there and take him out.	我们追踪康星到了这颗地狱般的行星。不管他们在这里藏了什么，我都要拿到。所以从简单的开始。X特工和他的队伍在这里被发现过。下去，把他做掉。
We just need to buy them enough time to do the purge and then get them out safely.	我们只需要为他们争取足够的时间来完成数据清除，然后安全地将他们撤离.
We made the right call, commander.	我们做对了，指挥官。
We maintain a very accurate registry of all military convoys on this planet. Recently, an analyst spotted something odd: a convoy that wasn't accounted for anywhere in our records. It's been regularly traveling along one of our standard logistical routes, and using our logistical comms, which is how it evaded detection for so long. Our signals intercepts tell us they're {TEAM_TAR.FactionDef.Demonym} drivers, so we have to assume they're smuggling right in our own backyard. We don't want to spook them with our own military comm chatter; we need an independent force to intercept and destroy them.	我们维持着一个极为精确的登记册，登记了这颗星球上的所有军用车队. 最近，一名分析员发现了一些异常: 一支在我们记录中没有丝毫痕迹的车队. 它一直定期沿着我们的标准后勤路线行驶，使用我们的后勤通讯，这也是它长期未被发现的原因. 我们截获的信号告诉我们，他们是{TEAM_TAR.FactionDef.Demonym}的机师，所以我们不得不假定他们就在我们自己的后院搞走私. 我们不想因为我们自己的军用通讯打草惊蛇; 我们需要一支独立的部队去拦截并消灭他们.
We may not be able to take out Tiesa Norkus, but at least we can contain her. If she wants to hide behind human shields, fine—let her hide. We'll do as much damage to the Emerald Dawn as we can, and when Lady Cunningham's DropShip touches down, she can handle the hostage negotiations.	我们也许无法除掉蒂莎·诺库斯，但至少能困住她。如果她想躲在人盾后面，行——就让她躲着。我们要尽可能重创翠绿黎明，等坎宁安女士的空投艇降落，她可以处理人质谈判。
We need to keep moving on this one. Looks like the ComGuard presence is thick.	这一票我们得抓紧推进。看来康卫队的存在相当密集。
We need to make a deniable strike on a {TEAM_TAR.FactionDef.Demonym} convoy. Intel shows the convoy is a shipment of weapons, including at least one intact Star League era weapon system. That level of technology could shift the balance of power in {TGT_SYSTEM.name} - something {TEAM_EMP.FactionDef.Demonym} leadership isn't willing to tolerate.	我们需要对一支{TEAM_TAR.FactionDef.Demonym}车队发起一次可以撇清关系的袭击. 情报显示该车队是一支武器运输队，其中至少包括一套完好的星际联盟时期的武器系统. 那个级别的技术足以改变{TGT_SYSTEM.name}的势力平衡--这是{TEAM_EMP.FactionDef.Demonym}领导人不能容忍的.
We need to take down the Reflux Generator on this world. It seems to be the whole reason the universe seems upside down right now. Destroy the defenses and get ready for the situation to flow. We should use the convertible abilities of the power armor to approach quickly.	我们必须摧毁这颗星球上的逆流发生器. 它似乎正是导致当前宇宙颠倒混乱的根源. 摧毁其防御工事，并准备好迎接局势的发展. 我们应当利用动力甲的可变形能力，迅速接近目标.
We need to transfer a prisoner from {TGT_SYSTEM.Name} to another system. This prisoner has allies in {TEAM_TAR.FactionDef.Name} that will stop at nothing to set their ally free. To make it harder for them to target the prisoner, we are doing our best to send out mixed signals on the prisoner and when the transfer will be. We are also sending {TEAM_EMP.FactionDef.Demonym} forces out as 'dummy' convoys, and sending multiple vehicles in each convoy. However, <i>your</i> convoy will be the real one.	我们需要从{TGT_SYSTEM.Name}转移一名囚犯到其它星系. 该囚犯在{TEAM_TAR.FactionDef.Name}有同伙，他们会不惜一切代价去救出囚犯. 为了让他们更难锁定囚犯，我们正全力释放关于囚犯身份及转移时间的混淆信息. 我们还派出{TEAM_EMP.FactionDef.Demonym}部队作为诱饵车队，每队配置多辆车辆. 不过，<i>你的</i> 车队才是真正执行转移的那支.
We need you to Deliver to our Subscription Holders inside a {TEAM_TAR.FactionDef.Demonym} research facility. They will be carrying highly sensitive scientific materials which must be Delivered quickly. These materials are of a biological nature, and must not be tampered with. Opening or tampering with the materials will be considered a breach of contract.	我们需要你将物资送达{TEAM_TAR.FactionDef.Demonym}研究设施内的订阅用户手中. 他们将携有高度敏感的科学材料，必须尽快送达. 这些材料具有生物活性，严禁擅自拆封或改动，否则将被视为违约行为.
We need you to destroy a convoy of {TEAM_TAR.FactionDef.Name} vehicles that was involved in a strike on our holdings. You like credits, yes?	我们需要你摧毁一支 {TEAM_TAR.FactionDef.Name} 的车队，他们参与了对我们领地的一次打击。你喜欢信用点，对吧？
We need you to get in and get out fast.	我们需要你快速进出。
We need you to get in get and out fast.	我们需要你进去再快速出来。
We need you to recover our operatives from inside a {TEAM_TAR.FactionDef.Demonym} research facility. They will be carrying highly sensitive scientific materials which must be returned to us. These materials are of a biological nature, and must not be tampered with. Opening or tampering with the materials will be considered a breach of contract.	我们需要你从{TEAM_TAR.FactionDef.Demonym}的研究设施中救出我们的特工. 他们携带的都是高度敏感的科学材料，必须完好无损地回到我们这里. 这些材料具有生化性质，禁止擅自处理. 打开或擅自处理这些材料将被视为违反合约.
We need you to search for and destroy any pirate stragglers, Commander.	指挥官，我们需要你搜寻并消灭任何落单的海盗。
We operate a BattleMech repair facility on {TGT_SYSTEM.name}. This base is critical to our 'Mech operations in the system, and we believe that {TEAM_TAR.FactionDef.Demonym} forces are planning an assault. We'd like you to protect the facility, and if an attack comes, hold off the assault until our forces can arrive and relieve you.	我们在{TGT_SYSTEM.name}运营着一座战斗机甲维修设施. 这座基地对我们在该星系的机甲行动至关重要，我们相信{TEAM_TAR.FactionDef.Demonym}部队在策划一场袭击. 我们要你保护这座设施，如果遭遇袭击，就拖延住，直到我们的部队能赶到并接替你.
We operate a repair and maintenance facility on {TGT_SYSTEM.name}.  This base is critical to our operations in the system, and we suspect that {TEAM_TAR.FactionDef.Demonym} forces are going to assault the facility.  We'd like you to garrison the base, and if an attack comes, hold off the assault until our forces can arrive and relieve you.	我们在{TGT_SYSTEM.name}运营着一座修理维护设施. 这座基地对我们在该星系的行动至关重要，我们怀疑{TEAM_TAR.FactionDef.Demonym}部队准备袭击这座设施. 我们要你们驻守这座设施，如果遭遇袭击就拖延住，直到我们的部队能赶到并接替你们.
We operate a repair and maintenance facility on {TGT_SYSTEM.name}. This base is critical to our operations in the system, and we suspect that {TEAM_TAR.FactionDef.Demonym} forces are going to assault the facility. We'd like you to garrison the base, and if an attack comes, hold off the assault until our forces can arrive and relieve you.	我们在{TGT_SYSTEM.name}运营着一座修理维护设施. 这座基地对我们在该星系的行动至关重要，我们怀疑{TEAM_TAR.FactionDef.Demonym}部队准备袭击这座设施. 我们要你们驻守这座设施，如果遭遇袭击就拖延住，直到我们的部队能赶到并接替你们.
We periodically survey 'empty' worlds just to be certain there's no unexpected activity on them.  This time, we got lucky. A {TEAM_EMP.FactionDef.Demonym} surveillance team picked up {TEAM_TAR.FactionDef.Demonym} signals from the surface of {TGT_SYSTEM.Name} that correspond to a very heavy 'Mech running through a test-fire sequence.  We suspect the enemy is taking the 'Mech out for proving trials, figuring the planet is uninhabited.  If we can locate and intercept this 'Mech, we can keep a powerful piece of hardware out of enemy hands.	我们会定期调查那些“荒凉”的星球，确保上面没有意料之外的活动. 这一次，我们走运了. 一个{TEAM_EMP.FactionDef.Demonym}监视小组捕捉到了来自{TGT_SYSTEM.Name}表面的{TEAM_TAR.FactionDef.Demonym}信号，这个信号和一部正在进行试射的重型机甲相符. 考虑到这颗星球本应无人居住，我们怀疑敌人带走机甲是为了做验证性试验. 如果我们能够定位并截下这部机甲，就能够使这部强力武器免于落入敌人手中.
We periodically survey 'empty' worlds just to be certain there's no unexpected activity on them. This time, we got lucky. A {TEAM_EMP.FactionDef.Demonym} surveillance team picked up {TEAM_TAR.FactionDef.Demonym} signals from the surface of {TGT_SYSTEM.Name} that correspond to a very heavy 'Mech running through a test-fire sequence. We suspect the enemy is taking the 'Mech out for proving trials, figuring the planet is uninhabited. If we can locate and intercept this 'Mech, we can keep a powerful piece of hardware out of enemy hands.	我们会定期调查那些“荒凉”的星球，确保上面没有意料之外的活动. 这一次，我们走运了. 一个{TEAM_EMP.FactionDef.Demonym}监视小组捕捉到了来自{TGT_SYSTEM.Name}表面的{TEAM_TAR.FactionDef.Demonym}信号，这个信号和一部正在进行试射的重型机甲相符. 考虑到这颗星球本应无人居住，我们怀疑敌人带走机甲是为了做验证性试验. 如果我们能够定位并截下这部机甲，就能够使这部强力武器免于落入敌人手中.
We picked up a coded transmission from the surface of {TGT_SYSTEM.name}: {TEAM_EMP.FactionDef.Demonym} scouts report a previously unknown manufacturing plant has been activated by {TEAM_TAR.FactionDef.Demonym} forces, and they're broadcasting what we believe might be pre-war blueprints to an unknown recipient somewhere in the system. We need you to move in and capture that facility, intact, and protect it while we mobilize a garrison.	我们截获了一条来自{TGT_SYSTEM.name}地表的加密通讯: {TEAM_EMP.FactionDef.Demonym}侦察兵报告称，一个此前未知的制造工厂已被{TEAM_TAR.FactionDef.Demonym}部队启用，并且他们正在将我们认为是战前设计图的信息广播给星系内某处的未知接收者. 我们需要你前去完好无损地拿下那座设施，并在我们调动驻防部队期间保护它.
We promised Shugo Yamaguchi we'd do this. May as well get it over with.	我们已经向山口修吾承诺过要完成这件事，不如赶紧结束吧.
We recently lost contact with one of our forward bases in the {TGT_SYSTEM.name} system. We've heard rumours of {TEAM_TAR.FactionDef.Demonym} activity near here so it might be related. We need you to go in and investigate for us.	我们最近失去了与{TGT_SYSTEM.name}星系中一处前沿基地的联系. 我们听闻附近有{TEAM_TAR.FactionDef.Demonym}活动的传闻，因此这可能与此有关. 我们需要你们前往那里进行调查.
We require a small but overwhelming military strike to infiltrate {TEAM_TAR.FactionDef.Demonym} territory and disable their communications facility. As prelude to hostile actions elsewhere in {TGT_SYSTEM.name}, it's imperative that the {TEAM_TAR.FactionDef.Demonym} network goes offline, to remove their ability to coordinate a response.	我们需要一次小型而有力的军事打击以渗透到{TEAM_TAR.FactionDef.Demonym}的领地，瘫痪他们的通讯设施. 作为{TGT_SYSTEM.name}上其它敌对行动的序幕，必须让{TEAM_TAR.FactionDef.Demonym}的网络下线，以消除他们协调响应的能力.
We should expect heavy resistance; {TEAM_EMP.FactionDef.Name} isn't saying what's in that facility, but whatever it is has them riled up.	我们应该会遇到强烈的抵抗; {TEAM_EMP.FactionDef.Name}并没有透露那座设施里究竟有什么，但无论是什么，显然已经让他们极为紧张.
We traced the origin of the Soarece tanks to this location. We're not sure if it's a cache or a functioning automated factory. Either way, it needs to go. Place beacons for our Artillery to target, and exfiltrate while our guns destroy the base.	我们追踪索阿雷斯坦克的来源到了这里。我们不确定这是一处储藏库还是一座在运转的自动化工厂。不管是哪种，它都得消失。为我方炮兵放置信标，在我方火炮摧毁基地时撤离。
We will be fighting one of the best opponents here.	我们将与这里最顶尖的对手之一交锋.
We will have a serious opponent here.	我们在这里会遇到一个难缠的对手。
We will only have a short amount of time to get to the control station to disable the landing pads, Make sure the 'Mechs you drop with have enough speed Commander.	我们只有很短时间来抵达控制站并瘫痪着陆平台，指挥官，确保你投放的机甲速度足够。
We'd be dead without your assistance, Commander. Full stop. There are at least a dozen different bandit gangs operating on the outskirts of our territory, and any one of 'em would jump at the chance to gun us down. So… thanks for doing what's decent. From all of us.	没有你的协助我们就死定了，指挥官。句号。我们领地郊外至少有十几伙不同的匪帮在活动，任何一伙都会扑上来把我们打成筛子。所以……谢谢你做了体面的事。我们所有人都是。
We'll be outnumbered and outmatched, Commander, but that's hardly a new experience for us.	我们将面临人数的劣势，指挥官，但这对我们来说并不是什么新鲜事.
We'll be outnumbered two to one, Commander. I don't particularly like those odds, but we're committed now, so let's buckle down and get the job done.	我们人数会处于一比二的劣势，指挥官. 我倒不是特别喜欢这种胜算，但既然已经骑虎难下，那就让我们全力以赴把活儿干完吧.
We're almost there, {COMMANDER.FirstName}. Just one more push and the derelict is ours.	我们快到了，{COMMANDER.FirstName}. 再最后加把劲，那艘废弃飞船就归我们了.
We're approaching the joint research base, Commander. Once you're in the AO, you'll need to move up to the base and set beacons to triangulate around it so that our covert DropShip, the <i>Airavata</i>, can transmit the authentication code and download the research data. We have a limited window of opportunity before the Liao ships in orbit detect our presence and come to investigate, so you'll be operating under a relatively tight timeline. Be aware that my people picked up a very large spike in comms chatter right after our previous mission, so they're expecting you.	我们正在接近联合研究基地，指挥官. 一旦你进入作战区域，你需要向基地推进并设置信标进行三角定位，以便我们的隐蔽空投艇，<i>Airavata</i>，能够传输认证代码并下载研究数据. 在廖氏的轨道舰发现我们并前来调查之前，我们只有有限的时间窗口，因此你们的行动时间相对紧张. 请注意，我方人员在上一个任务结束后监测到通讯量激增，这意味着敌人已有所防备.
We're approaching the joint research base, Commander. Once you're in the AO, you'll need to move up to the base and set beacons to triangulate around it so that our covert DropShip, the <i>Airavata</i>, can transmit the authentication code and download the research data. We have a limited window of opportunity before the Liao ships in orbit detect our presence and come to investigate, so you'll be operating under a relatively tight timeline. So far, we've managed to keep things quiet, so while I expect significant opposition, you should be able to handle it.	我们正在接近联合研究基地，指挥官. 一旦你进入作战区域，你需要向基地推进并设置信标进行三角定位，以便我们的隐蔽空投艇，<i>Airavata</i>，能够传输认证代码并下载研究数据. 在廖氏的轨道舰发现我们并前来调查之前，我们只有有限的时间窗口，因此你们的行动时间相对紧张. 目前我们仍保持隐蔽状态，虽然预计会遭遇强烈抵抗，但你应该能够应对.
We're assaulting a fortified base with an underweight lance, Commander. Sort of feels like old times, doesn't it?	用一支不足编制的小队攻打一座设防基地，指挥官. 有点像从前的日子，不是吗?
We're currently trying to engage in long-term operations in this system, which runs counter to {TEAM_TAR.FactionDef.Demonym} interests. They've hired a well-regarded mercenary outfit to engage {TEAM_EMP.FactionDef.Name} operatives on the planet's surface, and the mercenaries have sent a single, well-armed lance. We'd like you to counter that lance, by intercepting and destroying it.	我们目前正试图在这个星系中展开长期行动，但这与{TEAM_TAR.FactionDef.Demonym}的利益相悖. 他们雇佣了一支声誉很高的雇佣兵部队，在行星表面对{TEAM_EMP.FactionDef.Name}的行动人员发动攻击，而那支雇佣兵部队派出了一支装备精良的小队. 我们希望你能拦截并摧毁那支小队，以对抗他们.
We're getting a number of reports from agents on the ground of a powerful 'Mech sporting {TEAM_TAR.FactionDef.Demonym} colors. A single 'Mech operating on its own, out in the middle of nowhere, sounds like a trap. Our plan is to spring this trap and see who comes to investigate. Engage the 'Mech, intercept the forces {TEAM_TAR.FactionDef.Name} sends to defend it, and destroy all of them.	我们收到多名地面特工的报告，说有一台{TEAM_TAR.FactionDef.Demonym}涂装的强力机甲出现. 一台机甲单独行动、出现在荒郊野外——听起来像是个陷阱. 我们的计划是触发这个陷阱，看看谁会来调查. 与那台机甲交战，拦截{TEAM_TAR.FactionDef.Name}派来支援的部队，并将他们全部歼灭.
We're going it alone on this one, so we shouldn't have any infighting to worry about. That's a good thing, because we're gonna be outnumbered enough as it is.	这次我们要单独行动，至少不必担心内讧了. 这是好事——毕竟我们本就面临敌众我寡的局面.
We're going to keep an <i>assault 'Mech</i> from destroying a facility, without any ground intel. This seems like a really terrible idea, Commander.	我们要在没有任何地面情报的情况下阻止一台<i>袭击型机甲</i> 摧毁一座设施. 指挥官，这听起来真是个糟糕透顶的主意.
We're going to land in a hot AO, with no idea where we are, capture a well-defended military facility, and hold it against a counter-attack. What could go wrong?	我们会在一片激烈的行动区域里降落，不知自己身处何地，夺取一座守备森严的军用设施，还要从一轮反攻中坚守下来. 能出什么错呢?
We're going to try to keep an <i>assault 'Mech</i> from destroying a facility, without any ground intel. This seems like a really terrible idea, Commander.	我们要在没有任何地面情报的情况下阻止一台<i>袭击型机甲</i> 摧毁一座设施. 指挥官，这听起来真是个糟糕透顶的主意.
We're in a bit of trouble. Two of our pilots challenged two long standing {TEAM_TAR.FactionDef.Demonym} duelists to a fight. Only now our pilots are nowhere to be found. Can you step in and take their spots please? Of course, you'd have to pretend to be our pilots.	我们遇到点麻烦. 我们的两名机师向两位资深的{TEAM_TAR.FactionDef.Demonym}决斗者发起了挑战. 但现在我们的机师却不知所踪. 你能顶替他们上场吗? 当然，你得假扮成我们的机师.
We're in the middle of nowhere, Commander, so that means no witnesses. Convenient.	我们在一个荒无人烟的地方，指挥官，这意味着没有目击者. 很省事.
We're looking for a mercenary company with a reputation for discretion. A personal friend of our leadership here in {TGT_SYSTEM.name} has requested protection for a convoy of his, but {TEAM_EMP.FactionDef.Name} can't commit our own forces to this task. While his convoy is armed and armored, he suspects that his enemies have hired mercenaries of their own to interdict this shipment.	我们在寻找一家以谨慎闻名的雇佣兵公司. 我们领导人在{TGT_SYSTEM.name}的一位私人朋友要求保护他的一支车队，但是{TEAM_EMP.FactionDef.Name}不能承诺用我们自己的队伍来完成这项任务. 虽然他的车队武备齐全，但他仍然怀疑他的敌人已经雇了佣兵来阻断这支运输队.
We're on the home stretch now, {COMMANDER.FirstName}.	我们进入最后一段了，{COMMANDER.FirstName}。
We're planning an operation and to pull it off, we need the {TEAM_TAR.FactionDef.Demonym} authorities to be temporarily distracted. We need you to create that distraction. We'll point you at a {TEAM_TAR.FactionDef.Demonym} patrol. You do something loud and fatal to them. Meanwhile, we execute our operation and give you a cut of the proceeds. Oh, and there may be reinforcements. That's good; that's one less lance to get in <i>our</i> way.	我们正在计划一项行动，为了顺利完成，需要暂时分散{TEAM_TAR.FactionDef.Demonym}当局的注意力. 我们需要你来制造这个干扰. 我们会指引你找到一支{TEAM_TAR.FactionDef.Demonym}巡逻队. 你只需对他们来点“响亮而致命”的动静. 与此同时，我们会执行我们的行动，并让你也分一杯羹. 哦还有，也许会有援军. 不过那正好——这意味着又少了一支干扰<i>我们</i> 的机甲小队.
We're starting this simple, Commander. Your job is asset extraction. This is complicated by the Local Government not wanting you to escape, but I'm sure you know what to do. They've posted a heavily armed escort to stop this, but we trust that this won't trouble you.	指挥官，这次先从简单的任务开始。你的任务是撤离目标资产。麻烦之处在于当地政府不想让你离开，但我相信你知道该怎么做。他们已派出重装护卫来阻止这件事，不过我们相信这难不倒你。
We're taking a gamble on this one, {COMMANDER.FirstName}. But given our options, it's one that I can live with.	这事儿我们是在赌一把，{COMMANDER.FirstName}. 但考虑到我们的可选项，这个险我冒得心安理得.
We're talking about House Steiner here. Considering the context, \"scout\" may not mean what we think it means.	我们讨论的可是施泰纳家族. 考虑到这个背景，“侦察”的含义可能和我们的理解有所不同.
We're tracking a regular {TEAM_TAR.FactionDef.Demonym} logistical convoy through this area, and believe the convoy is carrying critical supplies for an unknown number of military units. We'd like you to destroy the convoy and any supplies it might be hauling. We have no information on what defenses the convoy is likely to have, so assume at least one lance escorting. If so, there is a bonus in it for you if you eliminate that escort lance.	我们正在追踪一支穿越这一地区的{TEAM_TAR.FactionDef.Demonym}定期补给车队，并且相信该车队正在为一支数量不明的军事部队运送关键补给. 我们希望你摧毁车队及其运输的所有物资. 目前尚无关于车队防御力量的情报，请至少假定有一支机甲小队随行护卫. 若存在护卫小队，全歼该小队将获得额外奖金.
We're tracking {TEAM_TAR.FactionDef.Demonym} supply convoys that have been delivering weapons and explosives to a self-appointed warlord here on {TGT_SYSTEM.name}. In return, his fighters have been wreaking havoc on {TEAM_EMP.FactionDef.Demonym} facilities in the region. We need you to interdict the convoy and destroy it.	我们正在追踪{TEAM_TAR.FactionDef.Demonym}的补给车队，这支车队一直在向{TGT_SYSTEM.name}一个自封的军阀输送武器和炸药. 作为回报，他的战士一直在大肆破坏这一地区的{TEAM_EMP.FactionDef.Demonym}设施. 我们需要你拦截并摧毁这支车队.
We're tracking {TEAM_TAR.FactionDef.Demonym} units engaged in a secret military exercise in a remote portion of the planet's surface. This is an ideal time to strike, as they're likely damaged and exhausted from the operation, and we believe they're unaware of our presence. It isn't clear who the other party in the exercises is, but whoever it is, they're a potential witness, so we need you to eliminate them as well.	我们正在追踪一些{TEAM_TAR.FactionDef.Demonym}单位，他们参与了在行星表面偏远地区开展的秘密军事演习. 这是个发动攻击的理想时机，他们可能在行动中受损，精疲力尽，而且我们相信他们没有意识到我们的存在. 还不清楚演习的另一方是谁，但不管是谁，他们都是潜在的目击者，所以我们需要你也消灭掉他们.
We're training a group of MechWarriors to act as a local defense force, and we'd like you to assist in their training. There's a decommissioned {TEAM_TAR.FactionDef.Demonym} base that we need to take ownership of. As it's undefended, this is a perfect opportunity for our trainees to practice operating as a team in a low-risk environment. We need you to send along a single experienced MechWarrior to keep an eye on them and model good behavior for them.	我们正在训练一群机甲战士作为当地的防御力量，我们希望你能协助他们的训练. 我们需要得到一座退役的{TEAM_TAR.FactionDef.Demonym}基地. 由于它不设防，所以这是一个绝佳的机会，让我们的受训者在一个低风险的环境中作为一个团队进行练习. 我们需要你派出一名经验丰富的机甲战士来看着他们，给他们做个好榜样.
We're trying to build a local defense force of MechWarriors here on {TGT_SYSTEM.name}. Our pilots are inexperienced and untested, and we'd like you to help us train them. We've picked up a troubling signal which may represent hostile activity, which seems like a good opportunity to send our new defense force out to handle it. Can you bring along an experienced MechWarrior and 'Mech to keep them out of trouble?	我们正试图在{TGT_SYSTEM.name}上建立一支由机甲战士组成的地方防御力量. 我们的机师缺乏经验，也没有经过测试，我们希望你能帮助我们训练他们. 我们收到了一个令人不安的信号，可能代表了敌对活动，这似乎是一个派遣我们的新防御部队去处理它的好机会. 你能否带一个有经验的机甲战士和机甲过去，让他们远离麻烦?
We're under heavy assault from Kell's Hounds. I need you to take out the advancing forces while I prepare to meet with their leaders. We have almost made it to the goal. I am thrilled you decided to stick around. The party is going to be fun.	我们正遭到凯尔猎犬的猛烈攻击。我需要你在准备会见他们领袖时干掉那些推进的部队。我们几乎就要达成目标了。我很高兴你决定留下。这场派对会很有趣。
We're up against legends. Again. But the hell with it, {COMMANDER.FirstName}. Let's go make a legend of our own.	我们又在对抗传奇. 但管他呢，{COMMANDER.FirstName}. 让我们一起创造属于我们自己的传奇吧！
We're up to our boots in shit, Commander. Mainly because we stomped on them so hard. I am sure one of these guys have to know where Sybil is. At minimum they will stop harassing our daily lives.	我们陷到靴子那么深的屎里了，指挥官。主要是因为我们把他们踩得太狠。我相信这些人里总有一个知道西比尔在哪。至少他们会停止骚扰我们的日常生活。
We've become aware of a convoy transporting supplies to a {TEAM_TAR.FactionDef.Demonym} facility. We'd like those supplies to become 'lost', if you take my meaning. We will provide the coordinates to locate the shipment, and handle any cleanup after the convoy 'goes astray'.	我们得知有一支车队正在向一处{TEAM_TAR.FactionDef.Demonym}的设施运送补给. 我们希望这些补给能“意外丢失”，你懂我的意思. 我们会提供找到运输队的坐标，并且会在车队“走失”后清理痕迹.
We've become aware of a target of opportunity. There's a convoy of military supplies moving through unpatrolled regions on the planet below, and we'd like to seize it for ourselves. The problem is that we have credible reports that {TEAM_TAR.FactionDef.Demonym} forces are also moving to intercept, and they've hired a skilled mercenary to lead their efforts. We'd like you to capture that convoy instead, and take it to a designated evac zone for pickup.	我们注意到一个机会. 有支军用补给车队正在下面星球无人巡视的地区穿行，我们想将它据为己有. 问题是我们得到可靠的报告说{TEAM_TAR.FactionDef.Demonym}军队也在前往拦截，他们雇了娴熟的佣兵带队. 我们要你夺取那支车队，并把它带到指定的撤离区接受接应.
We've been able to infiltrate personnel into a contested region to take control of an abandoned base. We've brought the base's primary power and communications systems online, but in doing so, we've made an unfortunate discovery: a {TEAM_TAR.FactionDef.Demonym} force has done the same thing with a nearby facility. They're somewhat ahead of us in the process, and have their base's turrets online; they're also landing troops and 'Mechs to hold their new acquisition. Only one of us can control this area when we're finished; we'd like you to ensure that it's us.	我们已经成功将人员渗透到一片争夺区，以接管一座废弃基地. 我们已将基地的主要电力和通信系统上线，但在此过程中，我们发现了一个不幸的情况: 一支{TEAM_TAR.FactionDef.Demonym}部队也在附近的一处设施做了同样的事. 他们在进度上略领先于我们，并已将基地的炮台上线. 他们实际上正在派遣部队和机甲以占据新获得的基地. 最终，只有一方可以控制该区域 - 我们希望你确保是我们占据控制权.
We've been following this shipment of Spazz that the {TEAM_TAR.FactionDef.Demonym} authorities here on {TGT_SYSTEM.name} intercepted. You'd think that, given all the things they say about Spazz, they'd have torched the stuff already. But instead they've locked it up in a secure depot. I'm sure they won't mind if we take that stuff off their hands. We have much better uses for it than just blowing it all up.	我们一直在跟踪这支斯帕齐运输队，就是{TEAM_TAR.FactionDef.Demonym}当局在{TGT_SYSTEM.name}这里截下的那支. 你会这么想，按照他们所说的一切有关斯帕齐的事，他们已经将这批货付之一炬了. 可他们是将它锁在了一处安全仓库里. 我确信他们不会介意我们从他们手里拿走货的. 我们会善加利用，而不是仅仅付之一炬.
We've been having troubles with {TEAM_TAR.FactionDef.ShortName} here in {TGT_SYSTEM.name} for months now, and our negotiations with them have been stalled by a stubborn {TEAM_TAR.FactionDef.Demonym} diplomat. If he were removed from the equation, through a random attack by \"bandits\" for instance, we might be able to make some headway.	几个月以来，我们在{TGT_SYSTEM.name}上一直和{TEAM_TAR.FactionDef.ShortName}有纠纷，我们与他们的谈判因一名固执的{TEAM_TAR.FactionDef.Demonym}外交官而陷入僵局. 如果此人能因“土匪”的随机袭击等意外从谈判桌上消失，我们或许能够取得一些进展.
We've been informed by one of the largest news networks that a {TEAM_TAR.FactionDef.Demonym} Governor has taken issue with a recently released report on military fund spending irregularities. She's demanded a duel to fight those allegations. We'd like to hire you to represent and uphold that worthy news report, Commander.	据我们从一家最大的新闻媒体网络获悉，一名{TEAM_TAR.FactionDef.Demonym}总督对最近发布的一份关于军费支出异常的报告颇有异议. 她要求通过决斗来与报告中的指控作斗争. 指挥官，我们希望雇佣您，代表并捍卫这份值得信赖的新闻报道.
We've been monitoring communications traffic on {TGT_SYSTEM.name}, and discerned a pattern. There's a well-defended {TEAM_TAR.FactionDef.Demonym} base that we suspect of being a secure data storage facility. We'd like your team to land, capture the base, and take a complete image of the contents of their databases. Once the {TEAM_TAR.FactionDef.Demonym} forces realize what we're doing, they'll launch a counteroffensive, so we'll need you to stay in the field until the download is complete.	我们一直在监控{TGT_SYSTEM.name}的通讯流量，最后识别出了一件事情: 那里有一个防守严密的{TEAM_TAR.FactionDef.Demonym}基地，疑似用作安全数据存储设施. 我们希望你们的队伍投放、夺取该基地，并获得他们数据库内容的完整拷贝. 一旦{TEAM_TAR.FactionDef.Demonym}部队察觉到我们的行动，他们会发动反击，因此需要你们在数据下载完成前坚守阵地.
We've been monitoring communications traffic on {TGT_SYSTEM.name}, and discerned a pattern. There's a well-defended {TEAM_TAR.FactionDef.Demonym} base that we suspect of being a secure data storage facility. We'd like your team to land, capture the base, and take a complete image of the contents of their databases. Once the {TEAM_TAR.FactionDef.Demonym} forces realize what we're doing, they'll launch a counteroffensive, so we'll need you to stay in the field until the download is complete.<b><color=#e20000>[WARNING: Zombies]</color></b>	我们一直在监视{TGT_SYSTEM.name}上的通讯流量，并辨认出一种规律。那里有一处防御严密的{TEAM_TAR.FactionDef.Demonym}基地，我们怀疑它是安全数据存储设施。我们希望你的团队降落、夺取该基地，并完整拍摄其数据库内容。一旦{TEAM_TAR.FactionDef.Demonym}部队意识到我们在做什么，他们就会发起反攻，因此我们需要你留在战场直到下载完成。<b><color=#e20000>[警告：丧尸]</color></b>
We've been offering our good friends, {TEAM_TAR.FactionDef.Name}, the opportunity to buy an insurance policy on their 'Mechs. I mean, they're big, complicated pieces of machinery, right? And hardly anyone knows how to fix them? So we're offering to insure them just in case something accidental happens to them. Would you believe they said 'no thanks'? It was a really good offer. We want to show them just how good. We'd like you to cause something accidental to happen to their 'Mechs.	我们一直在向我们的好朋友，{TEAM_TAR.FactionDef.Name}，提供为他们的机甲投保的机会. 我的意思是，它们是又大，又复杂的机器，对不对? 几乎没人知道怎么修理它们吧? 所以我们提供投保的机会，以防它们发生意外. 你相信他们说“不，谢谢”吗? 这真的是份很好的要约. 我们只是想向他们展示一下它有多好. 我们要你给他们的机甲制造一些意外.
We've been scouring the {TGT_SYSTEM.name} system for weeks, looking for a {TEAM_TAR.FactionDef.Demonym} spy who took something that didn't belong to them. Recent intelligence has revealed a possible location, but we can't possibly chase every lead with our thin resources. We need you to look into this long shot. If you find the spy, destroy them.	我们已经在{TGT_SYSTEM.name}星系搜寻数周，寻找一名{TEAM_TAR.FactionDef.Demonym}间谍，他偷走了某样不属于他们的东西. 最新情报显示了一个可能的位置，但凭我们有限的资源，根本无法跟进每条线索. 我们需要你来进行这次希望渺茫的调查. 如果找到了间谍，务必将其消灭.
We've been tracking the movement of several {TEAM_TAR.FactionDef.Demonym} convoys, and that's allowed us to pinpoint their destinations: a hidden, well-defended logistics depot. This facility is a key supplier for  {TEAM_TAR.FactionDef.Demonym} forces in this region, and taking it from them will significantly damage their efforts against us. We'd like you to drop in, take the depot, and hold out against any enemy reinforcements.	我们一直在追踪几支{TEAM_TAR.FactionDef.Demonym}车队的动向，那使我们查明了它们的目的地: 一处隐蔽，并且守备森严的后勤仓库. 这座设施是当地{TEAM_TAR.FactionDef.Demonym}军队的重要补给来源，拿下它将大大削弱他们对我们的作战能力. 我们希望你空投进去，占领仓库，并且抵御敌人的增援.
We've been tracking the movement of several {TEAM_TAR.FactionDef.Demonym} convoys, and that's allowed us to pinpoint their destinations: a hidden, well-defended ordnance depot. This facility is a key supplier for local {TEAM_TAR.FactionDef.Demonym} forces, and taking it from them will significantly damage their efforts against us. We'd like you to drop in, take the depot, and hold out against any enemy reinforcements.	我们一直在追踪几支{TEAM_TAR.FactionDef.Demonym}车队的动向，那使我们查明了它们的目的地: 一处隐蔽，并且守备森严的军械库. 这座设施是当地{TEAM_TAR.FactionDef.Demonym}军队的重要补给来源，拿下它将大大削弱他们对我们的作战能力. 我们希望你空投进去，占领军械库，并且抵御敌人的增援.
We've captured a rare {TEAM_TAR_ALLY.FactionDef.Demonym} mech. Our scientists have been reverse-engineering it, but now they say they need real battle data before they can continue. We'd like you to provide that data. We've located a {TEAM_TAR.FactionDef.Demonym} lance to use as a guinea pig. Take the mech down to the planet and eliminate that lance. Needless to say, we don't have another of these, so it's imperative that you return it intact.	我们缴获了一台稀有的{TEAM_TAR_ALLY.FactionDef.Demonym}机甲. 我们的科学家一直在对其进行逆向工程，但现在他们表示需要实战数据才能继续. 我们希望你们提供这些数据. 我们已定位了一支{TEAM_TAR.FactionDef.Demonym}的小队作为试验对象. 将那台机甲空投到该星球上，消灭那支小队. 不用说，我们没有第二台这样的机甲，因此务必将其完好带回.
We've captured the latest pride and joy of the Capellan Confederation: a Cataphract CTF-IM. Our scientists have been reverse-engineering the monster, but now they say they need real battle data before they can continue. We'd like you to provide that data. We've located a {TEAM_TAR.FactionDef.Demonym} lance to use as a guinea pig. Take the CTF-IM down to the planet and eliminate that lance. Needless to say, we don't have another of these, so it's imperative that you return it intact.	我们缴获了卡佩兰联邦最新的骄傲与喜悦：一台甲胄CTF-IM。我们的科学家一直在逆向工程这个怪物，但现在他们说需要真实的战斗数据才能继续。我们希望你来提供那些数据。我们已定位一支{TEAM_TAR.FactionDef.Demonym}分队用作试验品。把CTF-IM带到行星上，消灭那支分队。不用说，我们没有第二台，所以你必须把它完好地带回来。
We've come across a target of opportunity that we'd like you to take advantage of. There's a {TEAM_TAR.FactionDef.Demonym} lance conducting a long-range patrol, and it's isolated from its supporting forces. If you strike quickly, it should be possible to destroy the lance before {TEAM_TAR.FactionDef.Demonym} command can order reinforcements into the area.	我们发现了一个可乘之机，希望你能加以利用. 有一支{TEAM_TAR.FactionDef.Demonym}小队正在执行长途巡逻，和它的支援部队脱离了. 如果你能迅速出击，就有可能在{TEAM_TAR.FactionDef.Demonym}指挥部下令增援之前将其全歼.
We've cornered them Commander, intel suggest his real name is 'Maurice', the vile ogre responsible for this atrocity. He speaks highly of his own skills on the battlefield but I'm not so certain at all. You'll have to determine that with your own wits, but we warned: His mech is sporting rather rare, expensive gear. It appears as though he hasn’t spared a dime on equipment. Let's slaughter this revolting individual and be done with it.	我们把他们逼到角落了，指挥官，情报显示他的真名是“莫里斯“，这场暴行的元凶、那个可憎的食人魔。他对自己在战场上的本领评价很高，可我一点也不确定。你得靠自己的判断力去验证，但我们要提醒你：他的机甲装备着相当稀有昂贵的器材。看来他在装备上不惜血本。让我们宰了这个令人作呕的家伙，了结此事。
We've discovered a facility where {TEAM_TAR.FactionDef.Demonym} researchers are developing a new computer. We need you to get one of your Units within range of the research facility and Deliver Parts for the machine, which we took from Yangs machine. Then extract the Unit with reciept so we can recieve payment.	我们发现了一处设施，{TEAM_TAR.FactionDef.Demonym}的研究人员正在那里开发一种新型计算机. 我们需要你派遣一个单位进入研究设施范围内，并交付制造该机器所需的零件——这些零件是我们从杨的机器上拆下来的. 之后，携带收据撤离该单位，以便我们付款.
We've discovered a facility where {TEAM_TAR.FactionDef.Demonym} researchers have developed a new computer virus that targets the control mechanisms of our 'Mechs. We can't build an effective defense against this virus without a sample of its code to work with. We need you to get one of your 'Mechs within range of the research facility and download the virus into its systems. Then extract the infected carrier 'Mech so we can analyze the virus.	我们发现了一座设施，{TEAM_TAR.FactionDef.Demonym}研究人员已研发出针对我方机甲控制系统的新型计算机病毒. 如果没有病毒代码样本，我们就无法建立起对它的有效防御. 我们需要你让一台机甲靠近该研究设施，将病毒下载到它的系统中. 然后撤离受感染的载体机甲以供分析.
We've discovered that {TEAM_TAR.FactionDef.Name} has reactivated an old manufacturing facility in this system. To maintain the balance of power in this system, {TEAM_EMP.FactionDef.Name} needs to capture this facility. You'll make a surgical strike, occupy the base, and hold it until {TEAM_EMP.FactionDef.Demonym} forces can arrive to take control.	我们发现{TEAM_TAR.FactionDef.Name}已在本星系重新启用了一个旧的生产设施. 为了维持本星系的力量平衡，{TEAM_EMP.FactionDef.Name}需要夺取这处设施. 你的任务是进行一次精准打击，占领该基地，并坚守到{TEAM_EMP.FactionDef.Demonym}部队前来接管为止.
We've earned our rest after this!	之后我们可要好好休息！
We've established a forward operations base on {TGT_SYSTEM.Name}. We need a competent lance to watch it while our regular forces are on maneuver. You should expect intermittent enemy contact from probing attacks and skirmishers. 	我们已在{TGT_SYSTEM.Name}建立了一个前沿行动基地. 我们需要一支精干的小队在常规部队进行机动演习期间守卫它. 预计会遭到敌人试探性攻击和散兵游勇的间歇性接触.
We've faced fixed emplacements many times commander, but in this case they might not be obviously clustered around a base. If they have good lines of fire it could get interesting, but nothing we can't handle.	指挥官，我们面对固定炮台的经验很多，但这次它们未必明显聚集在基地周围. 如果它们的射界良好，情况可能会变得棘手，不过还难不倒我们.
We've finally arrived. This is the AI stronghold and its last bastion. This is your moment, Commander. Orbital ordinance is primed and awaiting your firing solution. Move fast and we'll end this.	我们终于到了。这是AI的据点，它的最后堡垒。这就是你的时刻，指挥官。轨道弹药已就绪，等待你的射击方案。动作快点，我们就能了结这一切。
We've finally tracked down the {TEAM_TAR.FactionDef.Demonym} terrorists responsible for a deadly attack on one of our facilities. Unfortunately, even though there's only two of them, they're extremely heavily armed and very, very dangerous. That's why we're turning to you; we simply don't have the forces available to reach them before they strike again.	我们终于锁定了{TEAM_TAR.FactionDef.Demonym}恐怖分子的藏身处，他们曾对我们的设施发动致命袭击. 虽然只有两人，但他们武装到了牙齿，且极度危险. 这就是我们找上你的原因; 我们根本没有足够的兵力在他们再次发动袭击之前赶到.
We've found the <i>Dobrev</i>, and this time, it's in no condition to run. Time is of the essence here, so we're going to deploy alongside the Moderbjörn's drones. Hit the Baumann Group fast, hit 'em hard, and wipe the AO clean. After we've taken the <i>Dobrev</i>, we'll discuss our next steps.	我们找到<i>多布雷夫号</i> 了. 而这一次，它绝无可能再逃脱. 时间不多了，所以我们将与“熊妈妈”的无人车一起部署，对鲍曼集团发动闪电突袭，予以沉重打击并将行动区域彻底清扫干净. 夺取<i>多布雷夫号</i> 后，我们再商讨下一步行动.
We've got Lees backed into a corner. Time to finish the job.	我们已经把利斯逼入绝境，该做个了结了.
We've got a developing situation, Commander, and we need immediate aid from a reliable mercenary company. A covert {TEAM_TAR.FactionDef.Demonym} team was investigating reports of a cache of bioweapons on an otherwise abandoned world. We've tracked down four of these caches in the Periphery over the last 20 years, and disposed of them safely. The team was about to signal for an extraction when their signal went dead. We have reason to believe that {TEAM_TAR.FactionDef.Demonym} forces have taken control of the cache site, and eliminated our covert team. We need you to take that site and signal our disposal team.	指挥官，我们这里出现紧急情况，需要可靠的雇佣兵公司立即支援. 一支{TEAM_TAR.FactionDef.Demonym}秘密小队正在调查一颗原本被遗弃星球上的生物武器藏匿点. 过去二十年里，我们在外围追踪到过四处类似的藏匿点，并且将它们安全处理了. 这次，该小队正准备发出撤离信号时，信号突然中断. 我们有理由相信{TEAM_TAR.FactionDef.Demonym}军队已经控制住了那处藏匿点，并且消灭了我们的秘密小队. 我们需要你拿下那个地点并向我们的处理小组打出信号.
We've got a facility down on {TGT_SYSTEM.Name} where we store valuable hardware before loading it aboard our DropShips for transport out of the system. Unfortunately, the {TEAM_TAR.FactionDef.Demonym} authorities have discovered our facility, and they're not interested in making any kind of accommodation that lets us get our goods off-planet. We need you to defend the place while we load our valuables up for evacuation.	我们在{TGT_SYSTEM.Name}下面有一处设施，用来在把贵重硬件装上空投艇运出星系之前存放它们。不幸的是，{TEAM_TAR.FactionDef.Demonym}当局发现了我们的设施，而他们无意做任何让我们把货物运出行星的妥协。我们需要你在我们装载贵重物资准备撤离时防守那个地方。
We've got a little problem, Commander, and you're just the people to help us out. The {TEAM_TAR.FactionDef.Demonym} authorities raided one of our warehouses. The guns and drugs, they can keep, but they also captured some of our best technicians. We need those people back to continue our work here. They're being transported to the detention center for interrogation, which would not be good for our business at all. We need you to rescue them.	指挥官，我们遇到了一点小麻烦，而你正是帮我们摆脱它的人. {TEAM_TAR.FactionDef.Demonym}当局突袭了我们的一处仓库. 枪炮、药品他们要拿走就拿走吧，但他们还抓走了我们一些最优秀的技术人员. 我们需要把他们救回来，才能继续在这里开展工作. 他们正被运往集中营进行审讯，这对我们的生意可一点都不妙. 我们需要你去营救他们.
We've got an interesting opportunity for you, Commander. We've recently detected a major engine signature on the planet, probably an assault-class 'Mech. We can't have an assault-class {TEAM_TAR.FactionDef.Demonym} 'Mech that big wandering around loose, and we'd like you to handle it. The interesting part is that we've also detected <i>another</i> assault power-up, and it's a different 'Mech entirely, and it's closing with the target. It's possible you can just swoop in and pick up the pieces. We're prepared to offer generous salvage terms.	指挥官，我们有个很有吸引力的机会给你. 我们最近侦测到行星上有一个大型引擎信号，也许是一部袭击型机甲. 我们可不能让一台这么大的{TEAM_TAR.FactionDef.Demonym}袭击型机甲四处游荡，所以希望你来处理它. 有意思的部分是我们还侦测到<i>另一台</i> 袭击型机甲，完全不同的机体，而且正在接近目标. 或许你能趁虚而入把两台都收拾掉. 我们准备提供丰厚的打捞奖励.
We've got some downtime in our recording schedule. One of our Stables double booked and decided to bail on the match. We already have all the recording kit set up and it'd be a shame to let it go to waste. Feel up for taking a shot for the cameras?	我们的录制日程中有一些空档时间. 我们的一家战队安排冲突，决定退出这场比赛. 我们已经把所有录制设备都准备好了，浪费掉实在可惜. 想不想在镜头前来一场试试?
We've got some downtime in our recording schedule. One of our gladiators couldn't show due to a maintenance accident on their 'Mech. If you're up for a quick buck, and maybe a shot at stardom, we could let you go a few rounds and see how you square up. Interested?	我们的录制日程中有一些空档时间. 我们的一名角斗士因为他的机甲发生维护事故，无法参加比赛. 如果你想赚点快钱，或者也许有机会一举成名，我们可以让你上场打几回合，看看你的表现如何. 感兴趣吗?
We've got to intercept 'Mechs, assault a base, save a base; we've got our work cut out for us on this one, Commander.	我们得拦截机甲、突袭一座基地、守住另一座基地；这次任务可真是艰巨啊，指挥官.
We've got to intercept 'Mechs, destroy a base, save a base... and there are base defense systems? Sounds like a mess.	我们得拦截机甲、摧毁一座基地、守住另一座基地——而且还有基地防御系统? 听起来真是一团糟.
We've had confirmation from several sources that a high ranking {TEAM_TAR.FactionDef.Name} officer is moving in the open. This is a rare opportunity to disrupt their command structure on {TGT_SYSTEM.name}. We'll pay a 20% bonus per lance if you can also destroy his personal guard.	我们已从多方渠道证实，一名{TEAM_TAR.FactionDef.Name}高级军官正在公开行动. 这是扰乱其在{TGT_SYSTEM.name}指挥体系的难得机会. 如果你们能同时歼灭他的私人卫队，每支小队将获得 20% 的额外赏金.
We've had confirmation from several sources that a high ranking {TEAM_TAR.FactionDef.ShortName} officer is moving in the open.  This is a rare opportunity to disrupt their command structure on {TGT_SYSTEM.name}.  We'll pay a 33% bonus per lance if you can also destroy his personal guard and any other {TEAM_TAR.FactionDef.Demonym} forces in the AO.	我们已从多个来源确认，一名{TEAM_TAR.FactionDef.ShortName}高级军官正在公开行动。这是在{TGT_SYSTEM.name}上打乱他们指挥结构的难得机会。如果你还能摧毁他的私人卫队以及行动区域内其他{TEAM_TAR.FactionDef.Demonym}部队，我们将按每支分队额外支付33%的奖金。
We've had confirmation from several sources that the leader of an insurgent cell backed by {TEAM_TAR.FactionDef.Name} is moving in the open. This is a rare opportunity to take out one of the primary enemies of the legitimate {TEAM_EMP.FactionDef.Demonym} regime in {TGT_SYSTEM.name}. Additionally, we'll include a bonus payment if you're able to destroy all of the target's escorting units.	我们已从多个渠道确认，一支由{TEAM_TAR.FactionDef.Name}支持的叛乱组织的首领正在公开活动. 这是一次难得的机会，可以消灭{TGT_SYSTEM.name}上合法{TEAM_EMP.FactionDef.Demonym}政权的主要敌人之一. 此外，要是你能消灭目标人物的所有护卫，我们还会提供额外奖金.
We've had confirmation from several sources that the leader of an insurgent cell backed by {TEAM_TAR.FactionDef.Name} is moving in the open. This is a rare opportunity to take out one of the primary enemies of the legitimate {TEAM_EMP.FactionDef.Demonym} regime in {TGT_SYSTEM.name}. Additionally, we'll include a bonus payment if you're able to destroy all of the target's escorting units.<b><color=#e20000>[WARNING: Zombies]</color></b>	我们已从多个来源确认，一名由{TEAM_TAR.FactionDef.Name}支持的叛乱小组领袖正在公开行动。这是在{TGT_SYSTEM.name}上除掉合法{TEAM_EMP.FactionDef.Demonym}政权主要敌人之一的难得机会。此外，如果你能摧毁目标的所有护卫单位，我们将额外支付奖金。<b><color=#e20000>[警告：丧尸]</color></b>
We've had reports of {TEAM_TAR.FactionDef.Demonym} activity near one of our outlying bases. Unfortunately, we already have a military supply convoy in the field, and it will be easy prey for a force of 'Mechs. We need you to rendezvous with the convoy and protect it while it's being evacuated.	我们收到报告称我们的一座边远基地附近有{TEAM_TAR.FactionDef.Demonym}的活动. 不幸的是，我们有一支军用补给车队留在野外，很容易被机甲部队狩猎到. 我们需要你与车队会合，在撤离过程中保护它的安全.
We've had reports of {TEAM_TAR.FactionDef.Demonym} activity near one of our outlying bases. Unfortunately, we already have a supply convoy in the field, and it will be easy prey for a force of 'Mechs. We need you to rendezvous with the convoy and protect it while it's being evacuated.	我们收到报告称我们的一座边远基地附近有{TEAM_TAR.FactionDef.Demonym}的活动. 不幸的是，我们有一支补给车队留在野外，很容易被机甲部队狩猎到. 我们需要你与车队会合，在撤离过程中保护它的安全.
We've handled situations like this before, Commander, but I'd still advise caution. If they need a whole merc unit to take out one 'Mech, it must be a pretty serious 'Mech.	我们以前应付过类似的情况，指挥官，但我仍然要提醒你小心. 如果他们要求整支佣兵去消灭一部机甲，那这部机甲肯定很危险.
We've just lost contact with one of our facilities, Commander, and we need your help. Earlier today, our facility here on {TGT_SYSTEM.name} received what they believed was a normal data transmission. It was badly garbled, and when they requested it be re-sent, they got no response. Shortly thereafter the base systems began to malfunction, and then we lost contact with both the base and the synchronous satellites covering that region. We'd like you to investigate the facility.	指挥官，我们刚刚失去了与一个设施的联系，需要你的帮助. 今天早些时候，我们在{TGT_SYSTEM.name}的设施接收到了一条他们认为是正常的数据传输. 但数据乱码很严重，当他们要求重发时，没有得到回应. 不久之后，基地系统开始故障，然后我们失去了与该基地及覆盖该区域的同步卫星的联系. 我们希望你去调查这个设施.
We've just lost contact with one of our facilities, Commander, and we need your help. Earlier today, our facility here on {TGT_SYSTEM.name} received what they believed was a normal data transmission. It was badly garbled, and when they requested it be re-sent, they got no response. Shortly thereafter the base systems began to malfunction, and then we lost contact with both the base and the synchronous satellites covering that region. We'd like you to investigate the facility.<b><color=#e20000>[WARNING: Zombies]</color></b>	我们刚与一处设施失去联系，指挥官，我们需要你的帮助。今天早些时候，我们在{TGT_SYSTEM.name}上的设施收到了一段他们以为是常规数据的传输。它严重错乱，他们要求重发后却毫无回应。此后不久，基地系统开始故障，然后我们同时失去了与该基地和覆盖该区域的同步卫星的联系。我们希望你去调查那处设施。<b><color=#e20000>[警告：丧尸]</color></b>
We've learned that {TEAM_TAR.FactionDef.Demonym} forces have constructed a forward base on {TGT_SYSTEM.name}, ignoring the express wishes of the local government. Naturally, the planetary governor is furious, but he can't make a stand against {TEAM_TAR.FactionDef.Demonym} BattleMechs without assistance; {TEAM_EMP.FactionDef.Name} has offered that assistance. You are to seize control of the {TEAM_TAR.FactionDef.Demonym} base and hold it until we gain a legal claim to the facility. We will then sell it back to the {TGT_SYSTEM.name} government at a considerable discount.	我们得知，{TEAM_TAR.FactionDef.Demonym}军队无视了当地政府的意愿，在{TGT_SYSTEM.name}建立了一座前沿基地. 显然，行星总督是火冒三丈，但他不能在没有援助的情况下对抗{TEAM_TAR.FactionDef.Demonym}的战斗机甲; 而{TEAM_EMP.FactionDef.Name}已经提供了那种援助. 你要控制并守住这个{TEAM_TAR.FactionDef.Demonym}基地，直到我们获得该设施的合法所有权. 之后我们将以一个合理的折价把这座设施卖还给{TGT_SYSTEM.name}政府.
We've learned that {TEAM_TAR.FactionDef.Name} here in {TGT_SYSTEM.name} has been busy working on a new water filtration technology, which is both extremely valuable and likely to shift the balance of power in the region by opening up more worlds for colonization. We've discovered where they're working on the latest prototype. We know that they are monitoring the location of our own 'Mechs in the area, so we need a mercenary lance to make the vanguard assault and catch them by surprise. We'll then take over the facility with {TEAM_EMP.FactionDef.Demonym} forces.	我们得知{TGT_SYSTEM.name}这里的{TEAM_TAR.FactionDef.Name}一直在忙着搞一种新型滤水技术，这种技术非常有价值，能开辟更多的殖民星球，很可能改变该地区的实力平衡. 我们发现了他们搞最新原型的地方. 我们知道他们一直在监控我方机甲的位置，所以我们需要一支佣兵小队打头阵，打他们个出其不意. 之后我们会派{TEAM_EMP.FactionDef.Demonym}军队接管这座设施.
We've located the secure facility where {TEAM_TAR.FactionDef.Name} stores its payroll before distributing it to local forces. We believe we could put that payroll to better use. We'd like to hire you to hit the facility and steal the payroll. It will be well-defended, and there is a bonus if you eliminate all the defenders.	我们已经找到了{TEAM_TAR.FactionDef.Name}存放军饷的安全设施，他们在把军饷发放给当地军队之前，会把它存在那里. 我们相信我们可以更好地利用这些军饷. 我们想雇佣你来袭击该设施并盗取军饷. 军饷将被严密防守，如果你消灭了所有守军，你将获得额外的奖励.
We've lost three hidden supply bases on this ball of rock, Commander, and all three losses were thanks to one man, a {TEAM_TAR.FactionDef.Demonym} MechWarrior tasked with tracking down our activities in this region. We're tired of letting him pick the time and place of battle, so we'd like you to give him a little surprise visit while he's on patrol. He'll be lightly defended but given his paranoia he'll probably have backup waiting nearby, so watch for an ambush.	指挥官，我们在这颗岩石星球上已损失三座秘密的补给基地，而这一切都归咎于{TEAM_TAR.FactionDef.Demonym}那名专门追剿我方活动的机甲战士. 我们已经厌倦了任由他挑选战斗的时间和地点，所以希望你能在他巡逻时给他一个小小的“惊喜”. 他的防御力量不强，但考虑到他的多疑，很可能在附近埋伏了支援部队，所以小心遭到伏击.
We've only got their word that this target is a terrorist, but that sort of extralegal maneuvering is why they're hiring us instead of using their own forces. Still, best to be alert for anything.	我们只能凭他们的口头声明得知这个目标是恐怖分子，但这种逾越法律的行为正是他们雇佣我们而不动用自己军队的原因. 总之，对任何状况最好都保持警惕.
We've only got time to load 600 tons, but we know the enemy force will be limited as well.	我们只有时间装载 600 吨，但我们知道敌方兵力也有限.
We've only got time to load six units, but we know the enemy force will be limited as well.	我们只有时间装载六个单位，但已知敌方兵力也会有限.
We've received intel that {TEAM_TAR.FactionDef.Name} is reinforcing one of their key fortifications on {TGT_SYSTEM.name}. If we allow them to do so, {TEAM_EMP.FactionDef.Demonym} destabilization operations here will be set back by months, possibly years. We need you to intercept the supply convoy and redirect it to a waiting dropship, which will carry the supplies to our insurgent forces on the planet.	我们收到情报，{TEAM_TAR.FactionDef.Name}正在加强他们位于{TGT_SYSTEM.name}的一处关键防御工事. 如果放任不管，{TEAM_EMP.FactionDef.Demonym}在这里的干扰行动将被推迟数月，甚至是数年. 我们需要你拦截一支补给车队，并且将其重新开往一艘正在等待的空投艇，这艘空投艇将载着物资送给我们在这颗星球上的起义军.
We've received your message, and MIM operatives are on their way to reclaim our wounded agent. Be advised that our long-range sensors have detected Taurian and Liao military DropShips en route to an AO near your position. To better protect our agent, we suggest that you engage them there, away from the facility. We'll supply you with reinforcements of our own as soon as we can.	我们已收到你的消息，MIM特工正在前往接回我方受伤人员. 请注意我方远程传感器侦测到来自戴维恩家族和金牛人的军用空投艇正在前往你附近的作战区域. 为更好地保护我方人员，建议你在该空域实施拦截，使其远离设施. 我们会尽快派遣增援支援你们.
We've received your message, and Maskirovka agents are on their way to take possession of the facility. Be advised that our long-range sensors have detected Davion and Taurian military DropShips en route to an AO near your position. To better protect the facility, we suggest that you engage them there. We'll supply you with reinforcements of our own as soon as we can.	我们已收到你的消息，欺敌局特工正在前往接管该设施. 请注意，我们的远程传感器检测到来自戴维恩家族和金牛人的军用空投艇正在前往你附近的作战区域. 为了更好地保护设施，建议你在该区域拦截. 我们会尽快派遣增援部队支援.
We've received your message, and TMI agents are on their way to take possession of the facility. Be advised that our long-range sensors have detected Davion and Liao military DropShips en route to an AO near your position. To better protect the facility, we suggest that you engage them there. We'll supply you with reinforcements of our own as soon as we can.	我们已收到你的消息，TMI特工正在前往接管设施. 请注意，我方远程传感器侦测到戴维恩家族和廖氏家族的军用空投艇正在前往你附近的作战区域. 为了更好地保护设施，建议你在该空域实施拦截. 我们会尽快派出增援支援你们.
We've recently discovered a {TEAM_TAR.FactionDef.Demonym} military outpost in an extremely inconvenient location, strangling trade and movement for our personnel in the area. Your mission: eliminate enemy defenses, then capture and hold the base long enough for {TEAM_EMP.FactionDef.Demonym} forces to take possession. We'll support your action by drawing off some of the defenders ahead of time, so if these units retreat to the base, they'll already be weakened by our troops.	我们最近在一个极度偏僻的地点发现了一座{TEAM_TAR.FactionDef.Demonym}军用哨所，它严重阻碍了我方人员在该地区的贸易和行动. 你的任务是: 消灭敌方防御力量，然后占领并守住该基地，直到{TEAM_EMP.FactionDef.Demonym}军队接手. 我们将提前引开一些守军来支援你的行动，所以如果这些单位撤回基地的话，会是已被削弱的状态.
We've seen a rise in the quantity of unregistered small arms on {TGT_SYSTEM.name}. A heavily-armed population makes {TEAM_EMP.FactionDef.Demonym} operations more difficult. We've tracked the weapons back to a hidden smuggling base operated by {TEAM_TAR.FactionDef.Demonym} forces. That base needs to be destroyed.	我们注意到{TGT_SYSTEM.name}上未登记的小型武器数量正在增加. 武装程度高的民众会让{TEAM_EMP.FactionDef.Demonym}的行动变得更加困难. 我们追踪了武器来源，查到了一处由{TEAM_TAR.FactionDef.Demonym}军队运作的秘密走私基地. 该基地必须被摧毁.
Weapons technicians, huh? Well, I suppose a rescue op is a rescue op, no matter who we're rescuing.	武器技术员? 好吧，无论救援对象是谁，救援行动就是救援行动.
Welcome to Team Gladiator Combat, Mechwarrior. Duncan Fisher here where we are more interested in new sponsorship than a Mechwarrior's life. Speaking of which this match has been brought to you by no one... 'cause the sponsors are all too afraid of my legendary ability to sink a company with my commentary.	欢迎来到团队角斗士对战，机甲战士。我是邓肯·费雪，在这里我们对新赞助的兴趣大过机甲战士的性命。说到这个，本场比赛的赞助方是——没有人……因为赞助商都太怕我那出了名的“解说一句倒一家公司“的本事。
Welcome to Team Gladiator Combat, Mechwarrior. Duncan Fisher here where we are more interested in new sponsorship than a Mechwarrior's life. Speaking of which this match has been brought to you by no one... cause the sponsors are all too afraid of my legendary ability to sink a company with my commentary.	欢迎来到团队角斗士对战，机甲战士。我是邓肯·费雪，在这里我们对新赞助的兴趣大过机甲战士的性命。说到这个，本场比赛的赞助方是——没有人……因为赞助商都太怕我那出了名的“解说一句倒一家公司“的本事。
Welcome to Team Gladiator Combat, Mechwarrior. Duncan Fisher here where we are more interested in new sponsorship than a Mechwarriors life. Speaking of which this match has been brought to you by no one... cause the sponsors are all too afraid of my legendary ability to sink a company with my commentary.	欢迎来到团队角斗士对战，机甲战士。我是邓肯·费雪，在这里我们对新赞助的兴趣大过机甲战士的性命。说到这个，本场比赛的赞助方是——没有人……因为赞助商都太怕我那出了名的“解说一句倒一家公司“的本事。
Welcome to my Tournament, Commander. Here you will prove your mettle against the Periphery's fiercest champions. Today, your MechWarriors will demonstrate their worth using only the simplest of tools: the UrbanMech. Like a huntsman's spear, it is an instrument with a single purpose. Wield it skillfully, and ascend into triumph.	欢迎来到我的锦标赛，指挥官。在此你将与外缘最凶悍的冠军们较量本事。今天，你的机师们将只用最简单的工具来证明自己的价值：城市机甲。它就像猎人的长矛，是一件只有单一用途的器具。娴熟地挥舞它，登上胜利之巅。
Welcome to the final round of my Tournament, Commander. Today, your two finest pilots will face off against the cream of the Frontier MechWarrior community. This will be a battle like no other, a clash between veritable <i>gods</i>. I wish your fighters luck, Commander—and I promise you, they will need it.	欢迎来到我锦标赛的最后一轮，指挥官。今天，你最出色的两名机师将对阵边疆机甲战士社区的精英。这将是一场前所未有的战斗，一场名副其实的<i>神明</i>之间的碰撞。祝你的战士们好运，指挥官——我向你保证，他们会需要的。
Well here it is a ComStar Base on Terra. We will need some heavy firepower for this one.	好吧，这里是地球上的一处康星基地。这一仗我们需要一些重型火力。
Well we found the base, it is heavily guarded.	我们找到基地了，守卫森严。
Well, I guess that makes sense.	好吧，我想这说得通.
Well, I guess this one is unpaid work commander. The local government has taken a beating from the Pirate occupation force.	好吧，我想这次是无偿劳动了，指挥官。当地政府被海盗占领军打得够呛。
Well, let's see if we can hold off Lady Suiko's geriatric MechWarriors.	好吧，让我们看看能不能挡住翠子夫人那群年迈的机甲战士.
Well, looks like we're going to stop a disaster today instead of starting one, for a change.	好吧，看来今天我们是要阻止一场灾难，而不是引发一场，算是换换花样。
Well, this is certainly one way to solve the problem. Luckily, we're not paid to weigh in on whether it's a <i>smart</i> way to solve it.	嗯，这当然也算是一种解决问题的方法. 幸运的是，我们拿钱办事，可不是来评判这是不是一种<i>明智</i> 的解决方式.
Well, this just got interesting. Saddle up, {COMMANDER.FirstName}, we've got a prison to defend.	这下有意思了. 准备行动，{COMMANDER.FirstName}，我们得守住这座监狱.
Well, this should be fun.	嗯，那肯定会很有趣.
Well. This should be exciting.	好吧，这应该会很刺激.
What a Charlie Foxtrot, Commander.	真是一团乱麻，指挥官。
What do you think? Maybe we can get some of this good food and fine wine as part of the deal!	你觉得怎么样? 也许我们可以把这些美食和佳酿也作为协议的一部分!
What the hell?!?!? They want us to fight a DropShip? With our 'Mechs? They have got to be kidding! Are they paying us enough for this?	我去，什么鬼?! 他们想让我们用机甲去对付一艘空投艇? 他们一定是在开玩笑吧! 他们给的钱够多吗?
When I hear 'rapid' and 'immediate', I'm thinking 'no intel' and 'expect nasty surprises', Commander.	当我听到“迅速”和“立即”的时候，我想到的是“没有情报”和“预计会有讨厌的惊喜”，指挥官.
When I hear 'rapid' and 'immediate', it makes me think 'no intel' and 'expect nasty surprises', Commander.	当我听到“迅速”和“立即”的时候，它让我想到的是“没有情报”和“预计会有讨厌的惊喜”，指挥官.
When I hear 'unknown number of military units', I get nervous. This could be tough, Commander.	一听到“数量不明的军队”，我就紧张. 这可能会很棘手，指挥官.
When Lady Helen gives Yamaguchi what he wants, we get paid. Let's get to it, Commander.	当海伦夫人把山口想要的东西给他时，我们就能拿到报酬. 行动吧，指挥官.
Why are you looking at me that way? What'd I do?	你干嘛那样看着我? 我做错什么了?
Why do pirates always think they need to be so clever about this stuff? This is a standard rescue op, Commander.	为什么海盗们总自以为自己聪明透顶? 这就是一次标准的救援行动，指挥官.
Why the subterfuge? Why not just come out and say 'we want you to blow up a {TEAM_TAR.FactionDef.Demonym} lance'? I don't understand pirates at all.	为什么要耍这些花招? 为什么不直接现身说“我们要你去打爆一支{TEAM_TAR.FactionDef.Demonym}小队”? 我真不明白海盗.
Why would anyone give their target a warning? And what the hell does 'professional ethics' mean? This is bizarre.	为什么会有人给他们的目标一个警告?“职业道德”又是什么个鬼东西? 这很离奇.
With Lord Gurung's bodyguard in ruins, we are clear to advance on the armory he's taking refuge in. When the building is ours, I will deal with the man personally. He will pay for what his hirelings have done to my family.	随着古隆领主的护卫部队覆灭. 现在我们可以推进到他藏身的军械库了. 夺取建筑后，我将亲自处置他. 他必须为雇佣兵对我家族的所作所为付出代价.
With any luck we won't have to do much more than confirm kills, easy money, Commander.	运气好的话，我们差不多只需要补枪确认击杀就够了，指挥官，这钱赚得轻松.
With our beachhead secured, it is time to start moving against the Capellans here on Kern. There are multiple potential targets in the area, but before we discuss them, we need to clear the field. Our technicians have extracted the force deployment data from the base computers, and we know that there are two heavy lances of 'Mechs on patrol right now, somewhere on the other side of the river. You'll get in by Leopard and sweep the woods; eliminate any Capellan units you uncover.	我们的桥头堡就位，现在我们必须对克恩的卡佩拉人采取行动. 在这个区域有几个潜在的目标，但在我们谈论它们之前，我们需要清除战场. 我们的技术人员从基地计算机中提取了武装部队的部署命令. 我们现在知道，两支重型机甲正在河对岸的某个地方巡逻. 豹子会让你掉，这样你就可以梳理森林区域. 消除您跟踪的所有卡佩拉单位.
With such light resistance, I figured you would get here pretty quickly. The pirate's forward base is up ahead and I need it captured so I can retrieve any information about their motives. Good luck, Commander.	抵抗这么弱，我猜你很快就到了。海盗的前沿基地就在前方，我需要它被夺取，好让我取回任何关于他们动机的信息。祝好运，指挥官。
With the LRM Stalker down, you should be clear to rendezvous with Tempest's convoy. Escort the vehicles to the pickup point, and get them there in one piece. All other considerations are secondary.	现在，LRM“潜行者”已被摧毁，你们应前往与坦佩斯特的车队汇合. 护送车辆至撤离点，确保全员安全抵达. 其他一切都是次要的.
Within the last three months, {TEAM_TAR.FactionDef.Name} has struck our facilities, personnel, and supply convoys over half a dozen times. My superiors in the {TEAM_EMP.FactionDef.Government} leadership would like to even the score. We'd like to hire you to find a {TEAM_TAR.FactionDef.Demonym} lance and destroy it, to demonstrate we are not without military resources on {TGT_SYSTEM.Name}.<b><color=#e20000>[WARNING: Zombies]</color></b>	在过去三个月里，{TEAM_TAR.FactionDef.Name}袭击了我们的设施、人员与补给车队超过六次。我在{TEAM_EMP.FactionDef.Government}领导层的上级希望扳平比分。我们想雇你找到一支{TEAM_TAR.FactionDef.Demonym}分队并将其摧毁，以表明我们在{TGT_SYSTEM.Name}上并非没有军事资源。<b><color=#e20000>[警告：丧尸]</color></b>
Witness-in-protection? Lost contact? I think we all know how this might turn out. Let's go in with our eyes open, Commander.	受保护证人? 失联? 我想咱们都知道这可能会是什么结果. 指挥官，咱们睁大眼睛进去吧.
Yang's been filling me in about Song, Commander. He says they're supposed to be the best shot in the entire CCAF. We're going to be lucky to get out of this one without serious losses.	杨给我讲了一些关于宋的事情，指挥官. 卡佩拉武装部队中的任何人都无法与这位中校相提并论. 如果我们能在没有重大损失的情况下离开这里，我们就很幸运了.
Yang's been filling me in about this Maurice person, Commander. He says the mech signature reads like nothing he's ever seen, but the piloting appears wonky and unconfident. Be aware of any supporting forces, they may pose the real threat.	杨一直在跟我讲这个叫莫里斯的人，指挥官。他说那台机甲的信号特征是他从没见过的，但驾驶手法看起来别扭而缺乏自信。留意任何支援部队，他们可能才是真正的威胁。
You Did What!	你做了什么!
You are cordially invited to partake in COCKPIT-VENTING, MECH-CRUSHING, FACE-BREAKING gladiatorial combat action. Should you be victorious, you can expect a handsome payout and a variety of salvage perks. And of course, the coveted love from millions of our fans.	诚邀你参加驾驶舱弹射、机甲碾压、面部粉碎的角斗战斗。若你获胜，可期待一笔可观的报酬和各式打捞福利。当然，还有数百万粉丝的渴慕之爱。
You dare take up arms against the Galedon Regulars?! Your hubris will destroy you, mercenary dog—and I will personally put your broken corpse into the ground!	你竟敢对加勒登正规军举兵？！你的狂妄会毁了你，雇佣兵野狗——而我会亲手把你那具破碎的尸体埋进土里！
You don't hire mercenaries on a whim. They know there's an attack incoming, and we're going to absorb it. Thankfully, all we need to do is hold out.	你不能一时兴起雇佣佣兵. 他们知道会有攻击来临，而且要承受它. 谢天谢地，我们需要做的就是坚守.
You have been invited to a Divisional Round in the 'Gladiator Challange League'. Your opponent is expecting you.	你受邀参加“角斗士挑战联赛”的分区轮次。你的对手正等着你。
You have been invited to a Divisional Round in the 'Gladiator Challange'. The opponent should be ready for you.	你已被邀请参加“角斗士挑战赛“的分区轮。对手应该已经准备好迎战你了。
You have been invited to a Divisional Round in the 'Gladiator Challenge'. The opponent should be ready for you.	你已被邀请参加“角斗士挑战“的分区轮。对手应该已做好准备。
You have been invited to the Gladiator Challenge Divisionals. The opponent should be ready for you. Now, we want an honest fight from you with nothing below the belt. Eyes front and claws out.	你已被邀请参加角斗士挑战赛分区赛。对手应该已经准备好迎战你了。现在，我们希望你打一场干净的对决，不打阴招。目视前方，利爪亮出。
You have been invited to the Gladiator Challenge Divisionals. We want a good, honest asskicking from you and no shots below the belt. Your opponent awaits your challenge.	你已被邀请参加角斗士挑战赛分区赛。我们希望你打一场干净利落、堂堂正正的痛击，不打阴招。你的对手等着你的挑战。
You heard Lady Suiko. Let's put Luthendorff down, {COMMANDER.FirstName}.	听到翠子夫人的话了吧，{COMMANDER.FirstName}. 我们去把卢森道夫解决掉.
You heard her. Let's go make ourselves useful.	你听到她的话了. 咱们去派上点用场吧.
You heard the man, {COMMANDER.FirstName}. This deployment is just setup for a larger fight to come, so try not to get too beat up out there.	你听到他说的了，{COMMANDER.FirstName}. 这个任务只是一场更大的战斗的第一部分，所以尽量别在外面伤得太重.
You heard the man. Hold the base and take out all comers.	你听到他说的了. 守住基地并消灭所有来犯之敌.
You heard the man. Let's get this job done.	你听到他说的了. 让我们把这事搞定.
You heard the man. Let's go make ourselves useful.	你听到他说的了. 走吧，让我们发挥点作用.
You heard those scare quotes didn't you boss? Civilian Liaison means Spec Ops. They're in a rush so I got them to promise a few crates of ammo would 'fall off the truck' as a bonus.	老大，你也听出那话里打的引号了吧? 所谓“平民联络队”，就是特种作战部队. 他们急着办事，所以我让他们答应，会有几箱弹药“不小心从卡车上掉下来”，算是给我们的额外报酬.
You heard what Lees did on Shaul Khala. The galaxy will be a better place without a man like him in it.	你已听闻利斯在绍尔哈拉的暴行. 这个星系少了他这样的恶徒只会更加安宁.
You know the drill, Commander. Get in there, take down the strike team, and rescue Gwydion Company. I'll call out targets for you as I see 'em.	你懂流程，指挥官。进去，干掉打击队，救出格威迪恩连。我看到目标就给你报点。
You mean I can just type anything here and Darius will say it?	你是说我在这里随便打什么，达里乌斯就会照说？
You need to protect the Mobile Field Emplacement, Commander. The enemy has marked it for destruction.	指挥官，您必须保护那座机动野战炮台，敌人已将其列为摧毁目标.
You will need to fight through to get to the base we talked about. They have it guarded pretty decently.	你得一路打过去才能抵达我们谈过的那座基地。他们守得相当严密。
You won't like this, but Tubbs is signaling for a rescue. Talk about choosing beggars. He is currently up to his ass in debt, and our Solaris reps want him off planet alive. We are to pick him up and then turn him over to local authorities for processing.	你不会喜欢这个，但塔布斯正在发信号求救。真是会挑人。他目前深陷债务，而我们的索拉里斯代表要他活着离开这颗星球。我们要去接他，然后把他交给当地当局处置。
You'll find my brother waiting for you at the Red Roost. It looks like a commercial office park, but don't be fooled. The structure is reinforced to withstand military payloads. Engage my brother's security team and raze the Red Roost. Let his stronghold serve as his tomb!	你会发现我兄弟在“红栖”等着你. 那地方看似一片商业园区，可别被外表骗了. 其建筑结构经过加固，足以承受军用荷载. 与我兄弟的安保小队交战，把“红栖”夷平. 就让他那堡垒充当他的坟墓！
You'll find the Davion munitions factory at the coordinates I've outlined, Commander {COMMANDER.LastName}. Take it from them, that it may serve as the bait for the trap that I'm paying you to set.	你会在我标出的坐标找到戴维恩军工厂，指挥官{COMMANDER.LastName}. 夺取它——这将作为我付钱设下陷阱的诱饵.
You'll find the Pirates Forward Base at the coordinates I've outlined, Commander {COMMANDER.LastName}. Make sure to crush them... to make an example of course.	你会在标出的坐标找到海盗前沿基地，指挥官{COMMANDER.LastName}。务必碾碎他们……当然，是为了以儆效尤。
You're over the halfway point now, Commander. You're also pulling <i>exceptional</i> ratings, which means you've got a one-way ticket to the Solaris City arena for the rest of your matches! Don't disappoint and you'll be rolling in cash in no time!	你已经过了一半路程，指挥官。而且你拿到了<i>卓越</i>评级，这意味着你余下的比赛都拿到了通往索拉里斯城竞技场的单程票！别让人失望，你很快就能财源滚滚！
You've chosen to complete your contract, to satisfy your obligation to House Kurita. Good. On my honor, you will receive your pay when Okada is dead—and not a moment before.	你选择了完成合约，履行你对栗田家族的义务。很好。以我的荣誉起誓，冈田死后你才会拿到报酬——一秒钟都不会早。
You've done well to get this far, Commander {COMMANDER.LastName}, but it looks like the gloves are off. At this point a lot of the chaff has been discarded. Give us a good show!	能走到这一步你干得不错，指挥官{COMMANDER.LastName}，但看来现在不再留手了。到这一步，很多杂鱼都已被淘汰。给我们一场好戏！
You've done well to get this far, Commander. It's a fresh day, the arena is prepped, and the turnout is <i>massive</i>! Unsurprisingly, your opponent is one of the best Mechjocks around, in a nasty piece of work 'Mech. Good luck!	能走到这一步你干得不错，指挥官。这是崭新的一天，竞技场已准备就绪，而观众<i>爆满</i>！不出所料，你的对手是周围最顶尖的机师之一，驾驶着一台棘手的机甲。祝好运！
Your challenger has a reputation for dishonest tactics. Watch yourself out there, Commander.	你的挑战者以手段不光彩而闻名。在外面多留神，指挥官。
Your directive is simple: fight your way through the AI's lines and eventually, locate their forward base. Then ruin it all.	你的指令很简单：杀穿AI的防线，最终找到他们的前沿基地。然后把它彻底毁掉。
Your lance will be dropping directly in the path of Yoshito Okada's convoy. Smash it flat—there can be no survivors. When the defector's death has been confirmed, you will receive your reward.	你的分队将直接降落在冈田义人的车队路线上。把它彻底砸平——不能有幸存者。叛逃者的死亡得到确认后，你就会收到报酬。
Your mission requires you to act as our can opener. We are preparing to punch a hole into the installation to see what's inside and your lance will provide the targeting data.	你的任务要求你充当我们的开罐器。我们正准备在该设施上打出一个洞看看里面有什么，而你的分队将提供瞄准数据。
Your next objective is in Jessup Downs, on the far side of Gauthier. Your point of contact, a former militia member and paroled felon who operates under the callsign \"Jailbird,\" has been holding the Downs with no outside support for nearly a month. She has reported signs of a heavy Steiner patrol lance moving through the area. I need you to assist her in bringing down that patrol.	你的下一个目标位于高蒂尔另一端的Jessup Downs. 你的联络人——一名曾为民兵、已获假释的犯人，呼号“监狱鸟”——已在该镇坚守近一个月，未得到外部支援. 她报告发现一支施泰纳重型巡逻小队在该地带活动. 我需要你协助她将那支巡逻队歼灭.
Zeta Lance moved Captain Magorian out of Alamedo Province two days ago. They're holding him in a bunker somewhere under the ruins of New Vulci, a city that fell victim to a nuclear accident in 2977. Engage Zeta Lance and destroy their 'Mechs. When you're finished, I'll scour their combat computers for the bunker's coordinates.	两天前，Zeta小队将马格里安船长从阿拉米多省转移了出来. 他们把他关押在新武尔奇废墟下的某处地堡中——这座城市在2977年遭受过核事故. 与Zeta小队交战并摧毁他们的机甲. 完成后，我会从他们的作战计算机中查找地堡的坐标.
\"Former militia member and paroled felon.\" I think I'm getting why Cheval doesn't trust her.	前民兵队员，假释期罪犯……我有点明白“骑士”为何不信任她了.
\"His honor,\" my ass. Let's just get this done, {COMMANDER.FirstName}.	狗屁荣誉. 赶紧完事吧，{COMMANDER.FirstName}.
{COMMANDER.FirstName}, time to remove some Pirates from this planet.	{COMMANDER.FirstName}，是时候把一些海盗从这颗行星上清除了。
{COMMANDER.LastName}, We will be dropping in hot near a ComStar operations base. We will be disrupting their communications while the clan leaders gather.	{COMMANDER.LastName}，我们将在通讯之星一处作战基地附近热投。趁部族首领们聚集时，我们将破坏他们的通讯。
{COMMANDER.LastName}, you're being asked to take control of a data storage facility under local government jurisdiction. This mission should be straightforward enough. Payment will be supplied as per standard procedures. Good hunting.	{COMMANDER.LastName}，你被要求夺取一处受当地政府管辖的数据存储设施。这次任务应该相当直接。报酬将按标准程序发放。祝狩猎顺利。
{TEAM_EMP.FactionDef.CapitalizedName} has heard rumors that over the coming weeks, one of their foes plans to launch a raid against {TGT_SYSTEM.name}, aiming to catch the {TEAM_EMP.FactionDef.Demonym} defenders off guard before they can properly mobilize. They've put out a call for mercenary commands like ours to supplement their forces.	{TEAM_EMP.FactionDef.CapitalizedName}听闻有传言称，未来数周内，其敌对势力计划对{TGT_SYSTEM.name}发动突袭，意图在{TEAM_EMP.FactionDef.Demonym}守军完成充分动员前将其打个措手不及. 为此，他们已公开发出征召令，招募像我们这样的佣兵部队来增援其兵力.
{TEAM_EMP.FactionDef.CapitalizedName} has heard rumors that over the coming weeks, one of their foes plans to launch an offensive against {TGT_SYSTEM.name}, aiming to catch the {TEAM_EMP.FactionDef.Demonym} defenders off guard before they can properly mobilize. They've put out a call for mercenary commands like ours to supplement their forces.	{TEAM_EMP.FactionDef.CapitalizedName}听闻有传言称，未来数周内，其敌对势力计划对{TGT_SYSTEM.name}发动攻势，意图在{TEAM_EMP.FactionDef.Demonym}守军完成充分动员前将其打个措手不及. 为此，他们已公开发出征召令，招募像我们这样的佣兵部队来增援其兵力.
{TEAM_EMP.FactionDef.Demonym} has requested we field test a new pilot from their Alpha Sibko. {COMPANY.CompanyName} has been a valuable ally and we would like our new generation to pick up some skills. Don't hold back, the pilot is going to be putting everything they learned into this fight. The Clan wants to teach some real life lessons to them, and their Sibko.	{TEAM_EMP.FactionDef.Demonym}请求我们对来自其Alpha Sibko的一名新机师进行实战测试. {COMPANY.CompanyName}一直是宝贵的盟友，我们希望我们的新一代能学到一些技能. 不必手下留情，这名机师将全力以赴投入战斗. 氏族想要给他们及其Sibko上一堂真正的实战课.
{TEAM_TAR.FactionDef.Demonym} forces are not the only ones interested in this lance.	{TEAM_TAR.FactionDef.Demonym}部队并非唯一对该小队感兴趣的一方.
{TEAM_TAR.FactionDef.Demonym} forces have been hitting {TEAM_EMP.FactionDef.Demonym} bases the past few days. All signs point to this base being next. We've been asked to defend the base long enough to evacuate its occupants.	{TEAM_TAR.FactionDef.Demonym}部队近几天一直在袭击{TEAM_EMP.FactionDef.Demonym}基地。种种迹象都表明下一处就是这里。我们被要求守住该基地足够久，以便撤离其人员。
{TEAM_TAR.FactionDef.Demonym} forces have identified the location of {TEAM_EMP.FactionDef.Demonym}'s forward operating base. Friendly elements are preparing to withdraw, but enemy units are rapidly closing in. We are tasked with providing support to delay the enemy's advance. They'll need escorting out while under fire, so be prepared to split our forces.	{TEAM_TAR.FactionDef.Demonym}部队已定位{TEAM_EMP.FactionDef.Demonym}前进作战基地的位置。友军单位正准备撤退，但敌军部队正迅速逼近。我们的任务是提供支援以拖延敌军推进。他们需要在火力下被护送撤离，所以要做好分兵准备。
{TEAM_TAR.FactionDef.Name} has attacked our Employer's forces. They seem particularly interested in one specific lance. It may be a vendetta, or they may just be after certain technology. Whatever the case, we need to defend the lance at all costs.	{TEAM_TAR.FactionDef.Name}攻击了我方雇主的部队. 他们似乎对某一特定小队特别感兴趣. 这可能是私人恩怨，也可能只是为了夺取某种技术. 无论如何，我们必须不惜一切代价保护该小队.
{TGT_SYSTEM.name} has an ongoing rotation of public Mech games taking place like usual. The Battle Royale is a brawl that pits 6 warriors against each other with the last one standing as the winner. Allegiances are born and die with the shift in the wind during these fights so expect anything, Commander. This circuit is for the Assault Mech class. Go out there and show these gladiators what mercs are capable of!	{TGT_SYSTEM.name}像往常一样，正在进行轮换的公众机甲比赛. 大逃杀是一场近战，让 6 名战士互相对抗，最后站着的就是赢家. 在这些战斗中，联盟会随着风向的转变而诞生和消亡，所以要做好应对任何情况的准备，指挥官. 本次巡回赛是袭击型机甲级别的. 去那里向这些角斗士展示雇佣兵的实力吧!
{TGT_SYSTEM.name} has an ongoing rotation of public Mech games taking place like usual. The Battle Royale is a brawl that pits 6 warriors against each other with the last one standing as the winner. Allegiances are born and die with the shift in the wind during these fights so expect anything, Commander. This circuit is for the Heavy Mech class. Go out there and show these gladiators what mercs are capable of!	{TGT_SYSTEM.name}像往常一样，正在进行轮换的公众机甲比赛. 大逃杀是一场近战，让 6 名战士互相对抗，最后站着的就是赢家. 在这些战斗中，联盟会随着风向的转变而诞生和消亡，所以要做好应对任何情况的准备，指挥官. 本次巡回赛是重型机甲级别的. 去那里向这些角斗士展示雇佣兵的实力吧!
{TGT_SYSTEM.name} has an ongoing rotation of public Mech games taking place like usual. The Battle Royale is a brawl that pits 6 warriors against each other with the last one standing as the winner. Allegiances are born and die with the shift in the wind during these fights so expect anything, Commander. This circuit is for the Light Mech class. Go out there and show these gladiators what mercs are capable of!	{TGT_SYSTEM.name}像往常一样，正在进行轮换的公众机甲比赛. 大逃杀是一场近战，让 6 名战士互相对抗，最后站着的就是赢家. 在这些战斗中，联盟会随着风向的转变而诞生和消亡，所以要做好应对任何情况的准备，指挥官. 本次巡回赛是轻型机甲级别的. 去那里向这些角斗士展示雇佣兵的实力吧!
{TGT_SYSTEM.name} has an ongoing rotation of public Mech games taking place like usual. The Battle Royale is a brawl that pits 6 warriors against each other with the last one standing as the winner. Allegiances are born and die with the shift in the wind during these fights so expect anything, Commander. This circuit is for the Medium Mech class. Go out there and show these gladiators what mercs are capable of!	{TGT_SYSTEM.name}像往常一样，正在进行轮换的公众机甲比赛. 大逃杀是一场近战，让 6 名战士互相对抗，最后站着的就是赢家. 在这些战斗中，联盟会随着风向的转变而诞生和消亡，所以要做好应对任何情况的准备，指挥官. 本次巡回赛是中型机甲级别的. 去那里向这些角斗士展示雇佣兵的实力吧!
{TGT_SYSTEM.name} has an ongoing rotation of public Mech games taking place like usual. The Battle Royale is a brawl that pits 6 warriors against each other with the last one standing as the winner. Allegiances are born and die with the shift in the wind during these fights so expect anything, Commander. This circuit is for the Superheavy Mech class.  Go out there and show these gladiators what mercs are capable of!	{TGT_SYSTEM.name}像往常一样，正在进行轮换的公众机甲比赛. 大逃杀是一场近战，让 6 名战士互相对抗，最后站着的就是赢家. 在这些战斗中，联盟会随着风向的转变而诞生和消亡，所以要做好应对任何情况的准备，指挥官. 本次巡回赛是超重型机甲级别的. 去那里向这些角斗士展示雇佣兵的实力吧!
{TGT_SYSTEM.name} has an ongoing rotation of public Mech games taking place like usual. The Battle Royale is a brawl that pits 6 warriors against each other with the last one standing as the winner. Allegiances are born and die with the shift in the wind during these fights so expect anything, Commander. This circuit is for the Ultralight Mech class. Go out there and show these gladiators what mercs are capable of!	{TGT_SYSTEM.name}像往常一样，正在进行轮换的公众机甲比赛. 大逃杀是一场近战，让 6 名战士互相对抗，最后站着的就是赢家. 在这些战斗中，联盟会随着风向的转变而诞生和消亡，所以要做好应对任何情况的准备，指挥官. 本次巡回赛是超轻型机甲级别的. 去那里向这些角斗士展示雇佣兵的实力吧!
{TGT_SYSTEM.name} has been challenged to a Trial of Possession by {TEAM_TAR.FactionDef.Demonym}. We would like you to represent us in this Trial, as all our troops are involved elsewhere. If you lose, we will just deny it was ever agreed to, or that you weren't representing us.	{TGT_SYSTEM.name}已被{TEAM_TAR.FactionDef.Demonym}挑战进行一场所有权试炼. 我们希望你能代表我们参加这场试炼，因为我们所有的部队都另有任务. 如果你输了，我们只需否认曾达成过协议，或否认你当时是在代表我们即可.
{TGT_SYSTEM.name} is hosting a bit of a rumble between a variety of local government militias. Apparently there's a lot of bad blood between the local militias and they're finally having it out in a major 6-way throwdown. Our employer wants us to step in on their behalf and show these local yokels how it's really done. Some of them might be on our side at first but allegiances will change rapidly as the situation evolves, keep an eye on things down there, Commander.	{TGT_SYSTEM.name}正在举办一场由多个地方政府民兵组织参与的大近战. 显然，这些当地民兵之间积怨已久，他们终于要以一场六方大近战来一决高下. 我们的雇主希望我们代表他们介入，让这些乡巴佬见识一下真正的战斗是怎么打的. 其中一些人一开始可能会站在我们这边，但随着战局发展，阵营会迅速变化，密切关注下面的情况，指挥官.
{TGT_SYSTEM.name} seems so insignificant. Why are there so many fighting over it?	{TGT_SYSTEM.name}看起来如此不起眼. 为什么会有这么多人争夺它?
+0 Ini, sensor roll & OP ACC\nReduced hesitation\n-1% Resolve cost	+0 先攻，传感器判定与远程精度\n减少犹豫\n-1% 意志力消耗
+1 Ini, sensor roll & OP ACC\nReduced hesitation\n-2% Resolve cost	+1 先攻，传感器判定与远程精度\n减少犹豫\n-2% 意志力消耗
+1 Ini, sensor roll & OP ACC\nReduced hesitation\n-3% Resolve cost	+1 先攻，传感器判定与远程精度\n减少犹豫\n-3% 意志力消耗
+1 max evasion\n+10% melee ACC\n-2 Ini RNG\n+15m vehicle move	+1 最大闪避\n+10% 近战精度\n-2 先攻随机\n+15 米载具移动
+1 max evasion\n+6% melee ACC\n-1 Ini RNG\n+9m vehicle move	+1 最大闪避\n+6% 近战精度\n-1 先攻随机\n+9 米载具移动
+1 max evasion\n+8% melee ACC\n-2 Ini RNG\n+12m vehicle move	+1 最大闪避\n+8% 近战精度\n-2 先攻随机\n+12 米载具移动
+2 Ini, sensor roll & OP ACC\nReduced hesitation\n-4% Resolve cost	+2 先攻，传感器判定与远程精度\n减少犹豫\n-4% 意志力消耗
+2 Ini, sensor roll & OP ACC\nReduced hesitation\n-5% Resolve cost	+2 先攻，传感器判定与远程精度\n减少犹豫\n-5% 意志力消耗
+2 max evasion\n+12% melee ACC\n-3 Ini RNG\n+18m vehicle move	+2 最大闪避\n+12% 近战精度\n-3 先攻随机\n+18 米载具移动
+2 max evasion\n+14% melee ACC\n-3 Ini RNG\n+21m vehicle move	+2 最大闪避\n+14% 近战精度\n-3 先攻随机\n+21 米载具移动
+2 max evasion\n+16% melee ACC\n-4 Ini RNG\n+24m vehicle move	+2 最大闪避\n+16% 近战精度\n-4 先攻随机\n+24 米载具移动
+2% melee ACC\n+3m vehicle move	+2% 近战精度\n+3 米载具移动
+3 Ini, sensor roll & OP ACC\nReduced hesitation\n-6% Resolve cost	+3 先攻，传感器判定与远程精度\n减少犹豫\n-6% 意志力消耗
+3 Ini, sensor roll & OP ACC\nReduced hesitation\n-7% Resolve cost	+3 先攻，传感器判定与远程精度\n减少犹豫\n-7% 意志力消耗
+3 max evasion\n+18% melee ACC\n-4 Ini RNG\n+27m vehicle move	+3 最大闪避\n+18% 近战精度\n-4 先攻随机\n+27 米载具移动
+3 max evasion\n+20% melee ACC\n-5 Ini RNG\n+30m vehicle move	+3 最大闪避\n+20% 近战精度\n-5 先攻随机\n+30 米载具移动
+4 Ini, sensor roll & OP ACC\nReduced hesitation\n-8% Resolve cost	+4 先攻，传感器判定与远程精度\n减少犹豫\n-8% 意志力消耗
+4 Ini, sensor roll & OP ACC\nReduced hesitation\n-9% Resolve cost	+4 先攻，传感器判定与远程精度\n减少犹豫\n-9% 意志力消耗
+4% melee ACC\n-1 Ini RNG\n+6m vehicle move	+4% 近战精度\n-1 先攻随机\n+6 米载具移动
+5 Ini, sensor roll & OP ACC\nReduced hesitation\n-10% Resolve cost	+5 先攻，传感器判定与远程精度\n减少犹豫\n-10% 意志力消耗
+5% Resolve Generation	+5% 意志力生成
+8 Resolve	+8 意志力
-1 injury & melee Ini penalty\n+6% Resolve gen\n-2% fail effect chance	-1 伤势与近战先攻惩罚\n+6% 意志力生成\n-2% 失败效果几率
-1 injury & melee Ini penalty\n+9% Resolve gen\n-3% fail effect chance	-1 伤势与近战先攻惩罚\n+9% 意志力生成\n-3% 失败效果几率
-2 injury & melee Ini penalty\n+12% Resolve gen\n-4% fail effect chance	-2 伤势与近战先攻惩罚\n+12% 意志力生成\n-4% 失败效果几率
-2 injury & melee Ini penalty\n+15% Resolve gen\n-5% fail effect chance	-2 伤势与近战先攻惩罚\n+15% 意志力生成\n-5% 失败效果几率
-3 injury & melee Ini penalty\n+18% Resolve gen\n-6% fail effect chance	-3 伤势与近战先攻惩罚\n+18% 意志力生成\n-6% 失败效果几率
-3 injury & melee Ini penalty\n+21% Resolve gen\n-7% fail effect chance	-3 伤势与近战先攻惩罚\n+21% 意志力生成\n-7% 失败效果几率
-4 injury & melee Ini penalty\n+24% Resolve gen\n-8% fail effect chance	-4 伤势与近战先攻惩罚\n+24% 意志力生成\n-8% 失败效果几率
-4 injury & melee Ini penalty\n+27% Resolve gen\n-9%  fail effect chance	-4 伤势与近战先攻惩罚\n+27% 意志力生成\n-9% 失败效果几率
-5 injury & melee Ini penalty\n+30% Resolve gen\n-10% fail effect chance	-5 伤势与近战先攻惩罚\n+30% 意志力生成\n-10% 失败效果几率
0 injury & melee Ini penalty\n+3% Resolve gen\n-1% fail effect chance	0 伤势与近战先攻惩罚\n+3% 意志力生成\n-1% 失败效果几率
100% base chance to hit\n-4.5% jam chance\n100% unjam chance	100% 基础命中率\n-4.5% 卡壳几率\n100% 排除卡壳几率
85.6% base chance to hit\n10% unjam chance	85.6% 基础命中率\n10% 排除卡壳几率
87.2% base chance to hit,\n-0.5% jam chance\n20% unjam chance	87.2% 基础命中率，\n-0.5% 卡壳几率\n20% 排除卡壳几率
88.8% base chance to hit\n-1% jam chance\n30% unjam chance	88.8% 基础命中率\n-1% 卡壳几率\n30% 排除卡壳几率
90.4% base chance to hit\n-1.5% jam chance\n40% unjam chance	90.4% 基础命中率\n-1.5% 卡壳几率\n40% 排除卡壳几率
92% base chance to hit\n-2% jam chance\n50% unjam chance	92% 基础命中率\n-2% 卡壳几率\n50% 排除卡壳几率
93.6% base chance to hit\n-2.5% jam chance\n60% unjam chance	93.6% 基础命中率\n-2.5% 卡壳几率\n60% 排除卡壳几率
95.2% base chance to hit\n-3% jam chance\n70% unjam chance	95.2% 基础命中率\n-3% 卡壳几率\n70% 排除卡壳几率
96.8% base chance to hit\n-3.5% jam chance\n80% unjam chance	96.8% 基础命中率\n-3.5% 卡壳几率\n80% 排除卡壳几率
98.4% base chance to hit\n-4% jam chance\n90% unjam chance	98.4% 基础命中率\n-4% 卡壳几率\n90% 排除卡壳几率
A soon-to-be-operational planetary sensor array and a missile defense battery will form the backbone of {TEAM_EMP.FactionDef.Demonym} regional defense operations.  The two facilities are linked through a common targeting network, and the destruction of either asset will compromise the effectiveness of the entire system, once operational.\n\r\n{TEAM_TAR.FactionDef.ShortName} units are expected to probe defenses before committing heavier assault forces against whichever site appears weakest.  The governor's office has declared both installations mission-critical.	一座即将投入使用的行星传感器阵列与一座导弹防御炮台，将构成{TEAM_EMP.FactionDef.Demonym}区域防御体系的骨干。两处设施通过统一的制导网络相连，一旦投入使用，任何一处被毁都会让整个系统失效。\n\r\n预计{TEAM_TAR.FactionDef.ShortName}部队会先试探防御，再集中重兵攻击看起来较弱的一侧。总督办公室已宣布两处设施均为任务关键目标。
A {TEAM_EMP.FactionDef.Demonym} surveillance team picked up {TEAM_TAR.FactionDef.Demonym} signals from the surface of {TGT_SYSTEM.Name} that correspond to an Union-class DropShip having recently landed and beginning to deploy its cargo. We need someone to go in and destroy the entire operation including the Union itself. Bring your A-Game, Commander, Unions aren't easy targets.\n\n <b><color=#f44336>THIS CONTRACT IS QUITE DIFFICULT, UNIONS ARE NOT EASY TARGETS. YOU HAVE BEEN WARNED.</color></b>	{TEAM_EMP.FactionDef.Demonym}侦察队在{TGT_SYSTEM.Name}地表探测到{TEAM_TAR.FactionDef.Demonym}信号，对应一艘刚着陆、正在卸载货物的联盟级运输舰。我们需要有人杀进去，把整个行动连同那艘联盟级一起摧毁。拿出你的全力，指挥官——联盟级可不好打。\n\n <b><color=#f44336>这份合约相当困难，联盟级不是好对付的目标。已经警告过你了。</color></b>
A {TEAM_EMP.FactionDef.Demonym} surveillance team picked up {TEAM_TAR.FactionDef.Demonym} signals from {TGT_SYSTEM.Name} that correspond to an Overlord-class DropShip on final approach to the surface of the planet to deploy its complement of 'Mechs. We need someone to go in and destroy the entire operation including the Overlord itself. Bring your absolute level best, Commander... Overlords are very hard targets. \n\n<b><color=#f44336>THIS CONTRACT IS VERY DIFFICULT, OVERLORDS ARE NOT EASY TARGETS, BRING YOUR BEST.</color></b><br><br><b><color=#ffcc00>IF YOU BRING TANKS TO THIS MISSION THEY CAN BUG OUT ON CONTRACT COMPLETION AND YOU MIGHT LOSE THEM PERMANENTLY. YOU HAVE BEEN WARNED.</color></b>	{TEAM_EMP.FactionDef.Demonym}侦察队探测到{TGT_SYSTEM.Name}传来{TEAM_TAR.FactionDef.Demonym}信号，对应一艘正在最后进近、准备投送其机甲编队的霸王级运输舰。我们需要有人杀进去，把整个行动连同那艘霸王级一起摧毁。拿出你绝对的巅峰水准，指挥官……霸王级是非常难打的目标。\n\n<b><color=#f44336>这份合约非常困难，霸王级不是好对付的目标，拿出你的最强实力。</color></b><br><br><b><color=#ffcc00>如果你带坦克执行此任务，它们会在合约完成时撤离，你可能会永久失去它们。已经警告过你了。</color></b>
All right, we're going to be using the transponder on a single 'Mech with the whole purpose of getting my friend's men out. In and out then let ComStar clean up the mess.	好，我们要用一台机甲的应答器，只为把我朋友的人救出来。进去再出来，剩下的烂摊子交给通讯之星收拾。
Alright, Commander. I'd like to give this data collection mission a try. We have a small group of pirates and I'll ambush them. I need you as my eyes in the sky. You direct the fire and I'll bring it down.	好的，指挥官。我想试试这次数据收集任务。我们对付一小股海盗，由我来伏击他们。需要你当我在天上的眼睛——你指引火力，我来落下。
Always wanted to be a MechCommander.	一直想当个机甲指挥官。
An ordnance plant and its associated munitions depot have come under threat from {TEAM_TAR.FactionDef.ShortName} forces seeking to cripple local {TEAM_EMP.FactionDef.Demonym} military production.  While each facility can function independently, the loss of either would halt wartime manufacturing efforts across the region.\n\r\n{TEAM_EMP.FactionDef.Government} intelligence suggests coordinated attacks intended to split defending forces between the two objectives.  Your company must maintain defensive control over both locations simultaneously throughout the operation.	一座军械厂及其附属弹药库正受到{TEAM_TAR.FactionDef.ShortName}部队威胁，他们企图瘫痪当地{TEAM_EMP.FactionDef.Demonym}的军工生产。虽然两处设施各自都能独立运转，但失去任何一处都会让整个区域的战时生产停摆。\n\r\n{TEAM_EMP.FactionDef.Government}情报显示敌方将发动协同攻击，意图把守军分散到两个目标上。你的部队必须在整个行动中同时守住两处。
Commander, It seems our employer has been cornered in. We may have to get them out of there hiding spot before we talk to them.	指挥官，看来我们的雇主被围住了。在跟他们谈之前，我们可能得先把他们从藏身处救出来。
Commander, a battalion sporting {TEAM_TAR.FactionDef.Name}'s colors are operating covertly in {TGT_SYSTEM.Name}.  Your mission: draw their focus, hold them in place while we close their escape.  Disrupt, disable, and buy us time --- extraction to follow. We will send an allied force to support your evac as soon as you draw enough enemy attention.\n\n <b><color=#e51717>Warzones can be extremely long, come prepared for extended combat!</color></b>	指挥官，一支打着{TEAM_TAR.FactionDef.Name}旗号的营正在{TGT_SYSTEM.Name}秘密行动。你的任务：吸引他们的注意力，拖住他们，好让我们封锁退路。扰乱、瘫痪、为我们争取时间——之后安排撤离。等你吸引到足够多敌军注意，我们会派一支友军支援你的撤离。\n\n <b><color=#e51717>战区战斗可能极其漫长，做好持久作战的准备！</color></b>
Commander, this smells political, and that makes me nervous. I suggest we go in, take care of the convoy, and get out again - without asking too many questions. There's a bonus if we clean up all the enemy forces, but that's at your discretion.<b><color=#e20000>[WARNING: Zombies]</color></b>	指挥官，这事透着政治味道，让我很不安。我建议进去、解决车队、再撤出来——别多问。清光所有敌军有额外奖金，但那由你决定。<b><color=#e20000>[警告：僵尸]</color></b>
Commander, we need you in the {TGT_SYSTEM.name} system immediately. We lost contact with one of the minor royals of the region - Henriette Bosh. They frequently bombard us with a constant stream of requests yet, since some time, we haven't heard from them.\n\nPlease check on them and report back to us.	指挥官，我们需要你立刻赶到{TGT_SYSTEM.name}星系。我们与该地区的一位小贵族亨丽埃特·博什失去了联系。他们平时总是一刻不停地向我们提各种请求，可最近一段时间我们却再没收到他们的消息。\n\n请去查看情况，然后回报我们。
Commander, we need you to confirm the status of a supply cache in the {TGT_SYSTEM.name} system that we established in case we need to execute local operations. Your company will run a patrol through the region, passing by the dumps and establishing communications by tightbeam only.\n\nDo not attempt to contact the cache by radio and maintain a low profile, discretion is paramount on this operation.	指挥官，我们需要你确认{TGT_SYSTEM.name}星系一处补给藏匿点的状况——那是我们为执行当地行动而设立的。你的部队将在该区域巡逻，途经这些藏匿点，并且只能用定向波束建立通讯。\n\n不要试图用无线电联系藏匿点，保持低调，这次行动中谨慎是第一位的。
During a local battle reenactment, a large force wearing {TEAM_TAR.FactionDef.Demonym} colors unexpectedly landed and disrupted the event.  We've now been tasked with defending the settlement using the <i>fully immersive</i> --- and actually functional --- bases.\n\r\nFortunately, the <i>actors</i> are equipped with real working units instead of props...which might explain why this reenactment is so realistic and attracts such a big crowd.\n\r\n <b><color=#e51717>Defence-in-Depth can be extremely long, come prepared for extended combat!</color></b>	在一次当地战斗重演中，一支打着{TEAM_TAR.FactionDef.Demonym}旗号的大部队意外降落，打断了活动。我们现在奉命用那些<i>完全沉浸式</i>——而且真的能用——的基地来防守定居点。\n\r\n幸运的是，<i>演员</i>们装备的是真家伙而非道具……这或许能解释为什么这场重演如此逼真，还能吸引这么多观众。\n\r\n <b><color=#e51717>纵深防御可能极其漫长，做好持久作战的准备！</color></b>
Even though we've had some wins in other parts of the {TEAM_EMP.FactionDef.Demonym} region, {TEAM_TAR.FactionDef.Name}'s stepping up their game.  Right now, several units have arrived at {TGT_SYSTEM.Name}, and it's looking like it might fall into their hands.  Your job is to back up the {TEAM_EMP.FactionDef.Name}'s lance and hold the line for as long as you can.  Reinforcements are on the way, but we need to buy some time.\n\n <b><color=#e51717>Warzones can be extremely long, come prepared for extended combat!</color></b>	尽管我们在{TEAM_EMP.FactionDef.Demonym}区域其他地方取得了一些胜利，{TEAM_TAR.FactionDef.Name}却在加大力度。眼下已有数支部队抵达{TGT_SYSTEM.Name}，看来那里有可能落入他们手中。你的任务是支援{TEAM_EMP.FactionDef.Name}的小队，尽可能久地守住防线。援军正在赶来，但我们需要争取一些时间。\n\n <b><color=#e51717>战区战斗可能极其漫长，做好持久作战的准备！</color></b>
Fierce fighting has erupted in {TGT_SYSTEM.Name}, and our defenses won't hold without immediate support.  We're contracting anyone who can get boots on the ground now.\n\n <b><color=#e51717>Warzones can be extremely long, come prepared for extended combat!</color></b>	{TGT_SYSTEM.Name}爆发了激烈战斗，没有立即支援我们的防线就守不住。我们正在雇佣任何能立刻把人送上地面的队伍。\n\n <b><color=#e51717>战区战斗可能极其漫长，做好持久作战的准备！</color></b>
Good showing so far, Commander {COMMANDER.LastName}. Our early matches tend to have the lowest turnout, but don't let that dissuade you\n\nYour next match is against one of our underdogs. They're a regular, but never seem to strike it big. Good luck!	目前表现不错，{COMMANDER.LastName}指挥官。我们的早期比赛观众通常最少，但别因此泄气\n\n你的下一场对手是我们的一位陪跑选手。他是常客，却似乎总也打不出名堂。祝你好运！
Great work everyone. Let's make the universe a better place.	大家干得好。让我们把这个宇宙变得更好。
Hold of the pirates while we secure the assets here.	拖住海盗，我们好在这里夺取物资。
I am AI	我是 AI
If these guys are that expendable, this just might be easy. Expect dirty tricks, Commander.	如果这些家伙真这么无足轻重，那这次或许很轻松。提防阴招，指挥官。
Lay on Hands	圣手回春
Looks like the Pirates have brought in the 5th fleet commander.	看来海盗把第五舰队指挥官都请来了。
May want to leave this planet alone after this.	这之后你大概会想离这颗星球远一点。
Nothing fancy, go get our pilot back. Drop light, go fast. No one is paying us to grind dozens of mechs into dust.	别搞花的，去把我们的飞行员救回来。轻装降落，速战速决。没人花钱请我们把几十台机甲碾成灰。
Obviously, {TEAM_EMP.FactionDef.ShortName} are paying us well in salvage. Let's stop that convoy from escaping and get out.	显然，{TEAM_EMP.FactionDef.ShortName}在打捞分成上给得很痛快。别让那支车队跑了，然后撤。
Our employer has been cooking up some extremely questionable <i>science</i>.  Unfortunately, they forgot one tiny detail: they don't actually have permission to do any of it here.\n\r\nDespite repeated calls by the {TEAM_TAR.FactionDef.Demonym} authorities, they kept right on bubbling their beakers and poking their mysterious gizmos. Now, they're being evicted forcefully.\n\r\nOur mission? Give them a little breathing room to grab all their <i>scientific</i> doohickeys, pack up their suspiciously dubious supplies, and evacuate the place.	我们的雇主一直在搞些<i>科学性</i>极其可疑的东西。可惜他们忘了一个小细节：他们在这儿其实根本没得到任何许可。\n\r\n尽管{TEAM_TAR.FactionDef.Demonym}当局一再上门，他们照样烧着烧杯、戳着那些神秘小玩意儿。现在，人家要来强制清场了。\n\r\n我们的任务？给他们腾出点空间，好把那些<i>科学</i>小装置统统带走、打包好那些来路可疑的物资，然后撤离此地。
Our source has been moved to a secure location, at least according to the Local Government here on Staffin. We are going to do an old fashioned Prison Break. Take down the base and then get Shifty Mcshadeson. So he can let us know how to save my friend's men.(Darius Notes: wait that's his name, who wrote this?!?)	据斯塔芬当地政府说，我们的线人已被转移到安全地点。我们要来一场老派的劫狱。先端掉基地，再救出“滑头墨镜佬”，这样他就能告诉我们怎么救出我朋友的人。（达里乌斯批注：等等，这是他的名字？这剧本谁写的？！）
Recent clashes between the {TEAM_EMP.FactionDef.Demonym}'s and the {TEAM_TAR.FactionDef.Demonym}'s respective forces have drained our employer's resources, forcing them into a retreat.  The remaining bases are serving as final holdouts, intended to inflict as much damage as possible on {TEAM_TAR.FactionDef.Demonym} before pulling out of the area.\n\r\nThe employer doesn't expect us to wipe out all attacking forces, but they do want to send a clear message: {TEAM_EMP.FactionDef.Name} will return stronger and reclaim the territory they've lost.\n\r\n <b><color=#e51717>Defence-in-Depth can be extremely long, come prepared for extended combat!</color></b>	{TEAM_EMP.FactionDef.Demonym}与{TEAM_TAR.FactionDef.Demonym}双方近期的冲突耗尽了雇主的资源，迫使他们撤退。剩余基地成了最后的据点，打算在撤出该地区前尽可能重创{TEAM_TAR.FactionDef.Demonym}。\n\r\n雇主并不指望我们全歼进攻部队，但他们想传达一个明确的信号：{TEAM_EMP.FactionDef.Name}会以更强的姿态回归，重新夺回失去的领地。\n\r\n <b><color=#e51717>纵深防御可能极其漫长，做好持久作战的准备！</color></b>
Seems the Pirates are after something here. And they have come in full force.	看来海盗是冲着这里的东西来的，而且全员出动。
Sounds like a trap to me.	这在我看来像个陷阱。
Specialized Pilot?	专业飞行员？
Sumire's suggestion worked, and we have a chance to shut this planet down for good, as well as retrieve my friend's Merc Group. This is what it feels like to be a big damn hero, Commander.	苏米尔的建议奏效了，我们有机会彻底端掉这颗星球，还能救回我朋友的佣兵团。指挥官，这就是当个大英雄的感觉。
The Black Market exchange on Tiverton's moon is hiding a powerful sensor array. We're approach under the guise of making a deal and Sumire will drop our Lance just outside the perimeter. Destroy the facility's structures to disable their long-range sensors. The base is likely to be guarded; destroy the units guarding it and there's a bonus in it for you.	蒂弗顿卫星上的黑市交易所藏着一座强力传感器阵列。我们假装前去交易，苏米尔会把我们的小队投放到外围。摧毁设施建筑以瘫痪他们的远程传感器。基地多半有守卫；干掉守卫还有额外奖金。
The Muscle is the primary target. This is the last of the cabal's power on Tiverton. They're fighting for keeps, best to be alert for anything.	“肌肉”是首要目标。这是密会在蒂弗顿最后的势力。他们是在拼命，最好对任何情况都保持警觉。
The Muscle is throwing his finest at us. Expect very heavy resistance and unconventional elite units. This is their last stand on Tiverton. We can't let the people here down now.	“肌肉”把他最强的手下都派出来了。预计会遇到极顽强的抵抗和非常规的精锐单位。这是他们在蒂弗顿的最后一战。我们绝不能让这里的人失望。
The time-frame on this is tight, since we need the beacons placed before the Q-Ship is passing overhead. And Commander, I wouldn't try and take them all on this time.	这次时间很紧，我们得赶在 Q-Ship 从上空经过之前把信标放好。还有，指挥官，这次我可不建议你跟他们硬碰硬。
There is a small {TEAM_EMP.FactionDef.Demonym} base on {TGT_SYSTEM.Name} that has been attacked by raiders.  Their latest attack was far better organized and equipped than the previous ones, suggesting the raiders are receiving logistical and tactical support from a hostile power.  We might not be able to withstand a second attack of that scale.\n\r\nWe'd like to hire you to provide additional defensive support.	{TGT_SYSTEM.Name}上有一处小型{TEAM_EMP.FactionDef.Demonym}基地遭到袭击者攻击。他们最近一次进攻的组织性和装备水平都远超以往，说明袭击者正从某个敌对势力获得后勤与战术支援。那样的规模再来一次，我们恐怕顶不住。\n\r\n我们想雇你提供额外防御支援。
There is an old Kuritan theory of warfare that says that numbers matter more than skill. Our enemies here in {TGT_SYSTEM.Name} have decided to put that theory to the test and have lined up a swarm of BattleMechs to attack us. We need a few elite pilots to hold off the swarm as best we can. We'll send you what help we can manage. Prove the theory wrong and be on the right side of history, Commander.\n\n <b><color=#e51717>Warzones can be extremely long, come prepared for extended combat!</color></b>	库里塔有一种古老的战争理论，说数量比技巧更重要。我们在{TGT_SYSTEM.Name}的敌人决定验证这套理论，已经集结了一大群战斗机甲来攻击我们。我们需要几位精锐飞行员尽量拖住这支大军。我们会尽力给你支援。证明这套理论是错的，站在历史正确的一边，指挥官。\n\n <b><color=#e51717>战区战斗可能极其漫长，做好持久作战的准备！</color></b>
This is going to be a hard fight against the enemy's best. Keep your eyes open for traps.	这将是一场对抗敌方精锐的硬仗。睁大眼睛提防陷阱。
This seems risky, Commander. If things get out of hand, remember you can just blow up the buildings and make a run for it.	这看起来很冒险，指挥官。如果局面失控，记住你随时可以炸掉那些建筑然后跑路。
Two cargo terminals are being operated by the {TEAM_EMP.FactionDef.Government} in the system.  Cargo operations have been divided between both terminals, if either terminal is destroyed, precious supply and logisticical assets would be lost.  {TEAM_TAR.FactionDef.Demonym} raiders are exepcted to launch repeated attacks intended to disable loading infrastructure and fuel depots.\n\r\nBoth facilities must reamin operational until reinforcements arrive.	该星系内有两座由{TEAM_EMP.FactionDef.Government}运营的货运终端。货运业务分由两座终端承担，任何一座被毁都会损失宝贵的补给与后勤资产。预计{TEAM_TAR.FactionDef.Demonym}袭击者会反复发起进攻，企图瘫痪装卸设施和燃料库。\n\r\n两处设施都必须在援军抵达前保持运转。
Two power stations provide the energy required to sustain a {TEAM_EMP.FactionDef.Demonym} civilian complex.  {TEAM_TAR.FactionDef.ShortName} forces have launched a campaign to seize or destroy the installations, knowing the loss of either station would destabilize the entire power grid.\n\r\nYour orders are straightforward: both power stations must survive the engagement intact.	两座发电站为一处{TEAM_EMP.FactionDef.Demonym}民用综合体提供能源。{TEAM_TAR.FactionDef.ShortName}部队已发动攻势，企图夺取或摧毁这些设施，他们清楚任何一座失守都会让整个电网失衡。\n\r\n你的命令很明确：两座发电站都必须在战斗中完好存活。
Two water purification plants supply separate population centers and are considered vital to planetary stability.  {TEAM_EMP.FactionDef.ShortName} intelligence indicates {TEAM_TAR.FactionDef.Demonym} raiders intends to overwhelm both facilities, forcing defenders to spread thin.\n\r\nYour contract is explicit: both facilities must remain operational until relief forces arrive.	两座净水厂分别供应不同的人口中心，被视为行星稳定的关键。{TEAM_EMP.FactionDef.ShortName}情报显示，{TEAM_TAR.FactionDef.Demonym}袭击者打算同时压上两处设施，迫使守军兵力分散。\n\r\n你的合约写得很清楚：两处设施都必须在援军抵达前保持运转。
Wallo's got a mercenary company on retainer to protect his private aerospace hangar, the imaginatively named \"Security Solutions, Inc.\" I looked 'em up, and they're the real deal—they've got combat vehicles, BattleMechs, the works. But we'll have the element of surprise on our side, given that Wallo's never heard of us. That's something, right?	瓦洛雇了一支佣兵团驻守他的私人航空机库，名字起得很有想象力——\"安全解决方案公司\"。我查过他们，是货真价实的狠角色：有战斗载具、战斗机甲，一应俱全。不过我们占着出其不意这一条，毕竟瓦洛从没听说过我们。也算个优势，对吧？
We are engaged in delicate negotiations with a private manufacturer from {TEAM_TAR.FactionDef.Demonym} space, but we have reached an impasse. Our representative has requested a demonstration. \"Something dramatic,\" she said. So we turn to you. Your team will provide on-site assistance to target an abandoned {TEAM_TAR.FactionDef.Demonym} military base near the trade conference. We'll have a WarShip standing by to light it up… dramatically.	我们正与{TEAM_TAR.FactionDef.Demonym}境内一家私人制造商进行微妙谈判，但已陷入僵局。我方代表要求来一场演示——\"要够有戏剧性\"，原话。于是我们找上了你。你的队伍将为贸易会议附近一处废弃的{TEAM_TAR.FactionDef.Demonym}军事基地提供实地目标标定。我们会备好一艘军舰，把它\"戏剧性地\"点亮……
We are going to use that Q-Ship's Long Toms to destroy the Black Market rally point. They will need assistance targeting the installation during their sub-orbital pass. Place the targeting beacons and disable the anti-air turrets so Sumire can get you out of there. Their's limited time-frame for this and a lot of moving parts. Bring something fast, but tough.	我们要用那艘 Q-Ship 的长汤姆炮摧毁黑市集结点。它们将在亚轨道掠过时锁定设施，需要有人协助。放好制导信标、瘫痪防空炮塔，好让苏米尔把你接出去。这次时间有限，变数很多。带点又快又硬的东西来。
We bargained with The Muscle to let his best men slip through. However, we still have to face his expendable units with black market specialists. Expect unconventional forces geared for advanced warfare. This is going to be very dangerous even if they're amateurs.	我们跟“肌肉”谈好了，放他最精锐的手下通过。但剩下的炮灰配上黑市专家还是得我们对付。预计会遇到为高端战事打造的非正规部队。就算他们是业余的，这一仗也会非常危险。
We found the beacon, now we got to pick it up.	我们找到信标了，现在得去把它取回来。
We have a small, disused base in a remote part of {TGT_SYSTEM.Name}.  We need it and are preparing to reactivate it.\n\r\nWe'd like to hire you to recon the facility and defend it until our forces can move in.  We'll have a lance with you in half a day and a logistics team within 24 hours.	我们在{TGT_SYSTEM.Name}偏远地带有一处废弃小基地。我们需要它，正准备重新启用。\n\r\n我们想雇你侦察该设施并坚守到我们的部队进驻。半天内会有一支小队与你会合，24 小时内会有后勤团队到达。
We have an extremely odd assignment for you. We have a manufacturing facility on the planet below, and we've been aware that {TEAM_TAR.FactionDef.Demonym} forces have been scouting in the area. We've expected them to make a move, but we didn't expect them to... send us a warning beforehand? Apparently they've hired a mercenary who contacted us to let us know when the attack would be, because, and I'm quoting, \"professional ethics.\" We have no idea what that means.<b><color=#e20000>[WARNING: Zombies]</color></b>	我们有个极其离奇的委托给你。我们在下面那颗星球上有一处生产设施，也知道{TEAM_TAR.FactionDef.Demonym}部队一直在周边侦察。我们料到他们会动手，但没料到他们会……事先通知我们？据说他们雇的佣兵主动联系我们，告知了进攻时间，理由是——原话——\"职业操守\"。我们完全不明白那是什么意思。<b><color=#e20000>[警告：僵尸]</color></b>
We have to defend this warehouse, our real payment is inside. The rookie pirates left behind are coming for us, but they'll still be riding in high end gear. We're making a big spectacle for the Planetary Government's forces, so take it seriously.	我们必须守住这座仓库，我们真正的报酬就在里面。留守的海盗新手正冲我们而来，但他们装备依然是高档货。我们正在为行星政府的部队上演一场大戏，所以认真对待。
We need to catch and eliminate the {TEAM_TAR.FactionDef.Demonym} convoy. Intercepted radio chatter suggests the convoy is a shipment of weapons, including at least one intact Star League era weapon system. Maybe this time it will be for real. Make sure all convoy vehicles are destroyed, there is also a bonus for any escorts we take out.	我们要截住并消灭{TEAM_TAR.FactionDef.Demonym}车队。截获的无线电显示，这支车队运的是武器，其中至少有一套完好的星际联盟时代武器系统。也许这次是真的。确保摧毁所有车队车辆，干掉护送部队也有额外奖金。
We need to keep moving on this one. Looks like the Raider presence is thick.	这次我们得一路推进。看来袭击者的兵力很密集。
We need to pick up a specialized pilot for the next mission. They were separated from us and the IE and they're mission critical to this operation. I'm sure this will pay off.	我们需要为下一个任务接一位专业飞行员。他们与我们和 IE 失散了，对这次行动至关重要。我相信这会有回报。
We should expect resistance, but no one is paying us to shoot up the place. We're here for our person. A quick in and out is an option.	预计会遇到抵抗，但没人花钱请我们把这地方打成筛子。我们是来救人的。速战速决也是一个选择。
We're going to finish the criminal element on Tiverton. The Muscle is your primary target and there's a bonus if you take out his goons. These guys are the enforcers used to keep Black Market systems in line. Expect them to be decked out in the best gear available.	我们要终结蒂弗顿的犯罪势力。“肌肉”是首要目标，干掉他的手下有额外奖金。这些人是维持黑市体系运转的打手。预计他们会装备最好的家伙。
We're putting on a show and getting something special in return, so we'll be expected to take the brunt of the attack until reinforcements arrive on site.	我们在演一场戏，也能换来点特别的东西，所以在援军抵达前，预计要顶住主要攻势。
We've been having troubles with {TEAM_TAR.FactionDef.ShortName} here in {TGT_SYSTEM.name} for months now, and our negotiations with them have been stalled by a stubborn {TEAM_TAR.FactionDef.Demonym} diplomat. If he were removed from the equation, through a random attack by \"bandits\" for instance, we might be able to make some headway.<b><color=#e20000>[WARNING: Zombies]</color></b>	我们跟{TGT_SYSTEM.name}的{TEAM_TAR.FactionDef.ShortName}已经纠葛好几个月了，与他们谈判一直卡在一位顽固的{TEAM_TAR.FactionDef.Demonym}外交官身上。要是他消失了——比如被\"土匪\"随机袭击——我们或许能有所突破。<b><color=#e20000>[警告：僵尸]</color></b>
We've marked a data store as an optional objective, may as well see if they have any intel we can sell.	我们把一处数据存储点标记为可选目标，不妨去看看有没有能卖的情报。
We've tracked our missing personnel. They're being held in a facility here on {TGT_SYSTEM.name}. Go get them. Make a show of force, commandeer a transport and escort them to a pickup point.	我们追踪到了失踪人员。他们被关在{TGT_SYSTEM.name}的一处设施里。去把人救出来。展示武力，征用一辆运输车，护送他们到接应点。
Welcome to the Solaris Seasonal Assault 'Mech Championship, Commander {COMMANDER.LastName}! In case you're unfamiliar, this is a standard 64-bracket single elimination tournament. Defeat each opponent to move further up the rankings for fame, fortune, glory, and fame! Just be warned that if you lose a match, you're out. We don't faff around with losers bracket nonsense here.\n\nFor your first match, it looks like we have you penned in with some fellow newcomers in the Tennesee Valley arena. Break a leg!	欢迎来到索拉里斯赛季突击机甲冠军赛，{COMMANDER.LastName}指挥官！如果你还不了解，这是标准的 64 强单败淘汰赛。击败每位对手，一路攀升排名，赢得名声、财富、荣耀，还有名声！只是提醒你，输一场就出局。我们这儿不搞败者组那套废话。\n\n你的首场比赛，看来把你和几位新面孔一起安排在了田纳西谷竞技场。祝你好运！
Your company is tasked with protecting two communications relay support stations.  These installations form a single communications network; if either station is destroyed, the entire regional communications grid will collapse.\n\r\n{TEAM_TAR.FactionDef.Demonym} forces are expected to sabotage teams and strike exploiting weak points of the defenses.\n\r\n{TEAM_EMP.FactionDef.ShortName} has designated both sites as irreplaceable strategic assets.The contract will be considered failed if either relay station is rendered inoperable.	你的部队奉命保护两座通讯中继支援站。这些设施组成一张统一的通讯网络；任何一座被毁，整个区域通讯网都会崩溃。\n\r\n预计{TEAM_TAR.FactionDef.Demonym}部队会派出破坏小组，专攻防御薄弱点。\n\r\n{TEAM_EMP.FactionDef.ShortName}已将两处站点列为不可替代的战略资产。任何一座中继站瘫痪，合约即视为失败。
{TEAM_EMP.FactionDef.Demonym} intelligence reports a massive {TEAM_TAR.FactionDef.Demonym} force advancing on several recently captured bases following their successful occupation.  They'll almost certainly attempt to reclaim --- or even destroy --- the sites.  The main {TEAM_EMP.FactionDef.Demonym} forces have already reached the neutral zone and are doubling back, but they won't make it in time to stop the initial assault.\n\r\nWe've been hired to engage the enemy and delay their attack long enough for the main forces to return.\n\r\n <b><color=#e51717>Defence-in-Depth can be extremely long, come prepared for extended combat!</color></b>\n\r\n\r\n\r\n\r\n\t<i><color=#99ebff>A mighty host of foes advances upon the captured fortresses, intent on ruin.\n\tThe main army hastens,\n\tbut shall not reach the walls ere the first clash.\n\tWe are charged to hold and harry the enemy,\n\tthat the returning force may smite them in full strength.\n</color></i>	{TEAM_EMP.FactionDef.Demonym}情报显示，一支庞大的{TEAM_TAR.FactionDef.Demonym}部队正朝几处刚被成功占领的基地推进。他们几乎肯定会试图夺回——甚至摧毁——这些站点。{TEAM_EMP.FactionDef.Demonym}主力已抵达中立区并正在折返，但赶不上阻止首轮进攻。\n\r\n我们受雇接敌并拖延他们的攻势，为主力回防争取时间。\n\r\n <b><color=#e51717>纵深防御可能极其漫长，做好持久作战的准备！</color></b>\n\r\n\r\n\r\n\r\n\t<i><color=#99ebff>一支敌军大队正扑向被夺的堡垒，意在毁灭。\n\t主力正加速回援，\n\t却赶不及在首轮交锋前抵达城墙。\n\t我们奉命坚守并袭扰敌军，\n\t好让回师的部队以全力痛击他们。\n</color></i>
{TEAM_EMP.FactionDef.Demonym}'s area in {TGT_SYSTEM.Name} just got hit with a surprise attack, and right now, the only thing standing in the way is a single lance.  Our main forces are too far out to help in time, so we're calling on anyone willing to step up and lend a hand.\n\n <b><color=#e51717>Warzones can be extremely long, come prepared for extended combat!</color></b>	{TEAM_EMP.FactionDef.Demonym}在{TGT_SYSTEM.Name}的区域刚遭到突袭，眼下挡在路上的只有一支小队。我们的主力太远，来不及救援，所以我们向所有愿意挺身而出的人求援。\n\n <b><color=#e51717>战区战斗可能极其漫长，做好持久作战的准备！</color></b>
{TEAM_EMP.FactionDef.Name} has been pulling back their forces in large numbers after taking heavy casualties.  The last remaining bases are being kept online as a decoy, so the bulk of their troops are retreating without being attacked.  Our task is to create a diversion, with no reinforcements coming from {TEAM_EMP.FactionDef.Demonym}'s.\n\r\nBe advised that the {TEAM_TAR.FactionDef.Name} are sending a massive force, we're on our own here; save for some stationary turrets.\n\r\n <b><color=#e51717>Defence-in-Depth can be extremely long, come prepared for extended combat!</color></b>	{TEAM_EMP.FactionDef.Name}在遭受重创后正大规模撤军。仅存的基地被留着当诱饵，好让他们的大部队能不受攻击地撤退。我们的任务是制造牵制，{TEAM_EMP.FactionDef.Demonym}方面不会有援军。\n\r\n请注意，{TEAM_TAR.FactionDef.Name}正派来一支庞大的部队，这里只能靠我们自己——除了一些固定的炮塔。\n\r\n <b><color=#e51717>纵深防御可能极其漫长，做好持久作战的准备！</color></b>
{TEAM_EMP.FactionDef.Name} has contracted us to defend their fort, a munitions depot and BattleMech refit yard positioned in a strategically vital but undisclosed theater.  The installation serves as a critical logistics hub for its' operations, stockpiling advanced weapon systems and replacement parts for frontline units.\n\r\nIntelligence confirms that a {TEAM_TAR.FactionDef.Demonym}-aligned  strike force is en route, intent on seizing or destroying the facility before a major {TEAM_EMP.FactionDef.Demonym} offensive can be launched.\n\r\nYour orders are to hold the installation, repel all enemy forces in open combat, and ensure the fort remains fully operational.	{TEAM_EMP.FactionDef.Name}雇我们防守他们的堡垒——一处弹药库兼战斗机甲改装厂，位于战略上至关重要但未公开的战区。该设施是其行动的关键后勤枢纽，储备着先进武器系统和前线部队的替换零件。\n\r\n情报确认，一支亲{TEAM_TAR.FactionDef.Demonym}打击部队正在赶来，企图在{TEAM_EMP.FactionDef.Demonym}发动大规模攻势前夺取或摧毁该设施。\n\r\n你的命令是守住设施、在正面战斗中击退所有敌军，并确保堡垒始终保持全功能运转。
{TEAM_TAR.FactionDef.Demonym}'s is forcing our employer back, so this is where they're making their stand. Our job is to hold the line and stall the enemy's advance until reinforcements arrive. Our employers say they've got some static defenses set up and even a volunteer militia backing us up.\n\r\nStay alert and hold this position as long as possible.\n\r\n <b><color=#e51717>Defence-in-Depth can be extremely long, come prepared for extended combat!</color></b>	{TEAM_TAR.FactionDef.Demonym}正把我们的雇主逼退，这里就是他们的立足之地。我们的任务是守住防线、拖延敌军推进直到援军抵达。雇主说他们已布置好一些固定防御，甚至还有一支志愿民兵支援我们。\n\r\n保持警觉，尽可能长久地守住这个阵地。\n\r\n <b><color=#e51717>纵深防御可能极其漫长，做好持久作战的准备！</color></b>
{TEAM_TAR.FactionDef.Name} have been pushing into this region, so there are big bounties out on them. Take out as many as you can --- the more you drop, the bigger your payout.\n\n <b><color=#e51717>Warzones can be extremely long, come prepared for extended combat!</color></b>	{TEAM_TAR.FactionDef.Name}一直在向这一区域渗透，所以针对他们的赏金很高。尽可能多地消灭他们——你干掉越多，报酬越丰厚。\n\n <b><color=#e51717>战区战斗可能极其漫长，做好持久作战的准备！</color></b>
{TEAM_TAR.FactionDef.Name}'s incursions have been escalating, and a massive force is gathering to deliver a decisive strike and destroy all of {TEAM_EMP.FactionDef.Name}'s fortifications in the area.  We've been hired to slow them down, taking the brunt of the attack upfront.\n\r\nThe {TEAM_EMP.FactionDef.Demonym}'s second-string units have been deployed to support us.\n\r\n <b><color=#e51717>Defence-in-Depth can be extremely long, come prepared for extended combat!</color></b>	{TEAM_TAR.FactionDef.Name}的入侵不断升级，一支庞大的部队正在集结，准备发动决定性打击，摧毁{TEAM_EMP.FactionDef.Name}在该地区的所有防御工事。我们受雇拖慢他们的脚步，正面承受主要攻势。\n\r\n{TEAM_EMP.FactionDef.Demonym}的二线部队已被派来支援我们。\n\r\n <b><color=#e51717>纵深防御可能极其漫长，做好持久作战的准备！</color></b>
{TGT_SYSTEM.Name} is under attack --- invaders are here to take everything.  The {TEAM_EMP.FactionDef.Demonym} forces are holding but starting to break.  We need every able hand on the frontline now.  Any help you can offer will mean the world to us.\n\n <b><color=#e51717>Warzones can be extremely long, come prepared for extended combat!</color></b>	{TGT_SYSTEM.Name}正遭到攻击——入侵者要夺走一切。{TEAM_EMP.FactionDef.Demonym}部队还在坚守，但已开始崩溃。我们现在需要每一个能上阵的人。你能提供的任何帮助，对我们都意义重大。\n\n <b><color=#e51717>战区战斗可能极其漫长，做好持久作战的准备！</color></b>
