56	Details	You and Darius head over to the Infirmary, where you are stopped by a nurse outside the entrance, "May I assist you?," the nurse asks.

Darius steps forward, "My Commander was one of the combatants in that duel, and wished to speak with the opponent he faced."

The nurse types in some information into the computer, "Yes, they are in exam room C."  The nurse points at the palm scanner, "Place your hand there to sign in, then go through the doors to the 3rd room on the left."

You follow the directions given and arrive with Darius at the room.  Seated on the exam table is the MechWarrior you fought with freshly applied bandages covering parts of their body.

You look your former opponent in the eyes, "You fought valiantly, and I now claim you as my [[DM.BaseDescriptionDefs[LoreBondsman],bondsman]].  You will wear this [[DM.BaseDescriptionDefs[LoreBondcord],bondcord]] until you have sufficently demonstrated all three virtues: combat talent, integrity and loyalty."

As you reach forward to place the [[DM.BaseDescriptionDefs[LoreBondcord],bondcord]] on the MechWarrior's wrist, they pull their arm behind them, "My honour will not allow me to become a [[DM.BaseDescriptionDefs[LoreBondsman],bondsman]].  I claim my right of refusal."

You nod assent, "As you wish, MechWarrior."

You feel saddened at the loss of a potentially great pilot as you and Darius exit the building to head back to the <i>Argo</i>
12	Details	"Stand tall, MechWarrior!"

[[TGT_MW,{TGT_MW.Callsign}]] instinctively snaps to attention, visibly pained by the sudden movement.

"Do you want to show the bastards who shot you up that you're tougher than they are? Well, you <i>can't</i>—not until you've healed up enough to pilot your 'Mech! So get back to the MedBay and let our doctors <i>do their jobs</i>."

{TGT_MW.Callsign} is clearly digesting a possible response, and chooses a silent nod of the head instead. It's always a roll of the dice on whether a MechWarrior will come out of an injury like this broken or emboldened. Time will tell.
12	Details	"That 'Mech looks worse than you do, believe me."

[[TGT_MW,{TGT_MW.Callsign}]] slowly turns, visibly avoiding any sudden movement.

"Life is hard out here in the Periphery, and a MechWarrior's life is harder than most. We put our bodies on the line over and over again, and for what? Money? Sure, but there's more to it than that. We do it for <i>each other</i>."

You put a hand on {TGT_MW.Det} shoulder and {TGT_MW.Subj} {TGT_MW.Gender?NonBinary:collapse|Default:collapses} into your protective embrace, all of the pent up suffering and fear emerging and washing away in waves.

It's always a roll of the dice on whether a MechWarrior will come out of an injury like this hesitant or confident. Time will tell.
12	Details	You bring up the same console controls, already knowing where this is going. "You've been compensated again for your readiness. That hasn't changed either."

{TGT_MW.Subj_C} {TGT_MW.Gender?NonBinary:let|Default:lets} out a short, humorless laugh. "C-Bills again."

"It's acknowledgment..."

"It's not a combat record," {TGT_MW.Subj_C} {TGT_MW.Gender?NonBinary:cut|Default:cuts} in. "I told you that. No deployments means no advancement, no reputation. You can pay me all you want—I'm still going nowhere."

You hold firm. "You're part of this company."

"For now," {TGT_MW.Subj} {TGT_MW.Gender?NonBinary:reply|Default:replies} quietly. "But not for anything that matters."
12	Details	You lean forward again, voice low but practiced now. "I still need you here. Training rotations have held together because of you. Sim performance across the board is up—you've been keeping this outfit sharp."

{TGT_MW.Subj_C} {TGT_MW.Gender?NonBinary:stare|Default:stares} at you, longer this time. "That's the same thing you said before."

"Because it's still true."

"Or because it's convenient," {TGT_MW.Subj_C} {TGT_MW.Gender?NonBinary:counter|Default:counters}. "You ever planning to replace me in that role?"

You don't answer directly. "You're where I need you."

{TGT_MW.DET} jaw tightens, and {TGT_MW.Subj_C} {TGT_MW.Gender?NonBinary:stare|Default:stares} at you long before turning and walking away.
12	Details	You exhale slowly. "I told you before—you're close. That hasn't changed. Contracts have been tight, deployments selective. I'm not going to throw you into a meaningless drop just to satisfy impatience."

{TGT_MW.DET} expression hardens. "You said soon."

"And I meant it," you reply, though your tone carries less certainty now. "Stay ready. When the right contract comes, you'll be on the list."

{TGT_MW.Subj_C} {TGT_MW.Gender?NonBinary:don't|Default:doesn't} look convinced—but {TGT_MW.Subj_C} {TGT_MW.Gender?NonBinary:don't|Default:doesn't} argue further.
12	Details	You soften your tone. "I hear you. You've put in the work, and it shows. The truth is, I've been holding you back because I'm waiting for the right mission for you. You're close. Stay sharp a little longer, and I'll make sure you're on the next op that suites your abilities."

{TGT_MW.Subj_C} {TGT_MW.Gender?NonBinary:raise|Default:raises} a questioning eyebrow, doubt on {TGT_MW.DET} face. "So... soon?"



You nod, smiling. "Soon."
12	Details	You lean forward slightly, lowering your voice. "You think I haven't noticed your performance? I have—that's exactly why you're still aboard the <i>Argo</i>. I need someone with your skill set here, keeping the training rotations tight, running sim calibrations, and making sure the rest of the lance doesn't get sloppy between contracts."

{TGT_MW.Subj_C} {TGT_MW.Gender?NonBinary:look|Default:looks} at you skeptically. "You're saying I'm… more valuable here?"

"Right now?" you say with quiet certainty. "Absolutely. Out there, you're one pilot. In here, you keep all my pilots sharp."
12	Details	You have Darius purchase the bolts from [[TGT_SYSTEM,{TGT_SYSTEM.Name}]], which arrive on the next dropship.  You watch from a viewscreen as [[SCN_MW,{SCN_MW.Callsign}]], in EVA suit, struggles with the low gravity and the oxygen hose anchoring {SCN_MW.OBJ} to the <i>Argo</i>. It is painfully obvious the tools feel awkward in {SCN_MW.DET} hands.  You wince as {SCN_MW.Subj} {SCN_MW.Gender?NonBinary:lose|Default:loses} {SCN_MW.DET} grip on the spanner and as it floats away, {SCN_MW.Subj} {SCN_MW.Gender?NonBinary:spill|Default:spills} a number of bolts out into space in the attempt to retrieve it.  You motion to Darius to end the repairs before [[SCN_MW,{SCN_MW.Callsign}]] finds a way to float off into space as well.

Later, after you visit {SCN_MW.Callsign} in the MedBay, you receive a hull integrity report from Dr. Murad. "Less than 10% of the bolts were replaced." She sighs. "We will need to be vigilant until we can exact proper replacement of the remaining bolts."
12	Details	You let out a measured breath and key a command into the console. "You're right—you signed on to fight. I haven't given you that. So I'm authorizing combat-equivalent pay for your last cycle, rounded up, which comes to a total of ¢600,000 C-Bills."

{TGT_MW.Subj_C} {TGT_MW.Gender?NonBinary:don't|Default:doesn't} react the way you expect. {TGT_MW.OBJ_C} eyes narrow. "Back Pay?"

"It's recognition," you reply. "You've been ready. That counts."

[[TGT_MW,{TGT_MW.Callsign}]] shakes {TGT_MW.OBJ} head slightly. "With all due respect, Commander... C-Bills don't build a combat record. No drops means no reputation. No reputation means no future contracts."

You hold their gaze. "You're still on this ship. That future hasn't changed."

"Or it's passing me by while I sit in a simulator," they counter quietly as they turn and walk away.
10	Details	"MechWarriors belong in the 'Mechs. Technicians belong in the Mech Bay. But you seem pretty knowledgeable about these things, and you've already pulled the schematics and have the 'Mech in a harness. Explain to Yang what you were going for, and maybe he can finish what you started."

Later that week, you catch [[TGT_MW,{TGT_MW.Callsign}]] in the hall.

"Chief Virtanen wanted me to pass along the news. He investigated your suggestions, but they didn't lead anywhere productive."

{TGT_MW.Callsign} stares at the floor, crestfallen. "Damn, I thought for sure that would work. Thanks for asking the Chief to give it a try, though. I guess I'd better stick to what I do best: using the weapons instead of trying to make them."
9	Details	You have Darius purchase the bolts from [[TGT_SYSTEM,{TGT_SYSTEM.Name}]], which arrive on the next dropship.  You watch from a viewscreen as [[SCN_MW,{SCN_MW.Callsign}]], in an EVA suit, bounces and floats across the <i>Argo</i>. {SCN_MW.Callsign} slowly and methodically begins to replace the faulty bolts, one by one. 

After 6 hours, {SCN_MW.Callsign} is reeled safely back inside the <i>Argo</i> for a much needed break.  You leave them in the care of Darius and Yang knowing it is going to take {SCN_MW.Obj} the better part of 30 days and multiple space walks to replace the thousands of bolts that <i>could</i> be faulty.  At the end of it, hull integrity is at 100% and everyone on board are no longer stressed about their safety.

Throughout the next couple weeks, you notice that {SCN_MW.Callsign} attends to {SCN_MW.DET} daily tasks with newfound enthusiasm. When you call the MechWarriors, {SCN_MW.Callsign} is first to line up.
9	Details	You place a tick next to [[SCN_MW,{SCN_MW.Callsign}]]'s name on the datapad and scribble your signature.  Handing the pad to Darius as you stand up, "Ok, lets get [[SCN_MW,{SCN_MW.Callsign}]] packed up and on the next jumpship bound for the LAMcademy.
 
Darius jumps up and heads off to the barracks to inform [[SCN_MW,{SCN_MW.Callsign}]] they have been accepted into <i>Wham-Ba-LAM</i>'s LAMcademy.
9	Details	You place a tick next to [[SCN_MW,{SCN_MW.Callsign}]]'s name on the datapad and scribble your signature.  Handing the pad to Darius as you stand up, "Ok, lets get [[SCN_MW,{SCN_MW.Callsign}]] packed up and on the next jumpship bound for the Aircademy.
 
Darius jumps up and heads off to the barracks to inform [[SCN_MW,{SCN_MW.Callsign}]] they have been accepted into the VTOL Aircademy.
9	Details	"MechWarriors belong in the 'Mechs. Technicians belong in the Mech Bay. But you seem pretty knowledgeable about these things, and you've already pulled the schematics and have the 'Mech in a harness. Explain to Yang what you were going for, and maybe he can finish what you started."

Later that week, you catch [[TGT_MW,{TGT_MW.Callsign}]] in the hall.

"Chief Virtanen wanted me to pass along the good news. He investigated your suggestions and managed to turn that Locust into a 20 ton mace.  He's called it the [[DM.BaseDescriptionDefs[BaseDesc_Special_Mace_Locust],Locust Stick]]."

{TGT_MW.Callsign} basks in the glow of victory. "I knew it would work! So… does that mean I'm riding out on the next contract? I feel like I should be the first to get to use it!"
8	Details	Darius looks from the Commander to the MedTech, "What good is having a Field Hospital if we don't use the resources to try and expedite the Commander's recovery time?  Get them a dedicated MedTech team to assist with their recovery."

The MedTech nods, "Understood Sir.  I'll have the Commander allocated a MedTech Team in MedBay 3 for recovery."
8	Details	Darius looks from the Commander to the MedTech, "What good is having a fully functional Hospital if we don't use the resources to try and expedite the Commander's recovery time?  Get them into a private suite to assist with their recovery."

The MedTech nods, "Understood sir.  I'll have the Commander allocated a private suite in the Hospital for recovery."
8	Details	You look at Darius calmly, "Whilst I would love to spend the resources to try and expedite [[SCN_MW,{SCN_MW.Callsign}]]'s recovery time, we just cannot afford to do so at this time.  They'll just have to accept the standard treatment the rest of the crew gets."

Darius nods, "Understood Commander.  I'll have them allocated a standard medical bed for recovery."
8	Details	You look at Darius, "What good is having an upgraded MedBay if we don't use the resources to try and expedite [[SCN_MW,{SCN_MW.Callsign}]]'s recovery time?  Get them a dedicated MedTech to assist with their recovery."

Darius nods, "Understood Commander.  I'll have them allocated a MedTech in MedBay 2 for recovery."
8	Details	"I suppose that was in storage for a reason, so maybe it won't hurt to see if your idea works. Just be careful. It may only be a 20 ton 'Mech, but it is not worthless."

Later that week, [[TGT_MW,{TGT_MW.Callsign}]] catches you in the hall with an update.

"Commander, I'm sorry to report that I wasn't able to weaponize that Locust like I wanted to. I did not even take anything apart on it.  The project is just way beyond my capabilities."
8	Details	"I suppose that was in storage for a reason, so maybe it won't hurt to see if your idea works. Just be careful. It may only be a 20 ton 'Mech, but it is not worthless."

Later that week, [[TGT_MW,{TGT_MW.Callsign}]] catches you in the hall, but doesn't look you in the eyes.

"Commander, I'm sorry to report that I wasn't able to weaponize that Locust like I wanted to. And…" {TGT_MW.Subj_C} {TGT_MW.Gender?NonBinary:struggle|Default:struggles} to continue. "I wasn't able to put it back together either. I already told the Chief and he raked me over the coals. No more than I deserve, though."
8	Details	You look at Darius, "What good is having a Field Hospital if we don't use the resources to try and expedite [[SCN_MW,{SCN_MW.Callsign}]]'s recovery time?  Get them a dedicated MedTech team to assist with their recovery."

Darius nods, "Understood Commander.  I'll have them allocated a MedTech Team in MedBay 3 for recovery."
8	Details	Darius looks from the Commander to the MedTech and sighs, "What good is having an upgraded MedBay if we don't use the resources to try and expedite the Commander's recovery time?  Get them a dedicated MedTech to assist with their recovery."

The MedTech nods, "Understood sir.  I'll have the Commander allocated a MedTech in MedBay 2 for recovery."
8	Details	You look at Darius, "What good is having a fully functional Hospital if we don't use the resources to try and expedite [[SCN_MW,{SCN_MW.Callsign}]]'s recovery time?  Get them into a private suite to assist with their recovery."

Darius nods, "Understood Commander.  I'll have them allocated a private suite in the Hospital for recovery."
8	Details	Darius looks at the MedTech calmly, "Whilst I would love to spend the Company's resources to try and expedite the Commander's recovery time, we just cannot afford to do so at this time.  They'll just have to accept the standard treatment the rest of the crew gets."

The MedTech nods, "Understood.  I'll will allocate the Commander a standard medical bed for recovery."
7	Details	You have Darius purchase the bolts from [[TGT_SYSTEM,{TGT_SYSTEM.Name}]], which arrive on the next dropship.  You watch from a viewscreen as [[SCN_MW,{SCN_MW.Callsign}]], in an EVA suit, bounces and floats across the <i>Argo</i>. {SCN_MW.Callsign} slowly and methodically begins to replace the faulty bolts, one by one. 

After 6 hours, {SCN_MW.Callsign} is reeled safely back inside the <i>Argo</i> for a much needed break.  You leave them in the care of Darious and Yang knowing it is going to take {SCN_MW.Obj} the better part of 30 days and multiple space walks to replace the thousands of bolts that <i>could</i> be faulty.  At the end of it, hull integrity is at 100% and everyone on board are no longer stressed about thier safety.

Throughout the next couple weeks, you notice that {SCN_MW.Callsign} attends to {SCN_MW.DET} daily tasks with newfound enthusiasm. When you call the MechWarriors, {SCN_MW.Callsign} is first to line up.
6	Details	You fill out all the information required in the form, check it twice, then hit the submit link.  You hand the datapad back to Darius, "There, all done.  I wonder how long before they respond..."

A <i>DING</i> alert sounds on the datapad.  Darius opens it up, "Well, Commander, looks like you are going back to school to learn how to fly LAMs!  The next class starts in a few days, so we best get you planetside ASAP."

You smile, "I'll go start packing.  And Darius, don't bankrupt the company while I'm away!"

Darius looks shocked, placing a hand on his chest, "Commander!  I'm more than capable of running things while you are away."

You shake your head as you head to your quarters to pack hoping that this course only takes the minimum 6 months to complete.
6	Details	"This company is a family. Whatever we need to do to keep us going, we'll do it. Transfer payment to [[DM.BaseDescriptionDefs[LoreNAIS],NAIS]] immediately."


[[SCN_MW,{SCN_MW.Callsign}]] is no longer debilitated and may be deployed.
6	Details	[[DM.BaseDescriptionDefs[TBoneLoreDoc],Doc Cobble]] summons you to the medbay, where [[SCN_MW,{SCN_MW.Callsign}]] is laying on a bed.


"Commander, {SCN_MW.Callsign}'s rehabilitation is coming along, but with the advanced facilities aboard the <i>Argo</i>, we can certainly speed things up, <i>if</i> we want to pay the price. The newer prosthetics have almost no acclimatization time but we'll need a hefty chunk of change to get those pukes at [[DM.BaseDescriptionDefs[LoreNAIS],New Avalon]] to send us the specs."


"What do you think?"
6	Details	Another sleepless night finds you pacing the Mech Bay. The door opens and closes and you discover that [[TGT_MW,{TGT_MW.Callsign}]], who should be hooked up to a half-dozen machines in the MedBay, has entered the room.

Without noticing you, {TGT_MW.Subj} {TGT_MW.Gender?NonBinary:limp|Default:limps} painfully down the row of 'Mechs and stops. You realize {TGT_MW.Subj} {TGT_MW.Gender?NonBinary:are|Default:is} staring up at the 'Mech {TGT_MW.Subj} {TGT_MW.Gender?NonBinary:were|Default:was} piloting when {TGT_MW.Subj} received those injuries.

A shuddering, half-stifled sob wracks the MechWarrior's body. Fists clench as {TGT_MW.Subj} {TGT_MW.Gender?NonBinary:fight|Default:fights} back the darkness.
5	Details	"Relax, MechWarrior…"

[[TGT_MW,{TGT_MW.Callsign}]] slowly turns, visibly avoiding any sudden movement.

"If you're wondering how you're going to get back in that 'Mech again, reliving the moment won't help. I take it resting in the MedBay isn't working for you either?"

{TGT_MW.Callsign} hesitates before shrugging.

"We're orbiting one of the most popular recreation planets in the Periphery, according to their hardworking Tourism Bureau. I'm sending you down there to recuperate. Darius will find a facility that can tend to your rehabilitation in more pleasant surroundings. Get better."

It's always a roll of the dice on how a MechWarrior will come out of an injury like this. Time will tell.
5	Details	Even before you arrive at the morning briefing, you can hear Dr. Murad praising [[TGT_MW,{TGT_MW.Callsign}]], saying how valuable their support has been to the engineering team.

Yang chimes in. "Yeah, and then {TGT_MW.Subj_C}{TGT_MW.Gender?NonBinary:'re|Default:} showed up in the Mech Bay. It only took a few minutes for {TGT_MW.Callsign} to figure out what was wrong with one of my winches."

Sumire smiles. "Well, send {TGT_MW.Callsign} to the bridge, Chief. I could use the help!"

Finally, Darius notices you standing in the doorway and explains. "Commander, we have to do something special for {TGT_MW.Callsign}. {TGT_MW.Subj_C}{TGT_MW.Gender?NonBinary:'re|Default:'s} the most helpful member on the ship!"
5	Details	Later in the week, Darius delivers an update on the situation.

Relocating [[TGT_MW,{TGT_MW.Callsign}]] near the officers area has not only kept {TGT_MW.OBJ} more involved with the crew, it's also given the lucky MechWarrior the solitude {TGT_MW.SUBJ} craved.

"Commander, I don't know if you've went to visit, but it's kind of impressive what {TGT_MW.CALLSIGN} has managed to do with the space. It's almost… homey."
5	Details	You have Darius purchase the bolts from [[TGT_SYSTEM,{TGT_SYSTEM.Name}]], which arrive on the next dropship.  You watch from a viewscreen as [[SCN_MW,{SCN_MW.Callsign}]], in EVA suit, struggles with the low gravity and the oxygen hose anchoring {SCN_MW.OBJ} to the <i>Argo</i>. It is painfully obvious the tools feel awkward in {SCN_MW.DET} hands.  You wince as {SCN_MW.Subj} {SCN_MW.Gender?NonBinary:lose|Default:loses} {SCN_MW.DET} grip on the spanner and as it floats away, {SCN_MW.Subj} {SCN_MW.Gender?NonBinary:spill|Default:spills} a number of bolts out into space in the attempt to retreive it.  You motion to Darius to end the repairs before [[SCN_MW,{SCN_MW.Callsign}]] finds a way to float off into space as well.

Later, after you visit {SCN_MW.Callsign} in the MedBay, you receive a hull integrity report from Dr. Murad. "Less than 10% of the bolts were replaced." She sighs. "We will need to be vigilent until we can exact proper replacement of the remaining bolts."
4	Details	You and Darius head over to the Infirmary, where you are stopped by a nurse outside the entrance, "May I assist you?," the nurse asks.

Darius steps forward, "My Commander was one of the combatants in that duel, and wished to speak with the opponent he faced."

The nurse types in some information into the computer, "Yes, they are in exam room C."  The nurse points at the palm scanner, "Place your hand there to sign in, then go through the doors to the 3rd room on the left."

You follow the directions given and arrive with Darius at the room.  Seated on the exam table is the MechWarrior you fought with freshly applied bandages covering parts of their body.

You look your former opponent in the eyes, "You fought valiantly Star Captain Lukas Furey, and I now claim you as my [[DM.BaseDescriptionDefs[LoreBondsman],bondsman]].  You will wear this [[DM.BaseDescriptionDefs[LoreBondcord],bondcord]] until you have sufficently demonstrated all three virtues: combat talent, integrity and loyalty."

You reach foward and attach the [[DM.BaseDescriptionDefs[LoreBondcord],bondcord]] to Star Captain Lukas Furey's right wrist, "With this [[DM.BaseDescriptionDefs[LoreBondcord],bondcord]], I claim you as [[DM.BaseDescriptionDefs[LoreBondsman],bondsman]]."

<b><color=#ff9900>Star Captain Lukas Furey will meet you in the barracks.</color></b>
4	Details	With a heavy heart, you sigh loudly as you survey the damage, "Darius, tell the MedTechs they are to do their utmost to save all three MechWarriors.  Give priority to [[TRT_MW,{TRT_MW.Callsign}]] and [[SCN_MW,{SCN_MW.Callsign}]]."

Darius nods, "Yes, Commander."

Yang approaches, an angry look on his face, "Boss, we lost some more asTechs in that accident.  Four anchor bolts on the cargo door, improperly installed, appears to be the point of failure," he hisses.  "Totally Boeing Interstellar's fault and their damned shortcuts!"  

Your jaw tightens, "We need a full report on the damage,  Every bolt, every rivet checked!”  

The sad truth is this could have been avoided. Boeing Interstellar's negligence had nearly cost them their lives.
4	Details	You and Darius head over to the Infirmary, where you are stopped by a nurse outside the entrance, "May I assist you?," the nurse asks.

Darius steps forward, "My Commander was one of the combatants in that duel, and wished to speak with the opponent he faced."

The nurse types in some information into the computer, "Yes, they are in exam room C."  The nurse points at the palm scanner, "Place your hand there to sign in, then go through the doors to the 3rd room on the left."

You follow the directions given and arrive with Darius at the room.  Seated on the exam table is the MechWarrior you fought with freshly applied bandages covering parts of their body.

You look your former opponent in the eyes, "You fought valiantly Star Captain Lumen Furey, and I now claim you as my [[DM.BaseDescriptionDefs[LoreBondswoman],bondswoman]].  You will wear this [[DM.BaseDescriptionDefs[LoreBondcord],bondcord]] until you have sufficently demonstrated all three virtues: combat talent, integrity and loyalty."

You reach foward and attach the [[DM.BaseDescriptionDefs[LoreBondcord],bondcord]] to Star Captain Lumen Furey's right wrist, "With this [[DM.BaseDescriptionDefs[LoreBondcord],bondcord]], I claim you as [[DM.BaseDescriptionDefs[LoreBondswoman],bondswoman]]."

<b><color=#ff9900>Star Captain Lumen Furey will meet you in the barracks.</color></b>
4	Details	You and Darius head over to the Infirmary, where you are stopped by a nurse outside the entrance, "May I assist you?," the nurse asks.

Darius steps forward, "My Commander was one of the combatants in that duel, and wished to speak with the opponent he faced."

The nurse types in some information into the computer, "Yes, they are in exam room C."  The nurse points at the palm scanner, "Place your hand there to sign in, then go through the doors to the 3rd room on the left."

You follow the directions given and arrive with Darius at the room.  Seated on the exam table is the MechWarrior you fought with freshly applied bandages covering parts of their body.

You look your former opponent in the eyes, "You fought valiantly Star Commander Holli Jones, and I now claim you as my [[DM.BaseDescriptionDefs[LoreBondswoman],bondswoman]].  You will wear this [[DM.BaseDescriptionDefs[LoreBondcord],bondcord]] until you have sufficently demonstrated all three virtues: combat talent, integrity and loyalty."

You reach foward and attach the [[DM.BaseDescriptionDefs[LoreBondcord],bondcord]] to Star Commander Holli Jones' right wrist, "With this [[DM.BaseDescriptionDefs[LoreBondcord],bondcord]], I claim you as [[DM.BaseDescriptionDefs[LoreBondswoman],bondswoman]]."

<b><color=#ff9900>Star Commander Holli Jones will meet you in the barracks.</color></b>
4	Details	With a heavy heart, you sigh loudly as you survey the damage, "Darius, tell the MedTechs they are to do their utmost to save all three MechWarriors.  Give priority to [[TGT_MW,{TGT_MW.Callsign}]] and [[TRT_MW,{TRT_MW.Callsign}]]."

Darius nods, "Yes, Commander."

Yang approaches, an angry look on his face, "Boss, we lost some more asTechs in that accident.  Four anchor bolts on the cargo door, improperly installed, appears to be the point of failure," he hisses.  "Totally Boeing Interstellar's fault and their damned shortcuts!"  

Your jaw tightens, "We need a full report on the damage,  Every bolt, every rivet checked!”  

The sad truth is this could have been avoided. Boeing Interstellar's negligence had nearly cost them their lives.
4	Details	You have Darius purchase the bolts from [[TGT_SYSTEM,{TGT_SYSTEM.Name}]], which arrive on the next dropship.  You watch from a viewscreen as [[SCN_MW,{SCN_MW.Callsign}]], in an EVA suit, floats nimbly across the puckered hull of the DropShip. {SCN_MW.Callsign} deftly replaces the numerous bolts along this section of the <i>Argo</i>.

After a few hours, {SCN_MW.Callsign} is reeled safely back inside the ship to take a break.  At this pace, all of the bolts should be replaced in a couple of weeks.

Throughout the next couple of weeks, you notice that {SCN_MW.Callsign} attends to {SCN_MW.DET} daily tasks with newfound enthusiasm.
4	Details	You and Darius head over to the Infirmary, where you are stopped by a nurse outside the entrance, "May I assist you?," the nurse asks.

Darius steps forward, "My Commander was one of the combatants in that duel, and wished to speak with the opponent he faced."

The nurse types in some information into the computer, "Yes, they are in exam room C."  The nurse points at the palm scanner, "Place your hand there to sign in, then go through the doors to the 3rd room on the left."

You follow the directions given and arrive with Darius at the room.  Seated on the exam table is the MechWarrior you fought with freshly applied bandages covering parts of their body.

You look your former opponent in the eyes, "You fought valiantly Star Commander Niles, and I now claim you as my [[DM.BaseDescriptionDefs[LoreBondsman],bondsman]].  You will wear this [[DM.BaseDescriptionDefs[LoreBondcord],bondcord]] until you have sufficently demonstrated all three virtues: combat talent, integrity and loyalty."

You reach foward and attach the [[DM.BaseDescriptionDefs[LoreBondcord],bondcord]] to Star Commander Niles' right wrist, "With this [[DM.BaseDescriptionDefs[LoreBondcord],bondcord]], I claim you as [[DM.BaseDescriptionDefs[LoreBondsman],bondsman]]."

<b><color=#ff9900>Star Commander Niles will meet you in the barracks.</color></b>
4	Details	"Relax, MechWarrior…"

[[TGT_MW,{TGT_MW.Callsign}]] slowly turns, visibly avoiding any sudden movement.

"If you're wondering how you're going to get back in that 'Mech again, reliving the moment won't help. I take it resting in the MedBay isn't working for you either?"

{TGT_MW.Callsign} hesitates before nodding silently.

"We're orbiting one of the most popular recreation planets in the Periphery, according to their hardworking Tourism Bureau. I'm sending you down there to recuperate. Darius will find a facility that can tend to your rehabilitation in more pleasant surroundings. Get better."

It's always a roll of the dice on how a MechWarrior will come out of an injury like this. Time will tell.
4	Details	You and Darius head over to the Infirmary, where you are stopped by a nurse outside the entrance, "May I assist you?," the nurse asks.

Darius steps forward, "My Commander was one of the combatants in that duel, and wished to speak with the opponent he faced."

The nurse types in some information into the computer, "Yes, they are in exam room C."  The nurse points at the palm scanner, "Place your hand there to sign in, then go through the doors to the 3rd room on the left."

You follow the directions given and arrive with Darius at the room.  Seated on the exam table is the MechWarrior you fought with freshly applied bandages covering parts of their body.

You look your former opponent in the eyes, "You fought valiantly Star Captain Mytch Hoff, and I now claim you as my [[DM.BaseDescriptionDefs[LoreBondsman],bondsman]].  You will wear this [[DM.BaseDescriptionDefs[LoreBondcord],bondcord]] until you have sufficently demonstrated all three virtues: combat talent, integrity and loyalty."

You reach foward and attach the [[DM.BaseDescriptionDefs[LoreBondcord],bondcord]] to Star Captain Mytch Hoff's right wrist, "With this [[DM.BaseDescriptionDefs[LoreBondcord],bondcord]], I claim you as [[DM.BaseDescriptionDefs[LoreBondsman],bondsman]]."

<b><color=#ff9900>Star Captain Mytch Hoff will meet you in the barracks.</color></b>
4	Details	You and Darius head over to the Infirmary, where you are stopped by a nurse outside the entrance, "May I assist you?," the nurse asks.

Darius steps forward, "My Commander was one of the combatants in that duel, and wished to speak with the opponent he faced."

The nurse types in some information into the computer, "Yes, they are in exam room C."  The nurse points at the palm scanner, "Place your hand there to sign in, then go through the doors to the 3rd room on the left."

You follow the directions given and arrive with Darius at the room.  Seated on the exam table is the MechWarrior you fought with freshly applied bandages covering parts of their body.

You look your former opponent in the eyes, "You fought valiantly Star Captain Pheona O'Reilly, and I now claim you as my [[DM.BaseDescriptionDefs[LoreBondswoman],bondswoman]].  You will wear this [[DM.BaseDescriptionDefs[LoreBondcord],bondcord]] until you have sufficently demonstrated all three virtues: combat talent, integrity and loyalty."

You reach foward and attach the [[DM.BaseDescriptionDefs[LoreBondcord],bondcord]] to Star Captain Pheona O'Reilly's right wrist, "With this [[DM.BaseDescriptionDefs[LoreBondcord],bondcord]], I claim you as [[DM.BaseDescriptionDefs[LoreBondswoman],bondswoman]]."

<b><color=#ff9900>Star Captain Pheona O'Reilly will meet you in the barracks.</color></b>
4	Details	You and Darius head over to the Infirmary, where you are stopped by a nurse outside the entrance, "May I assist you?," the nurse asks.

Darius steps forward, "My Commander was one of the combatants in that duel, and wished to speak with the opponent he faced."

The nurse types in some information into the computer, "Yes, they are in exam room C."  The nurse points at the palm scanner, "Place your hand there to sign in, then go through the doors to the 3rd room on the left."

You follow the directions given and arrive with Darius at the room.  Seated on the exam table is the MechWarrior you fought with freshly applied bandages covering parts of their body.

You look your former opponent in the eyes, "You fought valiantly Star Commander Alek Yanev, and I now claim you as my [[DM.BaseDescriptionDefs[LoreBondsman],bondsman]].  You will wear this [[DM.BaseDescriptionDefs[LoreBondcord],bondcord]] until you have sufficently demonstrated all three virtues: combat talent, integrity and loyalty."

You reach foward and attach the [[DM.BaseDescriptionDefs[LoreBondcord],bondcord]] to Star Commander Alek Yanev's right wrist, "With this [[DM.BaseDescriptionDefs[LoreBondcord],bondcord]], I claim you as [[DM.BaseDescriptionDefs[LoreBondsman],bondsman]]."

<b><color=#ff9900>Star Commander Alek Yanev will meet you in the barracks.</color></b>
4	Details	You and Darius head over to the Infirmary, where you are stopped by a nurse outside the entrance, "May I assist you?," the nurse asks.

Darius steps forward, "My Commander was one of the combatants in that duel, and wished to speak with the opponent he faced."

The nurse types in some information into the computer, "Yes, they are in exam room C."  The nurse points at the palm scanner, "Place your hand there to sign in, then go through the doors to the 3rd room on the left."

You follow the directions given and arrive with Darius at the room.  Seated on the exam table is the MechWarrior you fought with freshly applied bandages covering parts of their body.

You look your former opponent in the eyes, "You fought valiantly MechWarrior Fergus, and I now claim you as my [[DM.BaseDescriptionDefs[LoreBondsman],bondsman]].  You will wear this [[DM.BaseDescriptionDefs[LoreBondcord],bondcord]] until you have sufficently demonstrated all three virtues: combat talent, integrity and loyalty."

You reach foward and attach the [[DM.BaseDescriptionDefs[LoreBondcord],bondcord]] to MechWarrior Fergus' right wrist, "With this [[DM.BaseDescriptionDefs[LoreBondcord],bondcord]], I claim you as [[DM.BaseDescriptionDefs[LoreBondsman],bondsman]]."

<b><color=#ff9900>MechWarrior Fergus will meet you in the barracks.</color></b>
4	Details	You and Darius head over to the Infirmary, where you are stopped by a nurse outside the entrance, "May I assist you?," the nurse asks.

Darius steps forward, "My Commander was one of the combatants in that duel, and wished to speak with the opponent he faced."

The nurse types in some information into the computer, "Yes, they are in exam room C."  The nurse points at the palm scanner, "Place your hand there to sign in, then go through the doors to the 3rd room on the left."

You follow the directions given and arrive with Darius at the room.  Seated on the exam table is the MechWarrior you fought with freshly applied bandages covering parts of their body.

You look your former opponent in the eyes, "You fought valiantly MechWarrior Mychel, and I now claim you as my [[DM.BaseDescriptionDefs[LoreBondswoman],bondswoman]].  You will wear this [[DM.BaseDescriptionDefs[LoreBondcord],bondcord]] until you have sufficently demonstrated all three virtues: combat talent, integrity and loyalty."

You reach foward and attach the [[DM.BaseDescriptionDefs[LoreBondcord],bondcord]] to MechWarrior Mychel's right wrist, "With this [[DM.BaseDescriptionDefs[LoreBondcord],bondcord]], I claim you as [[DM.BaseDescriptionDefs[LoreBondswoman],bondswoman]]."

<b><color=#ff9900>MechWarrior Mychel will meet you in the barracks.</color></b>
4	Details	You and Darius head over to the Infirmary, where you are stopped by a nurse outside the entrance, "May I assist you?," the nurse asks.

Darius steps forward, "My Commander was one of the combatants in that duel, and wished to speak with the opponent he faced."

The nurse types in some information into the computer, "Yes, they are in exam room C."  The nurse points at the palm scanner, "Place your hand there to sign in, then go through the doors to the 3rd room on the left."

You follow the directions given and arrive with Darius at the room.  Seated on the exam table is the MechWarrior you fought with freshly applied bandages covering parts of their body.

You look your former opponent in the eyes, "You fought valiantly MechWarrior Synthia, and I now claim you as my [[DM.BaseDescriptionDefs[LoreBondswoman],bondswoman]].  You will wear this [[DM.BaseDescriptionDefs[LoreBondcord],bondcord]] until you have sufficently demonstrated all three virtues: combat talent, integrity and loyalty."

You reach foward and attach the [[DM.BaseDescriptionDefs[LoreBondcord],bondcord]] to MechWarrior Synthia's right wrist, "With this [[DM.BaseDescriptionDefs[LoreBondcord],bondcord]], I claim you as [[DM.BaseDescriptionDefs[LoreBondswoman],bondswoman]]."

<b><color=#ff9900>MechWarrior Synthia will meet you in the barracks.</color></b>
4	Details	You and Darius head over to the Infirmary, where you are stopped by a nurse outside the entrance, "May I assist you?," the nurse asks.

Darius steps forward, "My Commander was one of the combatants in that duel, and wished to speak with the opponent he faced."

The nurse types in some information into the computer, "Yes, they are in exam room C."  The nurse points at the palm scanner, "Place your hand there to sign in, then go through the doors to the 3rd room on the left."

You follow the directions given and arrive with Darius at the room.  Seated on the exam table is the MechWarrior you fought with freshly applied bandages covering parts of their body.

You look your former opponent in the eyes, "You fought valiantly Star Commander Lateekah, and I now claim you as my [[DM.BaseDescriptionDefs[LoreBondswoman],bondswoman]].  You will wear this [[DM.BaseDescriptionDefs[LoreBondcord],bondcord]] until you have sufficently demonstrated all three virtues: combat talent, integrity and loyalty."

You reach foward and attach the [[DM.BaseDescriptionDefs[LoreBondcord],bondcord]] to Star Commander Lateekah's right wrist, "With this [[DM.BaseDescriptionDefs[LoreBondcord],bondcord]], I claim you as [[DM.BaseDescriptionDefs[LoreBondswoman],bondswoman]]."

<b><color=#ff9900>Star Commander Lateekah will meet you in the barracks.</color></b>
4	Details	You and Darius head over to the Infirmary, where you are stopped by a nurse outside the entrance, "May I assist you?," the nurse asks.

Darius steps forward, "My Commander was one of the combatants in that duel, and wished to speak with the opponent he faced."

The nurse types in some information into the computer, "Yes, they are in exam room C."  The nurse points at the palm scanner, "Place your hand there to sign in, then go through the doors to the 3rd room on the left."

You follow the directions given and arrive with Darius at the room.  Seated on the exam table is the MechWarrior you fought with freshly applied bandages covering parts of their body.

You look your former opponent in the eyes, "You fought valiantly Point Commander Erin, and I now claim you as my [[DM.BaseDescriptionDefs[LoreBondswoman],bondswoman]].  You will wear this [[DM.BaseDescriptionDefs[LoreBondcord],bondcord]] until you have sufficently demonstrated all three virtues: combat talent, integrity and loyalty."

You reach foward and attach the [[DM.BaseDescriptionDefs[LoreBondcord],bondcord]] to Point Commander Erin's right wrist, "With this [[DM.BaseDescriptionDefs[LoreBondcord],bondcord]], I claim you as [[DM.BaseDescriptionDefs[LoreBondswoman],bondswoman]]."

<b><color=#ff9900>Point Commander Erin will meet you in the barracks.</color></b>
4	Details	You and Darius head over to the Infirmary, where you are stopped by a nurse outside the entrance, "May I assist you?," the nurse asks.

Darius steps forward, "My Commander was one of the combatants in that duel, and wished to speak with the opponent he faced."

The nurse types in some information into the computer, "Yes, they are in exam room C."  The nurse points at the palm scanner, "Place your hand there to sign in, then go through the doors to the 3rd room on the left."

You follow the directions given and arrive with Darius at the room.  Seated on the exam table is the MechWarrior you fought with freshly applied bandages covering parts of their body.

You look your former opponent in the eyes, "You fought valiantly MechWarrior Dante, and I now claim you as my [[DM.BaseDescriptionDefs[LoreBondsman],bondsman]].  You will wear this [[DM.BaseDescriptionDefs[LoreBondcord],bondcord]] until you have sufficently demonstrated all three virtues: combat talent, integrity and loyalty."

You reach foward and attach the [[DM.BaseDescriptionDefs[LoreBondcord],bondcord]] to MechWarrior Dante's right wrist, "With this [[DM.BaseDescriptionDefs[LoreBondcord],bondcord]], I claim you as [[DM.BaseDescriptionDefs[LoreBondsman],bondsman]]."

<b><color=#ff9900>MechWarrior Dante will meet you in the barracks.</color></b>
4	Details	You and Darius head over to the Infirmary, where you are stopped by a nurse outside the entrance, "May I assist you?," the nurse asks.

Darius steps forward, "My Commander was one of the combatants in that duel, and wished to speak with the opponent he faced."

The nurse types in some information into the computer, "Yes, they are in exam room C."  The nurse points at the palm scanner, "Place your hand there to sign in, then go through the doors to the 3rd room on the left."

You follow the directions given and arrive with Darius at the room.  Seated on the exam table is the MechWarrior you fought with freshly applied bandages covering parts of their body.

You look your former opponent in the eyes, "You fought valiantly MechWarrior Tyler, and I now claim you as my [[DM.BaseDescriptionDefs[LoreBondsman],bondsman]].  You will wear this [[DM.BaseDescriptionDefs[LoreBondcord],bondcord]] until you have sufficently demonstrated all three virtues: combat talent, integrity and loyalty."

You reach foward and attach the [[DM.BaseDescriptionDefs[LoreBondcord],bondcord]] to MechWarrior Tyler's right wrist, "With this [[DM.BaseDescriptionDefs[LoreBondcord],bondcord]], I claim you as [[DM.BaseDescriptionDefs[LoreBondsman],bondsman]]."

<b><color=#ff9900>MechWarrior Tyler will meet you in the barracks.</color></b>
4	Details	With a heavy heart, you sigh loudly as you survey the damage, "Darius, tell the MedTechs they are to do their utmost to save all three MechWarriors.  Give priority to [[TGT_MW,{TGT_MW.Callsign}]] and [[TRT_MW,{TRT_MW.Callsign}]]."

Darius nods, "Yes, Commander."

Yang approaches, an angry look on his face, "Boss, we lost a few asTechs in that accident.  Four anchor bolts on the cargo door, improperly installed, appears to be the point of failure," he hisses.  "Totally Boeing Interstellar's fault and their damned shortcuts!"  

Your jaw tightens, "We need a full report on the damage,  Every bolt, every rivet checked!”  

The sad truth is this could have been avoided. Boeing Interstellar's negligence had nearly cost them their lives.
4	Details	With a heavy heart, you sigh loudly as you survey the damage, "Darius, tell the MedTechs they are to do their utmost to save all three MechWarriors.  Give priority to [[TRT_MW,{TRT_MW.Callsign}]] and [[SCN_MW,{SCN_MW.Callsign}]]."

Darius nods, "Yes, Commander."

Yang approaches, an angry look on his face, "Boss, we lost a few asTechs in that accident.  Four anchor bolts on the cargo door, improperly installed, appears to be the point of failure," he hisses.  "Totally Boeing Interstellar's fault and their damned shortcuts!"  

Your jaw tightens, "We need a full report on the damage,  Every bolt, every rivet checked!”  

The sad truth is this could have been avoided. Boeing Interstellar's negligence had nearly cost them their lives.
4	Details	With a heavy heart, you sigh loudly as you survey the damage, "Darius, tell the MedTechs they are to do their utmost to save all three MechWarriors.  Give priority to [[TGT_MW,{TGT_MW.Callsign}]] and [[SCN_MW,{SCN_MW.Callsign}]]."

Darius nods, "Yes, Commander."

Yang approaches, an angry look on his face, "Boss, we lost some more asTechs in that accident.  Four anchor bolts on the cargo door, improperly installed, appears to be the point of failure," he hisses.  "Totally Boeing Interstellar's fault and their damned shortcuts!"  

Your jaw tightens, "We need a full report on the damage,  Every bolt, every rivet checked!”  

The sad truth is this could have been avoided. Boeing Interstellar's negligence had nearly cost them their lives.
4	Details	With a heavy heart, you sigh loudly as you survey the damage, "Darius, tell the MedTechs they are to do their utmost to save all three MechWarriors.  Give priority to [[TGT_MW,{TGT_MW.Callsign}]] and [[SCN_MW,{SCN_MW.Callsign}]]."

Darius nods, "Yes, Commander."

Yang approaches, an angry look on his face, "Boss, we lost a few asTechs in that accident.  Four anchor bolts on the cargo door, improperly installed, appears to be the point of failure," he hisses.  "Totally Boeing Interstellar's fault and their damned shortcuts!"  

Your jaw tightens, "We need a full report on the damage,  Every bolt, every rivet checked!”  

The sad truth is this could have been avoided. Boeing Interstellar's negligence had nearly cost them their lives.
4	Details	Firmly, you say, "We are <i>not</i> a charity. We'll sell the serum for a premium, and what the company does with it will be its own business."

Over the next week, the rest of the crew hears of your decision, and numerous arguments erupt throughout the <i>Argo</i>. Those who personally suffered from Periphery Pox are particularly aghast at your cold decision.

On the planet, news of the serum raises spirits… until your business partner announces the planned <i>cost</i> of the cure. Public opinion soon turns extremely sour. You do get paid quite a bit, though. It'll have to do.
3	Details	"I suppose that was in storage for a reason, so maybe it won't hurt to see if your idea works. Just be careful. It may only be a 20 ton 'Mech, but it is not worthless."

Later that week, [[TGT_MW,{TGT_MW.Callsign}]] catches you in the hall, glowing with excitement.

"I did it, Commander! That locust is a LOT deadlier now. Well, in the hands of a mech that wants to clobber other 'Mechs. I welded the legs together, removed the weapons and other gear and then filled all the empty spaces with scrap metal to bring it back to 20 tons.  I call it the [[DM.BaseDescriptionDefs[BaseDesc_Special_Mace_Locust],Locust Stick]]."
3	Details	"I thought you trusted me, Commander," [[SCN_MW,{SCN_MW.Callsign}]] mutters, visibly sagging, but {SCN_MW.SUBJ} {SCN_MW.Gender?NonBinary:drop|Default:drops} the subject as you instruct Darius to organize the repairs.

Thankfully, while over-priced, the repair crew are expedient and efficient and waste no time in flying up from [[TGT_SYSTEM,{TGT_SYSTEM.Name}]] to begin replacing all the faulty hatch bolts on the <i>Argo</i>. There are no further issues with the <i>Argo</i>, but you notice {SCN_MW.Callsign} lingering in the observation deck for the next couple of weeks, {SCN_MW.DET} gaze fixed on the view of the <i>Argo</i>'s hull. {SCN_MW.DET_C} mind is elsewhere as {SCN_MW.SUBJ} {SCN_MW.Gender?NonBinary:attend|Default:attends} to {SCN_MW.DET} daily tasks.
3	Details	Darius nods and the briefing continues to other topics.

While some of the crew initially expresses discontent, the immediacy of the work at hand soon drowns out any thoughts of surface sports.

Except, that is, for [[TGT_MW,{TGT_MW.Callsign}]] who takes a few more days to shake off the thoughts of what might have been.
3	Details	You have Darius purchase the bolts from [[TGT_SYSTEM,{TGT_SYSTEM.Name}]], which arrive on the next dropship.  You watch from a viewscreen as [[SCN_MW,{SCN_MW.Callsign}]], in EVA suit, struggles with the low gravity and the oxygen hose anchoring {SCN_MW.OBJ} to the <i>Argo</i>. It is painfully obvious the tools feel awkward in {SCN_MW.DET} hands.  You wince as {SCN_MW.Subj} {SCN_MW.Gender?NonBinary:lose|Default:loses} {SCN_MW.DET} grip on the spanner and as it floats away, {SCN_MW.Subj} {SCN_MW.Gender?NonBinary:spill|Default:spills} a number of bolts out into space in the attempt to retreive it.  You motion to Darius to end the repairs before [[SCN_MW,{SCN_MW.Callsign}]] finds a way to float off into space as well.

Later, after you visit {SCN_MW.Callsign} in the MedBay, you receive a hull integrity report from Dr. Murad. "Less than 10% of the bolts were replaced." She sighs. "We will need to be vigilant until we can exact proper replacement of the remaining bolts."
3	Details	"I suppose that was in storage for a reason, so we can afford to lose it if things go wrong. Just be careful. These weapons are meant to destroy 'Mechs, after all."

Later that week, [[TGT_MW,{TGT_MW.Callsign}]] catches you in the hall, but doesn't look you in the eyes.

"Commander, I'm sorry to report that I wasn't able to modify that weapon like I wanted to. And…" {TGT_MW.Subj_C} {TGT_MW.Gender?NonBinary:struggle|Default:struggles} to continue. "I wasn't able to put it back together again. I already told the Chief and he raked me over the coals. No more than I deserve, though."
3	Details	"MechWarriors belong in the 'Mechs. Technicians belong in the Mech Bay. Let the specialists do their jobs."

As [[TGT_MW,{TGT_MW.Callsign}]] starts to get up, you gesture at the pile of scrap on the ground. "And clean up this mess. I don't want the Chief stumbling across your experiment in the morning."
3	Details	……
3	Details	You read through the information on the datapad, "You know what, Darius, let's go ahead and take them up on their offer.  May as well give [[SCN_MW,{SCN_MW.Callsign}]] the same ride they had in training to gain more experience in until we can find a better upgrade."

Daruis takes back the datapad, "I will make the payment now, Commander.  We should have the delivery by the end of the day."
3	Details	[[TGT_MW,{TGT_MW.Callsign}]] shakes {TGT_MW.DET} head. "None of that's true, but if my old commander is gonna rake me through the mud like this, I don't know how I'd prove it to you."

"You prove things by your actions, {TGT_MW.Callsign}," you say.

"Right, Commander."
3	Details	You have Darius purchase the bolts from [[TGT_SYSTEM,{TGT_SYSTEM.Name}]], which arrive on the next dropship.  You watch from a viewscreen as [[SCN_MW,{SCN_MW.Callsign}]], in an EVA suit, floats nimbly across the puckered hull of the DropShip. {SCN_MW.Callsign} deftly replaces the numerous bolts along this section of the <i>Argo</i>.

After a few hours, {SCN_MW.Callsign} is reeled safely back inside the ship to take a break.  At this pace, all of the bolts should be replaced in a couple of weeks.

 On {SCN_MW.Callsign}'s last EVA to replace the remaining bolts, you learn that {SCN_MW.Callsign} was injured when a bolt shot out and punctured their suit.  You visit {SCN_MW.OBJ} in the MedBay. "You did some amazing work out there, {SCN_MW.Callsign}," you say. "Anyone else would have hesitated in a situation like that, fearful that the whole hatch would blow out.  I've already punished the crew responsible for not having that section depressurized in advance of your repair work."

You hand {SCN_MW.Obj} the bolt they removed during surgery, conveniently made into a necklace.
2	Details	You, Dr. Murad, and Sumire settle into the lounge to watch a madcap animated comedy set on a LosTech dropship even bigger than the <i>Argo</i>. The LosTech features heavily in the humorous moments, and each time, Sumire facepalms. "I can't believe they're <i>so stupid</i>. And I'm laughing anyhow!"

Dr. Murad responds, "That's because the characters aren't so bright—except for the mastermind—but the show is very clever. They actually did a lot of research. Isn't it great?"
2	Details	You and Dr. Murad both join Darius in the lounge to watch an animated psychological horror story about a BattleMech with an 'unusual' engine design and its creator's search for the perfect pilot. Darius ventures a single amused remark early in the show when the inventor is monologuing, but the dagger look Dr. Murad turns on him prevents any further commentary. When finally the credits flow across the screen, Darius says, "That was… better than I expected."

Dr. Murad says smugly, "I told you so."
2	Details	The new Holovid chips prove so enjoyable that the crew voluntarily sets up a wait list as an alternative to crowding in front of a tiny barracks viewscreen.

Later in the week, [[SCN_MW,{SCN_MW.Callsign}]] finds you in the mess. "Commander, thanks for all the new Holovids. I really enjoyed watching <i>[[DM.BaseDescriptionDefs[LoreHolovidUnderCover],Under Cover]]</i> again. It's such a fascinating view into the politics of the period. And the fashions, wow!"
2	Details	The new Holovid chips prove so enjoyable that the crew voluntarily sets up a wait list as an alternative to crowding in front of a tiny barracks viewscreen.

Later in the week, [[SCN_MW,{SCN_MW.Callsign}]] finds you in the mess. "Commander, thanks for all the new Holovids. I didn't realize I had missed so many episodes of <i>[[DM.BaseDescriptionDefs[LoreHolovidMercenaries],MERCENARIES!]]</i> They've budgeted more for explosions, I think. There sure are a lot of them!"
2	Details	The new Holovid chips prove so enjoyable that the crew voluntarily sets up a wait list as an alternative to crowding in front of a tiny barracks viewscreen.

Later in the week, [[SCN_MW,{SCN_MW.Callsign}]] finds you in the mess. "Commander, thanks for all the new Holovids. I just can't get enough of <i>[[DM.BaseDescriptionDefs[LoreHolovidMinorMajor],Minor Major]]</i>. I'd swear the writers have a listening device aboard the <i>Argo</i>. It's uncanny!"
2	Details	Darius cracks open a new deck of cards. "Because not everybody here <i>follows the rules</i>." You blink innocently, consider the mental state of your staff, and decide how you want the game to resolve.

Cheating to help Darius win is hardly necessary, but it's a satisfying game-within-a-game, especially when he demands to replay a hand he won. After the game, as he stirs his pile of chips, he says, "I hate it when you screw around with the game."

You stretch and clap him on the back. "Just consider it advanced training in 'keeping your skills sharp.'" You toss your one remaining chip in the air and catch it again. "But Darius… I didn't actually cheat at all tonight. I just made you think I would." And off you stroll, leaving him wondering.
2	Details	"This is just a friendly game," Darius intones as he shuffles the deck. Sumire rolls her eyes as she passes around everybody's drink of choice. He always says that, but it's unclear Darius even knows what a 'friendly game' is.

You banter with your senior staff, making your own game out of trying to lure Darius into joining in. As his cup of [[DM.BaseDescriptionDefs[LorePeatedScotch],peated scotch]] gets refilled, he slowly loosens up. At the end of the night, you give yourself 5 points, but Darius takes everybody's stake.
2	Details	"This is just a friendly game," Darius intones as he shuffles the deck of cards.

Sumire settles behind her [[DM.BaseDescriptionDefs[LoreTimbiquiDark],Timbiqui Dark]]. "We'll just see about that." Darius meets her direct look and smiles.

You glance between Dr. Murad and Yang and note their lack of enthusiasm, then say, "A nice friendly game sounds about right tonight."

"Hah!" says Sumire, but she makes a visible effort to relax. Darius shrugs and follows along. At the end of the evening, Sumire's pile of chips is noticeably larger than everybody else's and she once again says, "Hah!" You start to suspect that maybe she wasn't quite treating the game as casually as everybody else.
2	Details	"This is just a friendly game," Darius intones. He shuffles the deck of cards as Sumire distributes everybody's favorite drink.

Dr. Murad, who attends to socialize rather than play, sets her [[DM.BaseDescriptionDefs[LoreQuillarFizz],Quillar Fizz]] beside her datapad and looks solemnly at Darius. "Is this really going to be friendly?"

"Of course!" says Darius and smiles widely. "You see? I'm smiling. We're all smiling. You can do it too." He nods around at everybody. Yang grins, while Sumire's smile is small and crooked. As a reluctant grin quivers at the corners of Dr. Murad's mouth, you smile as well. The game starts, but play is slow and leisurely, ending long before the gathering breaks up.
2	Details	Yang bends down, loosening the screws on the venting unit in your private quarters. "I've got bad news, Boss." He pries the grate free, coughing because of the floating particles.

"Let me guess…" Darius leans in the doorway. "Killer dust bunnies?"

Yang ignores the XO. "You know the MechTechs are always griping. It's nearly an official pastime in the Mech Bay, but what I'm catching a whiff of sounds like real trouble. They're overworked and underpaid. They want a serious end-of-year bonus. Can't say I blame 'em."

"Aren't we all?" Darius's grin slips as he pulls up the budget on his compad. "They know we gotta keep costs down. How about we replace the 'Techs that are complaining? It's risky, but new expenses are popping up every day. What do you say, Commander?"
2	Details	"This is just a friendly game," Darius intones as he shuffles the deck.

"And thank God for that." Yang clinks his [[DM.BaseDescriptionDefs[LoreAmbergristVermouth],Ambergrist vermouth]] with your cup and looks at his hand. His eyes widen immediately. Ah, poker night.

You keep an eye on your cards but soon you're pulled into a conversation with Yang about the rarity of functional quad 'Mechs. Darius is displeased at how lightly you're taking the game but it's not clear why until Yang notices the pile of chips he'd been absently collecting all night.

"Wow," says Yang. "I guess I got lucky tonight."

Sumire taps her own small stack of chips. "We're all lucky. If Darius had the cards you were just flashing around, we'd owe him our shirts."
2	Details	The confused preacher makes a half-hearted argument about your identity before giving up and moving down the street with his pamphlets.

The rest of the crowd hums for a moment longer, disappointed at the lack of conflict, but then continues with their business in the market.

Darius breathes a sigh of relief. "Commander, we may or may not have made the right decisions about the Volkovites. But they're Lady Liao's problem now, not ours. Best to stay out of this as best we can."
2	Details	The preacher is momentarily taken aback by your admission, and then one of his followers shouts "Murderers!" and levels her rifle.

[[TGT_MW,{TGT_MW.Callsign}]] leaps in the way as a shot rings out, and {TGT_MW.SUBJ} {TGT_MW.Gender?NonBinary:spin|Default:spins} to the ground, clutching {TGT_MW.DET} arm. After that, all hell breaks loose.

By the time the authorities arrive on the scene, you and your team are long gone, nursing your injuries on the shuttle ride back to the <i>Argo</i>.

Darius breathes a sigh of frustration. "Commander, these Volkovites are Lady Liao's problem now, not ours. If we must pick a fight with them, perhaps we should be in our 'Mechs."
2	Details	The preacher seems confused and puts up a raucous insistence as to your identity. Then one of his followers shouts "Murderers!" and levels her rifle.

[[TGT_MW,{TGT_MW.Callsign}]] leaps in the way as a shot rings out, and {TGT_MW.SUBJ} {TGT_MW.Gender?NonBinary:spin|Default:spins} to the ground, clutching {TGT_MW.DET} arm. After that, all hell breaks loose.

By the time the authorities arrive on the scene, you and your team are long gone, nursing your injuries on the shuttle ride back to the <i>Argo</i>.

Darius breathes a sigh of frustration. "Commander, these Volkovites are Lady Liao's problem now, not ours. If we must pick a fight with them, perhaps we should be in our 'Mechs."
2	Details	Darius instructs his staff to convert the Lounge into one massive Holovid theater one night each week.

For the next showing, a random draw from the chip stack schedules an episode of the popular drama series <i>[[DM.BaseDescriptionDefs[LoreHolovidRoughRiders],Rough Riders]]</i>.

[[SCN_MW,{SCN_MW.Callsign}]] and [[TRT_MW,{TRT_MW.Callsign}]] enjoy discussing the inconsistent authenticity of the clothing and set design for the colonial settlements of the time period.
2	Details	You stall for time with the preacher, keeping him confused, yet engaged. Meanwhile, [[TGT_MW,{TGT_MW.Callsign}]] maneuvers through the crowd. One after the other, {TGT_MW.SUBJ} quietly disarms several thugs. The crowd is none the wiser, focused as they are on the preacher's insistence as to your identity.

The rest of the crowd hums for a moment longer, disappointed at the lack of conflict, but then continues with their business in the market.

As you return the shuttle, Darius breathes a sigh of relief. "Commander, we may or may not have made the right decisions about the Volkovites. But they're Lady Liao's problem now, not ours. Best to stay out of this as best we can."
2	Details	You stall for time with the preacher, keeping him confused, yet engaged.  Meanwhile [[TGT_MW,{TGT_MW.Callsign}]] maneuvers through the crowd, approaching from behind the young tough with a rifle.

Just as the rest of the crowd begins to hum with anticipated violence, your MechWarrior punches the thug in the jaw and she drops like a sack of potatoes. After that, all hell breaks loose.

By the time the authorities arrive on the scene, you and your team are long gone, nursing your injuries on the shuttle ride back to the <i>Argo</i>.

Darius breathes a sigh of frustration. "Commander, these Volkovites are Lady Liao's problem now, not ours. If we must pick a fight with them, perhaps we should be in our 'Mechs."
2	Details	The preacher is momentarily taken aback by your admission, but the rest of the crowd begins to hum with anticipated violence.

[[TGT_MW,{TGT_MW.Callsign}]] leaps into the brief pause, punching the preacher in the jaw and the old man drops like a sack of potatoes. After that, all hell breaks loose.

By the time the authorities arrive on the scene, you and your team are long gone, nursing your injuries on the shuttle ride back to the <i>Argo</i>.

Darius breathes a sigh of frustration. "Commander, these Volkovites are Lady Liao's problem now, not ours. If we must pick a fight with them, perhaps we should be in our 'Mechs."
2	Details	Darius instructs his staff to convert the Lounge into one massive Holovid theater one night each week.

For the next showing, a random draw from the chip stack schedules an episode of the popular comedy series <i>[[DM.BaseDescriptionDefs[LoreHolovidMinorMajor],Minor Major]]</i>.

[[SCN_MW,{SCN_MW.Callsign}]] spends the entire episode saying the hammy one-liners one beat before the actors, much to [[TRT_MW,{TRT_MW.Callsign}]]'s frustration.
2	Details	You and Darius have finished networking for new contracts on {TGT_SYSTEM.Name} and find yourself in a bar with [[TGT_MW,{TGT_MW.Callsign}]], who is on shore leave.

Holovid screens dominate every wall showing Solaris VII matches. As the drinks flow, stories turn to the dramatic battle with <i>The Steel Beast</i>. {TGT_MW.Callsign}'s voice is particularly loud at several points.

Heavy footsteps approach and several particularly drunk individuals loom over you. "Hey, you're that mercenary company that took down <i>The Steel Beast</i>, that right?"
2	Details	After setting up the biggest Holovid screen you can find in the mess, you invite the crew of the <i>Argo</i> to join you at a screening of the new episode of the popular drama <i>[[DM.BaseDescriptionDefs[LoreHolovidTheFringers],The Fringers]]</i>.

Almost everybody attends, and as the story concludes, a general contented sigh turns into cheerful chatter as old and new fans discuss the show. After over 150 seasons, there is much to discuss.
2	Details	The new Holovid chips prove so enjoyable that the crew voluntarily sets up a wait list as an alternative to crowding in front of a tiny barracks viewscreen.

Later in the week, [[SCN_MW,{SCN_MW.Callsign}]] finds you in the mess. "Commander, thanks for all the new Holovids. I just love the new episodes of <i>[[DM.BaseDescriptionDefs[LoreHolovidRoughRiders],Rough Riders]]</i>! They really capture life in the Periphery."
2	Details	Darius instructs his staff to convert the Lounge into one massive Holovid theater one night each week.

For the next showing, a random draw from the chip stack schedules an episode of the campy, political thriller <i>[[DM.BaseDescriptionDefs[LoreHolovidUnderCover],Under Cover]]</i>.

[[SCN_MW,{SCN_MW.Callsign}]] and [[TRT_MW,{TRT_MW.Callsign}]] end up getting into a contentious debate on the political history of the period, especially the role of the Territorial States of the Star League.
2	Details	Darius instructs his staff to convert the Lounge into one massive Holovid theater one night each week.

For the next showing, a random draw from the chip stack schedules an episode of the popular action series <i>[[DM.BaseDescriptionDefs[LoreHolovidMercenaries],MERCENARIES!]]</i>

[[SCN_MW,{SCN_MW.Callsign}]] and [[TRT_MW,{TRT_MW.Callsign}]] arrive early for the best seats and spend the entire episode hooting and hollering at every explosion.
2	Details	After setting up the biggest Holovid screen you can find in the mess, you invite the crew of the <i>Argo</i> to join you at a screening of the new episode of <i>[[DM.BaseDescriptionDefs[LoreHolovidTheFringers],The Fringers]]</i>." Given the show's popularity, almost everyone attends.

Unfortunately, [[SCN_MW,{SCN_MW.Callsign}]] constantly interrupts, shouting at the screen and arguing with others about everything the creators did wrong ever since the 128th season. You barely get {SCN_MW.OBJ} out of the mess before a fight breaks out.
2	Details	"I suppose that was in storage for a reason, so we can afford to lose it if things go wrong. Just be careful. These weapons are meant to destroy 'Mechs, after all."

Later that week, [[TGT_MW,{TGT_MW.Callsign}]] catches you in the hall with an update.

"Commander, I'm sorry to report that I wasn't able to modify that weapon like I wanted to. But I was able to put it back together again just the way it was before. Double and triple-checked it, just to be sure."
2	Details	You are in the cargo bay surveying the aftermath of the door failure earlier when Darius and Dr. Murad approach you, "Commander, here is the safety audit report you ordered on the <i>Argo</i>."

You take the datapad from Darius and scan the data.  Your brow furrows as you hand it back to him, "You mean to tell me this ship is riddled with potentially faulty bolts that could fail at any moment?"

  Dr. Murad clears her throat, "Commander, do keep in mind that the <i>Argo</i> was built in 2762.  There are a <i>lot</i> of parts of her that are ancient by all counts."

At that moment, Yang wanders over, "Don't go giving me that bullshit story.  This ship has been refurbished so many times it's ridiculous.  Bottom line is <i>Boeing Interstellar</i> cut corners and we're losing key personnel cause of it!"

You rub your temples to try and ward off the pending headache, "Okay, enough.  Darius, what is it going to take to prevent this from happening again?"

Darius reads from his datapad, "Well Commander, we have the following options:

<color=#ffa200><i>Purchase replacement bolts and manually do the job ourselves.  [[SCN_MW,{SCN_MW.Callsign}]] has mentioned being willing to assist with external repair work;</color>

<color=#2b93b1>Hire a repair crew from [[TGT_SYSTEM,{TGT_SYSTEM.Name}]] to expedite the repairs professionally;</color>

<color=#a4a4a4>or do nothing and revisit this later hoping it doesn't happen again in the mean time.</color></i>

What do you wish to do, Commander?"
2	Details	"I could've handled it," [[SCN_MW,{SCN_MW.Callsign}]] argues for a moment, but your withering stare gives {SCN_MW.Obj} pause and {SCN_MW.SUBJ} quickly {SCN_MW.Gender?NonBinary:drop|Default:drops} the subject.

You turn back to Darius, "Let's get a repair crew up here to take care of this."

Later that day, Darius knocks on your office door, "Commander, bad news.  I was unable to locate any companies on [[TGT_SYSTEM,{TGT_SYSTEM.Name}]] that have the equipment and personnel to replace the failing door bolts.  We are going to need to find a system that has it's own manufacturing industry or come up with another way of fixing the issue."

You rub your face in your hands before responding to Darius, "Okay.  Let's look for a nearby system that can assist us and hope we do not have another accident before then."
2	Details	Before heading to the planet's surface, [[TGT_MW,{TGT_MW.Callsign}]] spends hour after hour in the <i>Argo</i>'s Low-G pool, practicing elaborate tucks and somersaults.

A week later, you find {TGT_MW.Callsign} in the mess hall, regaling listeners with tales of derring-do. The crew who attended put in their own color commentary.

"Commander, thanks for letting me compete. I didn't win, but the locals were impressed with my technique. I managed to keep up with them for a while, but the highest tiers on the cliff? It's a long way down to the water. Getting shot at by PPCs is probably safer."
2	Details	Before heading out, [[TGT_MW,{TGT_MW.Callsign}]] spends time in the <i>Argo</i>'s Low-G pool, practicing elaborate tucks and somersaults.

A week later, you find {TGT_MW.Callsign} in the mess hall, regaling listeners with tales of derring-do, aided by details from the cheering squad.

"Commander, thanks for letting me participate in the cliff-diving competition. I did well, but the locals' encouragement kind of went to my head." {TGT_MW.Subj} {TGT_MW.Gender?NonBinary:say|Default:says}, holding up the broken limb.

"The highest tiers of the cliff got me. It was a long way down to very hard water! Getting shot at by PPCs is probably safer."
2	Details	Over the next several days, everyone helps move all the Mech Bay supplies to other parts of the Leopard.

As a result, emotions get heated over the following week. [[SCN_MW,{SCN_MW.Callsign}]] gets particularly upset when {SCN_MW.SUBJ} {SCN_MW.Gender?NonBinary:trip|Default:trips} over an unexpected box of tools.

Before long, however, Yang and his technicians reclaim their supplies. His mood, at least, is much sunnier than everyone else's. When you arrive in the Mech Bay, he's practically glowing, and you can see why. The Mech Bay has never been better organized.
2	Details	"MechWarriors belong in the 'Mechs. Technicians belong in the Mech Bay. But you seem pretty knowledgeable about these things, and you've already gutted the weapon. Explain to Yang what you were going for, and maybe he can finish what you started."

Later that week, you catch [[TGT_MW,{TGT_MW.Callsign}]] in the hall.

"Chief Virtanen wanted me to pass along the news. He investigated your suggestions, but they didn't lead anywhere productive."

{TGT_MW.Callsign} stares at the floor, crestfallen. "Damn, I thought for sure that would work. Thanks for asking the Chief to give it a try, though. I guess I'd better stick to what I do best: shooting the weapons instead of trying to modify them."
2	Details	You give Darius a knowing look and turn to confront [[TGT_MW,{TGT_MW.Callsign}]].

"You think you're clever, but this kind of thing is only going to backfire in the end."

As you lay into the MechWarrior, Darius sets about scrubbing the wall until the chart is just a smear of chalk.

{TGT_MW.Callsign} opens {TGT_MW.DET} mouth, but wisely shuts it immediately. It remains to be seen whether the loss of their betting pool will turn morale around, or just make it worse.
2	Details	You are in the cargo bay surveying the aftermath of yet another door failure when Darius approaches, "Commander, here is the safety audit report you ordered on the <i>Argo</i>."

You take the datapad from Darius and scan the data.  You let out a long exhale, "This is not good, Darius.  We need to get those bolts all replaced or one of these times the whole bloody <i>Argo</i> is going to decompress."

  Yang wanders over at the moment, "Boss, we need to hold <i>Boeing Interstellar</i> accountable for this!"

You push through your pounding headache, "Yang, I get it.  It is just not that easy to take a ship that is centuries old and hold its manufacturer liable.  Darius, remind me again what it is going to take to fix this mess."

Darius reads from his datapad, "Well Commander, as before, our options are:

<color=#ffa200><i>Purchase replacement bolts and manually do the job ourselves.  [[SCN_MW,{SCN_MW.Callsign}]] has mentioned being willing to assist with external repair work;</color>

<color=#2b93b1>Hire a repair crew from [[TGT_SYSTEM,{TGT_SYSTEM.Name}]] to expedite the repairs professionally;</color>

<color=#a4a4a4>or do nothing and revisit this later hoping it doesn't happen again in the mean time.</color></i>

What do you wish to do, Commander?"
2	Details	Much to Darius' surprise, you turn to the chart and start discussing the odds that [[TGT_MW,{TGT_MW.Callsign}]] has assigned to the various MechWarriors.

"The tricky part, Commander, was trying to find a sort of baseline for the math. We finally settled on what I call the 'Dekker Value'. I think it's a solid foundation".

Darius throws up his hands and walks off in a huff. As he leaves, you can't help but wonder if this betting pool has been helping to relieve the pressure, or if it will just cause more problems in the end.
2	Details	You look at [[TGT_MW,{TGT_MW.Callsign}]]. "What’s in this pod? "Magpie frowns and leans over to check the sensor readings. "Honestly Commander, your guess is as good as mine. I never asked what my clients were hiding away and I don't plan on asking now."

 Darius starts to frown and starts paging through the sensors readings. "I’m not sure what to make of it Commander. Sensors are picking up what could be an inactive Fusion Core. The pod doesn't look dangerous but I'd recommend opening it outside. Just in case anything happens."

Magpie nods in agreement. "It's probably the safest course of action. My client liked to hide stuff in the middle of nowhere for good reason. It's probably safe, but I wouldn't want to bet on it."

The Argo backs off and Magpie approaches the pod in an EVA suit.
2	Details	You join Yang and Darius in the lounge to watch a new drama set during the Second Succession War. The hero is a young, idealistic Davion struggling against far greater forces.

Darius is amused by how often the boy makes emotional speeches, while Yang provides commentary on the Holovid's special effects: "That's so obviously fake! A Shadow Hawk wouldn't fall over like that! The hip actuators are all wrong—blowing them out would make it stagger to the side."

"You know, you don't have to watch this." Darius says.

"What? But I'm having so much fun!"
2	Details	"I could've handled it," [[SCN_MW,{SCN_MW.Callsign}]] argues for a moment, but your withering stare gives {SCN_MW.Obj} pause and {SCN_MW.SUBJ} quickly {SCN_MW.Gender?NonBinary:drop|Default:drops} the subject.

You turn back to Darius, "Let's get a repair crew up here to take care of this."

Later that day, Darius knocks on your office door, "Commander, bad news.  I was unable to locate any companies on [[TGT_SYSTEM,{TGT_SYSTEM.Name}]] that have the equipment and personel to replace the failing door bolts.  We are going to need to find a system that has it's own manufacturing industy or come up with another way of fixing the issue."

You rub your face in your hands before responding to Darius, "Okay.  Let's look for a nearby system that can assist us and hope we do not have another accident before then."
2	Details	The crew is bubbling with enthusiasm about a local cliff-diving competition.

In the morning briefing, Darius says, "[[TGT_MW,{TGT_MW.Callsign}]] has requested permission to compete. Given the general interest, I'd like you to make the call."

Sumire says, "Let {TGT_MW.Obj} go. It'll be entertaining."

Yang adds, "You could send us—them—all. To cheer {TGT_MW.Callsign} on. It'd be a bonding experience."
2	Details	[[TGT_MW,{TGT_MW.Callsign}]] returns to the <i>Argo</i> later that week. You see {TGT_MW.Obj} in the mess hall, head hung low over a plate of barely touched food.

"Commander, thanks for letting me participate in the cliff-diving competition," {TGT_MW.Subj} {TGT_MW.Gender?NonBinary:say|Default:says}. "It didn't go… quite like I hoped. Those locals, wow, they have NO fear. I dove fine off the first couple tiers, but after that, well, it's a long way down to the water."
2	Details	[[TGT_MW,{TGT_MW.Callsign}]] returns to the <i>Argo</i> later that week. You see {TGT_MW.Obj} in the mess hall, regaling listeners with tales of derring-do.

"Commander, thanks for letting me participate in the cliff-diving competition!" {TGT_MW.Subj} {TGT_MW.Gender?NonBinary:say|Default:says} enthusiastically. "I didn't win, but I feel like I did pretty well. Those locals, wow, they have NO fear. I managed to keep up with them for a while, but the highest tiers on the cliff? It's a long way down to the water. Getting shot at by PPCs is probably safer."
2	Details	You clap Yang on the back, "That sounds great, Chief. There's certainly enough work to justify it. Maybe we could also look at some additional refits. In fact…" You consider company finances. "I'll approve an extra ¢100,000 for overtime and extra materials."

Yang's grin gets even wider. "Now that's what I like to hear, Commander! I can think of more than a few modifications I've been itching to do. Let's queue those up and really get this place hopping!"
2	Details	"What can we expect?" you ask.

Darius smiles thinly. "Since we can provide immediate fulfillment, we should do pretty well. I can't really give you a final amount until I close the deal, though."

You grin back, thinking of your XO's abilities. "The crew will hate it, but with you negotiating… Well, I know you can squeeze gold out of a lemon. Make a push for as much as you can and maybe we can purchase better rations until the next harvest."
2	Details	Later in the week, Darius provides an update. "I did some bargaining with some, ah, unlicensed medical distributors. The selection was a bit random, but they had lots of it."

He hesitates. "One small note, though. I swear I didn't find out about this until <i>after</i> the deal was done…"

Sumire interrupts. "Yeah, I saw this on the planetary news feed. A humanitarian crisis has been unfolding and an entire shipment of medical supplies went missing. It sounds just like what we bought."

Darius looks pained. "What's done is done. But yes, I think word got out to the crew. We'll see how they take it."
2	Details	[[TGT_MW,{TGT_MW.Callsign}]] returns to the <i>Argo</i> later that week. You find {TGT_MW.Obj} in the mess hall, one arm in a cast, regaling listeners with tales of derring-do.

"Commander, thanks for letting me participate in the cliff-diving competition, but I, uh, may have over-reached a little bit," {TGT_MW.Subj} {TGT_MW.Gender?NonBinary:say|Default:says}, holding up the broken limb.

"Those locals, wow, they have NO fear. From the highest tiers on the cliff, it's a long way down to the water. Surprisingly hard water. Getting shot at by PPCs is probably safer."
2	Details	Later that week, you spot [[TGT_MW,{TGT_MW.Callsign}]] in the mess hall, one arm in a cast, regaling listeners with tales of derring-do. The crew who attended are adding their own color commentary.

"Commander, thanks for letting me participate in the cliff-diving competition, but I, uh, may have over-reached a little bit," {TGT_MW.Subj} {TGT_MW.Gender?NonBinary:say|Default:says}, holding up the broken limb.

"Those locals, wow, they have NO fear. From the highest tiers on the cliff, it's a long way down to the water. Surprisingly hard water. Getting shot at by PPCs is probably safer."
2	Details	You rest a hand on [[TGT_MW,{TGT_MW.Callsign}]] shoulder. "You did the right thing telling us. Darius and I may just take this stranger up on his offer."

{TGT_MW.DET_C} brow furrows, confused. Darius laughs. "Don't worry. We'll tell you exactly what to say, and you'll work with Sumire to send the messages. All above board. You go on and join the others."

After {TGT_MW.SUBJ} {TGT_MW.Gender?NonBinary:leave|Default:leaves}, Darius muses. "Honestly, I like that we've rattled a few cages here in {TGT_SYSTEM.Name}. But you know what I like even better? The idea of messing with these jokers. Think we can make a few C-Bills on the side with a disinformation campaign?"

You give a nod to Darius. "I was thinking the same thing. Make it happen."
2	Details	"Understood Mr. Hatcher.  Would you be willing to wait whilst we take a few local contracts to drum up enough to pay for your services?"

Mr. Hatcher smiles warmly, "Absolutely, Commander {COMMANDER.LastName}.  I've locked your quote into our system.  Talk to you soon!"

The holoscreen winks out.  Now you need to earn ¢5,000,000 to cover the cost of repairs.
2	Details	You and Darius have finished networking for new contracts on {TGT_SYSTEM.Name} and are walking through a farmer's market with [[TGT_MW,{TGT_MW.Callsign}]], who is on shore leave.

A street preacher suddenly appears at your elbow. "Have you heard the good word of the Volkovites?" He presses a pamphlet into your hands, emblazoned with a stylized "V".

The preacher studies the insignia on your gear. "You! You were there when the Capellan storm troopers descended on the great martyrs."

Looking around, you see the same stylized "V" on numerous necklaces, patches and even etched into a young woman's rifle butt. The crowd has grown quietly attentive.
2	Details	[[TGT_MW,{TGT_MW.Callsign}]] returns to the <i>Argo</i> later that week. You find {TGT_MW.Obj} in the mess hall, head hung low over a plate of barely touched food. The crew who also attended the competition are trying to cheer {TGT_MW.Obj} up.

"Commander, thanks for letting me participate in the cliff-diving competition," {TGT_MW.Subj} {TGT_MW.Gender?NonBinary:say|Default:says}. "It didn't go… quite like I hoped. Those locals, wow, they have NO fear. I dove fine off the first couple tiers, but after that, well, it's a long way down to the water."
2	Details	[[TGT_MW,{TGT_MW.Callsign}]] returns to the <i>Argo</i> later that week. You find {TGT_MW.Obj} in the mess hall, regaling listeners with tales of derring-do. The crew who also attended are adding their own color commentary.

"Commander, thanks for letting me participate in the cliff-diving competition!" {TGT_MW.Subj} {TGT_MW.Gender?NonBinary:say|Default:says} enthusiastically. "I didn't win, but I certainly made a good showing for myself. Those locals, wow, they have NO fear. I managed to keep up with them for a while, but the highest tiers on the cliff? It's a long way down to the water. Getting shot at by PPCs is probably safer."
2	Details	"Unbelievable... well, if [[SCN_MW,{SCN_MW.Callsign}]] can be that cavalier it's probably for the best for us.  There isn't much in their file about last wishes, so jettison the casket on a solar intercept trajectory," you instruct Darius.

Darius turns to leave, "Understood, Commander."
2	Details	You look your former opponent in the eyes, "You fought valiantly, and I now claim you as my [[DM.BaseDescriptionDefs[LoreBondsman],bondsman]].  You will wear this [[DM.BaseDescriptionDefs[LoreBondcord],bondcord]] until you have sufficently demonstrated all three virtues: combat talent, integrity and loyalty."

As you reach forward to place the [[DM.BaseDescriptionDefs[LoreBondcord],bondcord]] on the MechWarrior's wrist, they pull their arm behind them, "My honour will not allow me to become a [[DM.BaseDescriptionDefs[LoreBondsman],bondsman]].  I claim my right of refusal."

You nod assent, "As you wish, MechWarrior."

You feel saddened at the loss of a potentially great pilot.
2	Details	"I'll make a holovid to send to {SCN_MW.Det} family.  Organise the casket to be transferred to the star system on record for next of kin," you instruct Darius.

Darius turns to leave, "Understood, Commander."
2	Details	"[[SCN_MW,{SCN_MW.Callsign}]] was born in space and {SCN_MW.Det} file requests a Spacer's Burial if possible, so that's what we'll do.  Organise the ceremony in MechBay 1 and ask all crew to attend.  I'll send a holovid to {SCN_MW.Det} next of kin," you instruct Darius.

Darius turns to leave, "Understood, Commander."
2	Details	You place a tick next to [[TRT_MW,{TRT_MW.Callsign}]]'s name on the datapad and scribble your signature.  Handing the pad to Darius as you stand up, "Ok, lets get [[TRT_MW,{TRT_MW.Callsign}]] to the MedBay and confirm {TRT_MW.SUBJ} {TRT_MW.Gender?NonBinary:still want|Default:still wants} to do this.

Darius jumps up and heads off to the barracks as you proceed to the MedBay to speak to the <i>Argo's</i> surgeon.

You arrive to find the surgeon inspecting the Neural Implant matrix.  They look up when you arrive, "Hello, Commander.  [[TRT_MW,{TRT_MW.Callsign}]] is being prepped for surgery as we speak."

You nod, "You feel comfortable performing this procedure?"

The surgeon nods back, "I do Commander.  I have done similar types of surgeries in my past before I hired on with your company."

You turn to exit the room, "Very well, let me know how the procedure goes."

<color=#33bbee>::::::::::::::::::::::::::::::::::::::::::::::::::</color>

Hours later, Darius finds you in the lounge, "Boss, umm, well, we lost  [[TRT_MW,{TRT_MW.Callsign}]].

You lean forward in your chair, head in hands, staring at the floor, "How? What happened."

Darius's shoulders slump, "Apparently [[TRT_MW,{TRT_MW.Callsign}]] had a reaction to the implants.  The doc said..."

You look up, anger on your face, "What the hell?!  I thought they did a full medical workup on [[TRT_MW,{TRT_MW.Callsign}]]?"

Darius sits down, "They did.  But [[TRT_MW,{TRT_MW.Callsign}]]'s condition was one that in 99% of these types of surgeries is never an issue.  This time, it was."

You fall back into the chair and down the whiskey in your glass, "Drop off the reports to my office and I will get them signed off and filed and notify [[TRT_MW,{TRT_MW.Callsign}]]'s kin."
2	Details	You look over the names and records of the three volunteers.  You thumb back through their files numerous times, before letting out a long sigh and closed the datapad.

You hand the pad back to Darius, "Thanks Darius, but I do not think any of those three pilots understand the risks involved here.  See if there are any other volunteers.  We do not need to rush into this blindly."

Darius takes the datapad, "As you wish, Commander.  The clinic also states the applicants must wait 90 days to be reassessed should you change your mind later."

<color=#E62E00>The following pilots are not eligible again for 90 days: 
[[TGT_MW,{TGT_MW.Callsign}]]
[[SCN_MW,{SCN_MW.Callsign}]]
[[TRT_MW,{TRT_MW.Callsign}]]
</color>
2	Details	"MechWarrior, what's clear to me is that you are wound <i>way</i> too tight right now. You get in a 'Mech like that and you're going to be all up in your head. You need to be in the moment, feeling the ebb and flow of the battlefield. Acting, not thinking."

[[TGT_MW,{TGT_MW.Callsign}]] looks confused as to what to do with that information, casting an eye around the room as if a book will teach {TGT_MW.Obj} this concept.

Sighing, you pull the MechWarrior to {TGT_MW.Det} feet. "Let's go to the Lounge. I clearly need to get you a drink. You'll get your chance to die on the battlefield soon enough, but for now? Now, we <i>live</i>."
2	Details	The Trial is over and you have proven yourself in the ways of the clans.

Darius approaches, "Commander, do you wish to enact your rights to claim your opponent as a [[DM.BaseDescriptionDefs[LoreBondsman],bondsman]]?"
2	Details	You place a tick next to [[TGT_MW,{TGT_MW.Callsign}]]'s name on the datapad and scribble your signature.  Handing the pad to Darius as you stand up, "Ok, lets get [[TGT_MW,{TGT_MW.Callsign}]] to the MedBay and confirm {TGT_MW.SUBJ} {TGT_MW.Gender?NonBinary:still want|Default:still wants} to do this.

Darius jumps up and heads off to the barracks as you proceed to the MedBay to speak to the <i>Argo's</i> surgeon.

You arrive to find the surgeon inspecting the Neural Implant matrix.  They look up when you arrive, "Hello, Commander.  [[TGT_MW,{TGT_MW.Callsign}]] is being prepped for surgery as we speak."

You nod, "You feel comfortable performing this procedure?"

The surgeon nods back, "I do Commander.  I have done similar types of surgeries in my past before I hired on with your company."

You turn to exit the room, "Very well, let me know how the procedure goes."

<color=#33bbee>::::::::::::::::::::::::::::::::::::::::::::::::::</color>

Hours later, Darius finds you in the lounge, "Boss, umm, well, we lost  [[TGT_MW,{TGT_MW.Callsign}]].

You lean forward in your chair, head in hands, staring at the floor, "How? What happened."

Darius's shoulders slump, "Apparently [[TGT_MW,{TGT_MW.Callsign}]] had a reaction to the implants.  The doc said..."

You look up, anger on your face, "What the hell?!  I thought they did a full medical workup on [[TGT_MW,{TGT_MW.Callsign}]]?"

Darius sits down, "They did.  But [[TGT_MW,{TGT_MW.Callsign}]]'s condition was one that in 99% of these types of surgeries is never an issue.  This time, it was."

You fall back into the chair and down the whiskey in your glass, "Drop off the reports to my office and I will get them signed off and filed and notify [[TGT_MW,{TGT_MW.Callsign}]]'s kin."
2	Details	"{SCN_MW.FirstName}... come with me." Such familiarity from {SCN_MW.DET} commanding officer brings {SCN_MW.OBJ} up short. {SCN_MW.SUBJ_C} {TGT_MW.Gender?NonBinary:follow|Default:follows} you into the hall.

"You clearly didn’t know that {TGT_MW.Callsign} took the battle with Gwydion company so personally. But you need to keep in mind just how small the Periphery can be. Every Noble House is represented on the <i>Argo</i>, and no small number of individual systems."

{SCN_MW.Callsign} defiantly looks you in the eye. "Commander, I get it, I really do. But when I joined this company, I left all that behind. Every contract we take might be attacking someone's cousin. If I let that into my head, I'd be afraid of pulling the trigger out on the battlefield. Do you want me to follow orders, or not?"

Not waiting for an answer, {SCN_MW.SUBJ} {SCN_MW.Gender?NonBinary:turn|Default:turns} on {SCN_MW.DET} heel and strides away.
2	Details	You place a tick next to [[SCN_MW,{SCN_MW.Callsign}]]'s name on the datapad and scribble your signature.  Handing the pad to Darius as you stand up, "Ok, lets get [[SCN_MW,{SCN_MW.Callsign}]] to the MedBay and confirm {SCN_MW.SUBJ} {SCN_MW.Gender?NonBinary:still want|Default:still wants} to do this.

Darius jumps up and heads off to the barracks as you proceed to the MedBay to speak to the <i>Argo's</i> surgeon.

You arrive to find the surgeon inspecting the Neural Implant matrix.  They look up when you arrive, "Hello, Commander.  [[SCN_MW,{SCN_MW.Callsign}]] is being prepped for surgery as we speak."

You nod, "You feel comfortable performing this procedure?"

The surgeon nods back, "I do Commander.  I have done similar types of surgeries in my past before I hired on with your company."

You turn to exit the room, "Very well, let me know how the procedure goes."

<color=#33bbee>::::::::::::::::::::::::::::::::::::::::::::::::::</color>

Hours later, Darius finds you in the lounge, "Boss, umm, well, we lost  [[SCN_MW,{SCN_MW.Callsign}]].

You lean forward in your chair, head in hands, staring at the floor, "How? What happened."

Darius's shoulders slump, "Apparently [[SCN_MW,{SCN_MW.Callsign}]] had a reaction to the implants.  The doc said..."

You look up, anger on your face, "What the hell?!  I thought they did a full medical workup on [[SCN_MW,{SCN_MW.Callsign}]]?"

Darius sits down, "They did.  But [[SCN_MW,{SCN_MW.Callsign}]]'s condition was one that in 99% of these types of surgeries is never an issue.  This time, it was."

You fall back into the chair and down the whiskey in your glass, "Drop off the reports to my office and I will get them signed off and filed and notify [[SCN_MW,{SCN_MW.Callsign}]]'s kin."
2	Details	Leaning back in your chair, you look up at the drunks nonchalantly. "No, you've got the wrong guys. We saw the same match you did on the Ironwood channel. Holovid quality so high, it was like you were there."

One of the fans starts ranting. "Why'd they have to kill him, though? I heard it was because of that Steiner brat."

Her friend steps forward, fist clenched. "Yeah, Arjun had been bad-mouthing <i>The Beast</i> for weeks. He couldn't let him live after that!"

After not being able to get a rise out of your crew, they depart. [[TGT_MW,{TGT_MW.Callsign}]] relaxes. "Good call to play it cool, Commander. I think those fans were itching for a fight."
2	Details	While browsing in the <i>Argo</i>'s library, you find [[TGT_MW,{TGT_MW.Callsign}]] with a pile of printed materials, Holovid chips, and datapads.

"Commander, I'm… well, I'm a bit lost, actually. I have been here a while, and I'd like to make improvements on the battlefield." {TGT_MW.SUBJ_C} {TGT_MW.Gender?NonBinary:gesture|Default:gestures} at the pile.

"Maybe if I could do more than just pull the trigger on my LRM, I might get more kills. I, uh…" {TGT_MW.SUBJ} {TGT_MW.Gender?NonBinary:hesitate|Default:hesitates}. "My folks depend on the money I send them, and I know I can do better and possibly get a raise if I become more efficient in battle. What do <i>you</i> think I should study?"
1	Details	"Your artistic skills are something else, [[TGT_MW,{TGT_MW.Callsign}]], but the rules are the rules. Clean up your mess and we'll forget this ever happened." You put a conciliatory hand on {TGT_MW.DET} shoulder.

{TGT_MW.Callsign} taps on {TGT_MW.DET} temple. "Those rippling biceps will always live on in my head."

Darius sighs. "And mine, too, unfortunately."

"Mission accomplished. If you ever want a private commission, just let me know, XO." {TGT_MW.Callsign} whistles cheerfully as {TGT_MW.SUBJ} {TGT_MW.Gender?NonBinary:stride|Default:strides} away.
1	Details	You stand next to Darius, fixing [[TGT_MW,{TGT_MW.Callsign}]] with a firm gaze."This ends now. No more games. The XO gave you an order, MechWarrior."

"Yeah, yeah." {TGT_MW.Callsign} groans and slides out of {TGT_MW.DET} bunk. "I'm up."

"Good." You cross your arms, circling {TGT_MW.Callsign}. "If you shape up, I think you'll find Darius far more accommodating." You leave Darius to handle the rest of {TGT_MW.DET} discipline.

Later that day, Darius reports in. "{TGT_MW.Callsign} decided that garbage detail was beneath a 'Thrashageddon semifinalist' whatever that means. So, I've put {TGT_MW.OBJ} on latrine duty for the next two weeks. I'll stay on {TGT_MW.OBJ} until they shape up, but it's an uphill battle."
1	Details	Later in the week, Darius delivers an update on the situation.

While confining [[TGT_MW,{TGT_MW.Callsign}]] to the barracks has kept {TGT_MW.OBJ} out of the hair of the senior staff, it's done nothing to endear {TGT_MW.OBJ} to {TGT_MW.DET} fellow MechWarriors.

"Yesterday, there was an… incident. Unfortunately, by the time I arrived, things had already gotten out of hand. {TGT_MW.CALLSIGN} is laid up in the MedBay, and I assigned [[SCN_MW,{SCN_MW.CALLSIGN}]] to kitchen duty for the next week. I think that diffused the situation. For now."
1	Details	"Your <i>style</i> is undeniable, but you need to clean this up, [[TGT_MW,{TGT_MW.Callsign}]]. If I let this slide, who knows what artwork will end up on the bulkheads. It might not be quite so <i>flattering</i>."

"What's that have to do with <i>me</i>?" {TGT_MW.Callsign} narrows {TGT_MW.DET} eyes.

You shake your head. "I don't pay you to question my decisions. My ship, my rules."

As you enter the Command Center the next day, the XO's airbrushed visage greets you on a dozen screens. Dr. Murad cover her mouth with a hand, while Sumire laughs uproariously. Doubled-over, Yang wipes a tear from the corner of his eye.

Red-faced, the XO wrestles the controls, trying to remove the images "{TGT_MW.Callsign} is going to be <i>very</i> busy polishing <i>every</i> bulkhead in the <i>Argo</i> after this stunt."

You crack a grin. "I'm sure you'll handle discipline in a balanced manner, XO."
1	Details	Later in the week, Darius delivers an update on the situation.

While confining [[TGT_MW,{TGT_MW.Callsign}]] to the barracks has kept {TGT_MW.OBJ} out of the hair of the senior staff, it's done nothing to endear {TGT_MW.OBJ} to {TGT_MW.DET} fellow MechWarriors.

"Yesterday, there was an… incident. Fortunately, I was nearby to intervene before things got out of hand. I had to assign [[SCN_MW,{SCN_MW.CALLSIGN}]] to kitchen duty for a few days. I think that diffused the situation. For now."
1	Details	The rest of the room sits in stunned silence before voicing half-hearted protestations. Only Darius nods, accepting that your decision is final.

That evening, [[TGT_MW,{TGT_MW.Callsign}]] arrives in your office. "The XO said you wanted to see me?" As {TGT_MW.Subj} {TGT_MW.Gender?NonBinary:enter|Default:enters} the room, a bulb overhead flutters and winks out. {TGT_MW.Subj_C} {TGT_MW.Gender?NonBinary:cringe|Default:cringes}.

You say, "While I don't personally believe in jinxes, I have to be sensitive to the beliefs of my crew. Frightened spacers make mistakes, and mistakes on a DropShip can get people killed." You let out a sigh. "…And so, {TGT_MW.Callsign}, I'm afraid that I'm going to have to let you go. The XO will make arrangements for you, and the company will cover the rest of your month's pay. Best of luck in your future endeavors."
1	Details	Later in the week, Darius delivers an update on the situation.

While relocating [[TGT_MW,{TGT_MW.Callsign}]] to the undeveloped Gamma pod has kept {TGT_MW.OBJ} out of the hair of the senior staff and {TGT_MW.DET} fellow MechWarriors, it's been hard on the lonely MechWarrior.

"Commander, I don't know how much more {TGT_MW.SUBJ} can take. But Dr. Murad and I have been monitoring things and the strange electrical behavior in that part of the ship has subsided in the past 24 hours. I suggest we keep an eye on things, and let {TGT_MW.CALLSIGN} move back to quarters in a week or two."
1	Details	Even before you arrive at the morning briefing, you can hear Dr. Murad's raised voice. "…So I told [[TGT_MW,{TGT_MW.Callsign}]] to leave engineering at once!"

Yang grimaces. "Yeah, and then {TGT_MW.Subj} showed up in the Mech Bay. It took a whole two minutes for one of my winches to fail."

Sumire rolls her eyes. "Well, don't send {TGT_MW.Obj} to the bridge, Chief. You want the comms to short out again?"

Finally, Darius notices you standing in the doorway and explains. "Commander, we have to do something about {TGT_MW.Callsign}. {TGT_MW.Subj_C}{TGT_MW.Gender?NonBinary:'re|Default:'s} a jinx."
1	Details	You rub your chin, smiling. "MechWarrior, you've got talent, so I'll make you a deal. Clean this up and you can keep working out of an unused cargo hold."

 [[TGT_MW,{TGT_MW.Callsign}]]'s face lights up in surprise. "Really? I've got a new piece I've been working on. I call it 'Mega Yang.'"

"Then hop to it," you say. "Let's put a grand opening together."

In a couple days, the crew gathers in the makeshift gallery for the reveal. Painted across the bulkheads, Yang leaps wildly, encased in blue armor. His cybernetic arm is transformed into autocannon, blasting an unseen foe.

While the crew excitedly crowds around {TGT_MW.OBJ}, Darius sidles up next you. "I hate to say it, but I kind of wish we'd kept my mural." He crosses his arms and you realize the XO is wearing a sleeveless vest for the first time.

You raise an eyebrow. "Oh, yeah?" 

He scowls. "What? It's warm in here."
1	Details	"I'm afraid not, [[TGT_MW,{TGT_MW.Callsign}]]. Darius has a full schedule for me today. I'll need to take a rain check."

{TGT_MW.Subj_C} {TGT_MW.Gender?NonBinary:look|Default:looks} disappointed, "No worries, Commander. Next time."

Later, after you've finished your workout, you pass by the game and catch the final few minutes. Seeing the caliber of play on display… it's a toss-up as to how the game would have turned out.
1	Details	As you're working out on a machine in the <i>Argo</i>'s gym, a small group of MechWarriors clears equipment out of the way and starts setting up a makeshift basketball court. A ventilation seal ring apparently makes a fine hoop.

[[TGT_MW,{TGT_MW.Callsign}]] and [[TRT_MW,{TRT_MW.Callsign}]] approach you. "Are you going to play this time, Commander? Two on two. You can be with [[SCN_MW,{SCN_MW.Callsign}]]" The other MechWarriors cheer enthusiastically.
1	Details	You point a finger at the MechWarrior. "Darius gave you an order. Now I could throw you off this boat for insubordination, but you've got a future here. So, here's the deal. You pledge to fall in line and we'll call you whatever you want—The Iron Mandible, Thunder Pants, your choice."

{TGT_MW.SUBJ_C} {TGT_MW.Gender?NonBinary:slide|Default:slides} out of {TGT_MW.DET} bunk. "Alright, Commander. I'll be a model MechWarrior. Though I think I'll pass on Thunder Pants. I earned the name The Iron Mandible with sweat and steel and I'll do it again."

"I have no doubts." You dismiss the XO and {TGT_MW.Callsign}.

Later that day, Darius calls you over the comms. "Good news, Commander. Our [[DM.BaseDescriptionDefs[LoreSolaris7],Solaris]] star has been working like a dog all day. Let's throw {TGT_MW.OBJ} a bone. [[TGT_MW,{TGT_MW.Callsign}]] it is. The <i>Argo's</i> champ."
1	Details	Your team wins the toss, but that turns out to be the only easy part of the game.

In the final play, [[TGT_MW,{TGT_MW.Callsign}]] lofts a desperate shot from range, missing wide. [[SCN_MW,{SCN_MW.Callsign}]] grabs the rebound, and kicks it back to you. A cross-over dribble leaves [[TRT_MW,{TRT_MW.Callsign}]] floundering, one foot tripping over the other, and you calmly drain the winning shot.

After politely shaking hands, {TGT_MW.Callsign} looks appropriately chagrined. "That was a good game, Commander. I guess I'd better stick to killing things in my 'Mech."

{SCN_MW.Callsign} claps {TGT_MW.OBJ} on the back.  "Yeah, maybe try calling 'bank' before you Alpha Strike. It might help." The MechWarriors continue hassling each other on the way to the showers.
1	Details	Your team wins the toss, which seems to set the tone for the rest of the game.

In the final play, [[TGT_MW,{TGT_MW.Callsign}]] lofts a desperate shot from range, missing wide. [[SCN_MW,{SCN_MW.Callsign}]] grabs the rebound, and kicks it back to you. A cross-over dribble leaves [[TRT_MW,{TRT_MW.Callsign}]] floundering, one foot tripping over the other, and you calmly drain the winning shot.

After politely shaking hands, {TGT_MW.Callsign} looks appropriately chagrined. "That was a good game, Commander. I guess I'd better stick to killing things in my 'Mech."

{SCN_MW.Callsign} claps {TGT_MW.OBJ} on the back.  "Yeah, maybe try calling 'bank' before you Alpha Strike. It might help." The MechWarriors continue hassling each other on the way to the showers.
1	Details	Your team loses the toss, which turns out to be an accurate omen for the rest of the game.

In the final play, you try to pass to [[SCN_MW,{SCN_MW.Callsign}]] but [[TGT_MW,{TGT_MW.Callsign}]] intercepts the ball, dishes to [[TRT_MW,{TRT_MW.Callsign}]] under the hoop, who easily lays it up.

After politely shaking hands, [[TGT_MW,{TGT_MW.Callsign}]] turns to the crowd, "Looks like I'm better than the Commander!"

{SCN_MW.Callsign} groans. "Yeah, yeah. If only you moved half as gracefully in a 'Mech!" The MechWarriors continue hassling each other on the way to the showers.
1	Details	"I've heard enough." You gesture to the MedTech. "Get [[TGT_MW,{TGT_MW.Callsign}]] ready for exploratory surgery ASAP."

When you visit {TGT_MW.OBJ} after surgery, {TGT_MW.Callsign} groans indistinctly and turns onto {TGT_MW.DET} side, closing {TGT_MW.DET} eyes. You motion to the MedTech, lowering your voice. "What happened?"

"The surgery failed to uncover any physiological basis for {TGT_MW.Callsign}'s abdominal pain. {TGT_MW.SUBJ_C}{TGT_MW.Gender?NonBinary:'re|Default:'s} physically fit by all metrics, but an artery was nicked during the procedure and {TGT_MW.SUBJ} lost a lot of blood before we could stem the bleeding."

"Really?" You rub your brow.

The MedTech continues. "We're going to need to monitor {TGT_MW.OBJ} for a week and make sure there are no other complications."

{TGT_MW.Callsign} groans again, and {TGT_MW.DET} heart rate monitor starts beeping rapidly. The MedTechs politely suggest that it'd be best if you allowed {TGT_MW.Callsign} to rest uninterrupted.
1	Details	"It doesn't hurt to be extra careful, [[TGT_MW,{TGT_MW.Callsign}]]." You turn your gaze to the MedTech. "I'm authorizing a second exam. Nothing invasive."

Later in the day, you receive a report from the MedTechs. Their second examination of {TGT_MW.Callsign} revealed no physiological basis for {TGT_MW.DET} pain.

You visit {TGT_MW.OBJ} in the barracks after {TGT_MW.SUBJ}{TGT_MW.Gender?NonBinary:'re|Default:'s} discharged. "Feeling better, MechWarrior?"

{TGT_MW.SUBJ_C} frowns. "It's strange. The painkillers did nothing, but the anti-anxiety meds made the pain vanish. I'll be checking in regularly with the MedTechs for counseling until we figure out what's going on."

{TGT_MW.Callsign} sticks to {TGT_MW.DET} word, not missing a day with the MedTechs. {TGT_MW.SUBJ_C} {TGT_MW.Gender?NonBinary:are|Default:is} far less anxious when you next chat. There are no further incidents in the MedBay either.
1	Details	"I trust your judgment, [[TGT_MW,{TGT_MW.Callsign}]]." You turn your gaze to the MedTech. "Get {TGT_MW.OBJ} another examination. Nothing invasive, unless it's warranted."

Later in the day, you receive a report from the MedTechs. Their second examination of {TGT_MW.Callsign} revealed a large cyst hidden behind {TGT_MW.DET} appendix. They had to operate immediately.

You rush back to the MedBay and visit {TGT_MW.OBJ} in a recovery room. The medical equipment surrounding {TGT_MW.OBJ} blinks and beeps at a steady rate.

"How are you feeling?" you ask.

{TGT_MW.Callsign} carefully pats {TGT_MW.DET} abdomen. "You should have seen this <i>thing</i> they took out of me. Nearly the size of a shotgun shell. That's no way for a mercenary to go, Commander. I won't forget this. You saved my life."
1	Details	Passing by the MedBay, you spot [[TGT_MW,{TGT_MW.Callsign}]] wrestling a medical monitor from a MedTech. "You need to take a second look!" {TGT_MW.Callsign} presses a hand against {TGT_MW.DET} stomach and winces. "I know <i>something</i> is wrong. I feel like I'm dying."

You pause in the doorway. "What is going on here?"

{TGT_MW.Callsign} relinquishes the monitor, and the MedTech clears her throat. "{TGT_MW.Callsign}'s complaints of abdominal pain are purely neurological. Phantom pain, Commander. There's nothing to treat. We've checked."

"Please, Commander, I'm not making this up." {TGT_MW.Callsign} takes a deep breath. "If you authorize an exploratory surgery or another examination, I know the MedTechs will find something."
1	Details	"You know your body, [[TGT_MW,{TGT_MW.Callsign}]]." You jab a finger at the MedTech. "Perform exploratory surgery immediately. I want answers."

Hours later, you find {TGT_MW.Callsign} in the MedBay. "The MedTechs let me keep a souvenir. Turns out this <i>thing</i> was hiding behind my liver." Sitting up in bed, {TGT_MW.SUBJ} {TGT_MW.Gender?NonBinary:hold|Default:holds} up a jar with a fist-sized lump of flesh floating inside. 

You examine it with a mix of curiosity and disgust. "That's no way to go out, MechWarrior."

"Thanks to you, I'll live to fight another day. The MedTechs say I'm cleared for combat once the painkillers wear off." {TGT_MW.Callsign} smiles and then turns serious for a moment. "You saved my life. I won't forget that. I owe you, Commander."
1	Details	You incline your head. "I'm not going to discount your feelings, [[TGT_MW,{TGT_MW.Callsign}]], but let's try some low-dose painkillers before we do anything more drastic."

Days later, {TGT_MW.Callsign} knocks on the door to your quarters. {TGT_MW.SUBJ_C} {TGT_MW.Gender?NonBinary:clear|Default:clears} {TGT_MW.DET} throat. "Sorry for the fuss earlier. That pain I was feeling went away before I even took the first painkiller. I think I was just stressed. Being listened to helped more than anything."

"Your pain was real. It just required a different treatment." You gesture to an open chair. "Take a load off. I know this is a rough job, but speaking openly about what you're going through can make a difference."

{TGT_MW.Callsign} sits down. "You know, I just kept thinking about a MechTech scraping me out of a cockpit. I thought a 'real' MechWarrior wouldn't worry about those concerns, so I bottled it up. Kept my mouth shut—but no more. Next time I'll ask for help."
1	Details	You look [[TGT_MW,{TGT_MW.Callsign}]] in the eye. "I believe you, but let's take this slowly. I'll make sure you get a low-dose pain reliever. If that doesn't help, then we'll keep trying until we find a treatment that works for you."

Later in the day, you receive an urgent message from Darius. {TGT_MW.Callsign} collapsed on the floor spasming in pain during daily training. The MedTechs operated immediately.

You rush back to the MedBay and visit {TGT_MW.OBJ} in a recovery room. {TGT_MW.DET_C} eyes flutter open and settle into a glare. You keep a respectful distance. "I'm sorry, {TGT_MW.Callsign}. I should have trusted your instincts." 

"And I should have ignored yours. They found a tumor the size of my fist hidden behind my kidney." {TGT_MW.Callsign} pushes {TGT_MW.OBJ}{TGT_MW.Gender?NonBinary:selves|Default:self} up. {TGT_MW.DET_C} heart rate monitor blips rapidly.

Before you can respond, a MedTech gently pulls you out of the room. "{TGT_MW.Callsign} is having an adverse reaction to {TGT_MW.DET} surgery. We had to sedate {TGT_MW.OBJ} earlier. We recommend that the XO keep an eye on {TGT_MW.OBJ} from now on."
1	Details	"I don't have time to deal with this." You fix [[SCN_MW,{SCN_MW.Callsign}]] with a serious look. "I trust that you can handle this on your own."

During dinner, {SCN_MW.Callsign} finds you in the mess. "We talked it out with the other MechWarriors, Commander. [[TGT_MW,{TGT_MW.Callsign}]] made a mess, so {TGT_MW.SUBJ} {TGT_MW.Gender?NonBinary:have|Default:has} to sleep in it."

"Not exactly what I had in mind, but if this sobers {TGT_MW.Callsign} up then you have my blessing." You give {SCN_MW.OBJ} an approving nod.

{SCN_MW.Callsign} stamps a foot. "If I ever catch {TGT_MW.Callsign} piss-drunk again {TGT_MW.SUBJ} will be sleeping in an actual latrine."
1	Details	[[SCN_MW,{SCN_MW.Callsign}]] stomps into your quarters, dragging [[TGT_MW,{TGT_MW.Callsign}]] behind {SCN_MW.OBJ}. "{TGT_MW.Callsign} mistook my bunk for a latrine… AGAIN!" {SCN_MW.Callsign} wrinkles {SCN_MW.DET} nose. "Third time this month."

{TGT_MW.SUBJ_C} {TGT_MW.Gender?NonBinary:stumble|Default:stumbles} forward. "I… I can explain… " {TGT_MW.SUBJ} {TGT_MW.Gender?NonBinary:slur|Default:slurs}. {TGT_MW.DET_C} breath stinks like gasoline fumes and paint thinner, making your eyes water.

"It's not even noon!" {SCN_MW.Callsign} narrows {SCN_MW.DET} eyes at {TGT_MW.OBJ}. "There's having a good time and then there's <i>this</i>. {TGT_MW.SUBJ_C}'d get us killed if {TGT_MW.SUBJ} deployed in this state, Commander."
1	Details	You look at [[TGT_MW,{TGT_MW.Callsign}]] and then at the MedTech. "Prepare for surgery. That neurostimulator is {TGT_MW.DET} only chance at getting back in a 'Mech."

"Thanks, Commander. That's all I could ask for." {TGT_MW.Callsign}'s voice trembles, but {TGT_MW.SUBJ} {TGT_MW.Gender?NonBinary:nod|Default:nods} {TGT_MW.DET} head resolutely.

Hours later, a MedTech finds you in the Command Center. Her mouth is drawn into a tight line. She struggles to meet your gaze. You fill in the silence. "It's not a good sign if you're here in person."

She shakes her head. "We tried our best, but there was a complication. Major hemorrhaging. {TGT_MW.Callsign} was a fighter. {TGT_MW.SUBJ_C} held on longer than most would, but by the time we stopped the bleeding, it was too late. I've informed the XO to make arrangements. The crew will need time to grieve."
1	Details	You dismiss [[SCN_MW,{SCN_MW.Callsign}]] and push a chair toward [[TGT_MW,{TGT_MW.Callsign}]]. "Under ordinary circumstances, I'd let Darius handle this, but this is becoming a habit for you. What's going on?"

{TGT_MW.Callsign} crumples into the seat. "Last month I got word that a good friend was killed in a border dispute."

"I'm sorry, {TGT_MW.Callsign}." You rest a hand on {TGT_MW.DET} shoulder. "There's no way to make this easier, but turning to the bottle isn't going to fix anything."

"I'll throw away the hooch, Commander. Every drop, but it's not going to be easy." A bead of sweat drips down {TGT_MW.DET} forehead. "I'll make things right with {SCN_MW.Callsign}, too. I'll take {SCN_MW.DET} chore shifts for the next two weeks."
1	Details	You dismiss [[SCN_MW,{SCN_MW.Callsign}]] and speak in earnest with [[TGT_MW,{TGT_MW.Callsign}]] until {TGT_MW.SUBJ} eventually {TGT_MW.Gender?NonBinary:fall|Default:falls} into your chair, dropping {TGT_MW.DET} head in {TGT_MW.DET} hands.

"I slipped up, Commander. I just wanted a break, a few hours where I could stop thinking or worrying about anything. I can't shake this feeling that my next deployment will be my last."

"Everyone has bad days." You place a hand on {TGT_MW.DET} shoulder. "Next time you're struggling, come give me a visit, {TGT_MW.Callsign}. I'll make time for you. No matter what."

{TGT_MW.DET_C} jaw tightens with determination. "I'll talk to you before I hit the bottle again, Commander. Promise."
1	Details	"I'm your commander, not your mother. If you two can't resolve this yourselves, we've got bigger problems than [[TGT_MW,{TGT_MW.Callsign}]]'s drinking." You dismiss the MechWarriors.

Hours later, Darius's troubled voice crackles over the comms. "I broke up a fight in the hallway, but not before {TGT_MW.Callsign} knocked out [[SCN_MW,{SCN_MW.Callsign}]]. {SCN_MW.SUBJ_C}{SCN_MW.Gender?NonBinary:'re|Default:'s} in the MedBay. {TGT_MW.Callsign} was raving and threatening the other MechWarriors, too."

"This has to stop, Darius."

"Damn right, Commander. I assigned {TGT_MW.OBJ} extra work shifts until {TGT_MW.SUBJ} sobers up. I'll be keeping a close eye on {TGT_MW.SUBJ} from now on."
1	Details	You incline your head toward [[TGT_MW,{TGT_MW.Callsign}]] and point a finger at the MedTech. "Go ahead with the neurostimulator. {TGT_MW.SUBJ_C} {TGT_MW.Gender?NonBinary:aren't|Default:isn't} going out without a fight."

After surgery, you find {TGT_MW.Callsign} in a recovery room triumphantly tossing down a straight flush against a MedTech's two-pair. You pat the edge of {TGT_MW.DET} bed. "How do you feel, MechWarrior?"

"It's all coming back, Commander." {TGT_MW.SUBJ_C} {TGT_MW.Gender?NonBinary:tap|Default:taps} lightly on {TGT_MW.DET} bandaged head. "I feel like myself again."

"Good. Let's do a test." You grab the photo of {TGT_MW.Callsign}'s mother off a nearby table and hold it up. "Do you know who this is?"

{TGT_MW.Callsign} cocks {TGT_MW.DET} head, arching an eyebrow. "That old hag? How could I forget that face? She's the reason I'm here—kicked me out when I was 15."

You smile. "That's the {TGT_MW.Callsign} I remember."
1	Details	Ignoring the MedTech, you pat the edge of [[TGT_MW,{TGT_MW.Callsign}]]'s bed. "If you want to saddle up, I won't stop you, but there's no rush."

The MedTech's eyes widen in surprise, but she says nothing.

You lean in close to {TGT_MW.Callsign}. "You're on borrowed time. We all are, but you've earned the right to call your own shots."

{TGT_MW.Callsign} looks down at the photo of {TGT_MW.DET} mother, then back up with a bittersweet smile. "This company is all I've got left, Commander."

"We're lucky to have you. Now get some rest. You'll need it."
1	Details	You push past the MedTech. "I'm sorry, [[TGT_MW,{TGT_MW.Callsign}]], but you need to get as far away from the battlefield as you can. It's time to retire, settle down somewhere nice. If I kept you on, you'd deploy eventually, and I can't let that happen."

After giving {TGT_MW.Callsign} time to prepare, you summon the entire crew to the mess for a retirement party. As each MechWarrior tells stories about {TGT_MW.Callsign}, {TGT_MW.DET} anguish dissolves into laughter and teary-eyed gratitude. As crumpled beer cans stack up, the stories veer into rowdier territory.

The mess quiets when Dr. Murad approaches {TGT_MW.Callsign}. "For your distinguished service aboard the <i>Argo</i>." She holds out a star welded from scrap. "There's no medal quite like it." The company cheers as she pins it to {TGT_MW.DET} chest.

The next day, the remaining MechWarriors pull you aside. "You did the right thing, Commander. {TGT_MW.Callsign} was going to get {TGT_MW.OBJ}{TGT_MW.Gender?NonBinary:selves|Default:self} killed. We won't forget this."
1	Details	In the MedBay, [[TGT_MW,{TGT_MW.Callsign}]] cradles an old photo. Stitches lace {TGT_MW.DET} temple. "The MedTechs tell me this is my mother, but I can't remember her…"

A MedTech steps in. "{TGT_MW.Gender?NonBinary:They've|Male:He's|Female:She's} developed a [[DM.BaseDescriptionDefs[LoreTBI],TBI]]. {TGT_MW.DET_C} next head injury will be fatal if we don't intervene. Retirement is the safest option, but the damage is done. While there are no guarantees, there is a chance of recovery if {TGT_MW.SUBJ} {TGT_MW.Gender?NonBinary:are|Default:is} confined to bed rest, but it could take weeks or months."

{TGT_MW.SUBJ_C} {TGT_MW.Gender?NonBinary:sit|Default:sits} up, wincing. "I don't need bed rest. I need to be in the cockpit. It's all I know, Commander."

"There is one more option." The MedTech hesitates. "We could implant a Davion neurostimulator. The procedure poses a high risk—the <i>slightest</i> error will result in complete brain death—but if the neurostimulator is successfully implanted, {TGT_MW.SUBJ}'ll be combat ready within days."
1	Details	You turn from the MedTech to [[TGT_MW,{TGT_MW.Callsign}]]. "You'll return to active duty, but only when you're ready. For now, it's bed rest. No battles. No drills. That's an order, MechWarrior."

{TGT_MW.SUBJ_C} {TGT_MW.Gender?NonBinary:lie|Default:lies} back, defeated. "This is almost as bad as retirement."

"If you don't take your health seriously, you won't even remember how to pilot a 'Mech. Take up a hobby. Read a book. It doesn't really matter, as long as you stay put."

A few days later, a MedTech reports in. "{TGT_MW.Callsign} is showing remarkable signs of recovery. In fact, we caught {TGT_MW.OBJ} trying to sneak out a couple times already. You'll need to keep an eye on {TGT_MW.OBJ} after {TGT_MW.SUBJ}{TGT_MW.Gender?NonBinary:'re|Default:'s} discharged."
1	Details	You dismiss the MedTech and rest a hand on [[TGT_MW,{TGT_MW.Callsign}]]'s shoulder. "I don't know your mother, but the lady in this photo looks like she'd chew me out if I let you throw your life away. You'll rest until you're cleared by the MedTechs."

{TGT_MW.Callsign} lowers {TGT_MW.DET} eyes, squinting down at the photo as if looking for an answer. "When this is all over, hopefully I'll be able to tell you if that's true or not."

A few days later, a MedTech reports in. "The medication has reduced {TGT_MW.Callsign}'s brain swelling and blood loss. At this rate, {TGT_MW.DET} cognitive functioning and motor skills will return to normal levels in three months, but the tissues will never fully heal."

You sigh. "So, {TGT_MW.Callsign} will be fit for duty, but if {TGT_MW.SUBJ} {TGT_MW.Gender?NonBinary:suffer|Default:suffers} another major injury, {TGT_MW.SUBJ} might never recover. Got it."

Somber, the MedTech says, "It's a small miracle that {TGT_MW.Callsign} is standing at all."
1	Details	You brush the MedTech aside and incline your head toward [[TGT_MW,{TGT_MW.Callsign}]]. "If you want to get back on the battlefield, then why would I get in your way?"

"You're condemning {TGT_MW.OBJ} to death!" the MedTech interrupts.

You look the MedTech straight in the eyes. "It's {TGT_MW.DET} choice, not yours. {TGT_MW.Callsign} deserves the basic dignity of deciding how {TGT_MW.SUBJ} {TGT_MW.Gender?NonBinary:want|Default:wants} to go out."

{TGT_MW.Callsign} looks down at the photo clutched in {TGT_MW.DET} hand, then back to you. "Thank you, Commander. I know what I signed up for. I'm not afraid."

"It'd be okay if you were, MechWarrior. It wouldn't make you any less brave. You've had a hell of a career, and it's not over yet."
1	Details	The two MechWarriors circle each other in the makeshift boxing ring, while the other pilots and crew shout encouragement.

[[SCN_MW,{SCN_MW.Callsign}]] has dominated the fight over the first three rounds, bloodying the other MechWarrior repeatedly.

[[TGT_MW,{TGT_MW.Callsign}]], flagging and back against the ropes, darts in with a final surge of energy.

In response to such a predictable assault, {SCN_MW.Callsign} turns one of {TGT_MW.Callsign}'s own moves back on {TGT_MW.Obj}, Early in the fight, {TGT_MW.Callsign} had staggered {SCN_MW.Callsign} with it. Now, {TGT_MW.Callsign} goes down hard.

As the referee reaches the 10-count, the crowd goes wild.
1	Details	Annoyed, Darius calls you on the comms. "Commander, I'm going to need you over in the corridor between the barracks and the mess. I caught [[TGT_MW,{TGT_MW.Callsign}]] painting my likeness on the bulkheads and I'm not amused."

In the corridor, {TGT_MW.Callsign} stands next to the mural, clutching an airbrush. Behind {TGT_MW.OBJ}, the XO is depicted flexing his shirtless, rippling biceps and abs, while flames erupt behind him.

"What's going on here, {TGT_MW.Callsign}?" you ask.

"Everyone hates this stretch. It's cold and grey. So, I decided to turn up the <i>heat</i>." {TGT_MW.Callsign} grins. "You know, some members of this crew really, <i>really</i> like it."
1	Details	You climb up onto the scaffolding, raising your voice so that all can hear. "Each and every one of you works hard to ensure the success of this outfit, and you all deserve a bonus, regardless of rank or title." Everybody looks at you, murmuring in surprise.

"Our lives aren't easy along the Periphery. But each of you depends on others to survive out here. MechTechs and MechWarriors—you're two sides of the same coin. Time for you to recognize it." You pause for a moment, letting your words sink in. "We'll set aside a million C-Bills for a one-time bonus… to be divided equally." Heads nod in the crowd, and some people even cheer in agreement.
 
When you check on the Mech Bay later that day, you notice [[SCN_MW,{SCN_MW.Callsign}]] and [[TGT_MW,{TGT_MW.Callsign}]] hauling equipment over to the MechTechs as they weld fresh armor over the [[SCN_UNIT,{SCN_Unit.Name}]]'s scorched torso. Each crew member is pitching in and working harder than you expected, despite the tension earlier.

Yang pats you on the back. "Smell that, Boss? That's the smell of progress."
1	Details	Later in the week, Darius delivers an update on the situation.

Relocating [[TGT_MW,{TGT_MW.Callsign}]] to the undeveloped Gamma pod has not only kept {TGT_MW.OBJ} out of the hair of the senior staff and {TGT_MW.DET} fellow MechWarriors, it's also given the unlucky MechWarrior the solitude {TGT_MW.SUBJ} craved.

"Commander, I don't know if you've gone to down there to visit, but it's kind of impressive what {TGT_MW.CALLSIGN} has managed to do with the space. It's almost… homey."

Dr. Murad adds, "And the strange electrical behavior in that part of the ship has mostly subsided in the past 24 hours. I suggest we keep an eye on things, and let {TGT_MW.CALLSIGN} move back to quarters in a week or two. If {TGT_MW.Subj} even {TGT_MW.Gender?NonBinary:want|Default:wants} to."
1	Details	Darius nods. "I know just who to call. We'll have [[TGT_MW,{TGT_MW.Callsign}]] out of our hair for a month, and I'll see about them covering {TGT_MW.Det} retainer."

Later that week, Darius delivers an update in the morning briefing.

"So far, {TGT_MW.Callsign} is actually working out quite well for our mutual friends. Obviously, I wasn't completely upfront about any challenges they might run into, but it doesn't seem like {TGT_MW.DET} bad luck followed {TGT_MW.Obj} off the <i>Argo</i>."
1	Details	You turn to the XO. "Darius, you need to lighten up. This is a <i>tribute</i>. If anything I'm jealous I didn't get my own mural."

Darius cocks his head, reconsidering his glistening physique on the wall. "If you say so."

[[TGT_MW,{TGT_MW.Callsign}]] picks up {TGT_MW.DET} airbrush. "Just you wait, Commander. There's plenty where that came from."

The next day, you're swarmed by a crowd outside your quarters. On the bulkhead across the corridor, you're painted riding a missile through space with a sword in hand. A bolt of blue lightning erupts from the tip of the blade.

As you pass through the crowd, crew members extend high fives and fist bumps.
1	Details	"The MechTechs are right." You reach for the tool rack, taking a deep breath. "We put our lives in your hands every time we mount up." You pull a blowtorch loose. "We'll set aside a year-end bonus for your work, but let's clean up this mess first."

[[SCN_MW,{SCN_MW.Callsign}]] crosses {SCN_MW.DET} arms. "You're letting them off easy! They're going to keep messing with our 'Mechs!" A glimmer of paranoia enters the {SCN_MW.DET} eyes.

You fix {SCN_MW.Callsign} with a stern expression. "Listen up, MechWarrior. You get all the glory and big paydays. What do the MechTechs get? Your mess and your crap." A jet of blue flame erupts from the torch in your hand. "We're a team. Start acting like it."

The MechTechs return to their stations, setting up ladders and climbing the [[SCN_UNIT,{SCN_Unit.Name}]]. {SCN_MW.Callsign} opens {SCN_MW.DET} mouth to dissent, but [[TGT_MW,{TGT_MW.Callsign}]] drags {SCN_MW.OBJ} down the hall.

Hours later, Yang reports in. "Money talks, Boss. And it looks like it told the MechTechs to work their asses off. Don't expect any further demonstrations."
1	Details	"This ends today." You nod your head to [[SCN_MW,{SCN_MW.Callsign}]]. Turning from the MechWarriors, you turn on the comms and call the entire outfit to the mess for an impromptu meeting.

Once everyone is gathered in the mess, you order [[TGT_MW,{TGT_MW.Callsign}]] to step forward as you stand up on a table and raise your voice.

"Normally, I wouldn't call you all out here like this. Unfortunately, it only takes one drunk or hungover MechWarrior to endanger the rest of the outfit. Until {TGT_MW.Callsign} {TGT_MW.Gender?NonBinary:sober|Default:sobers} up all liquor rations will be cut." {TGT_MW.Callsign} glares at you defiantly. Heads turns toward {TGT_MW.OBJ} with a mix of frustration and concern.

The next day, Darius reports that {SCN_MW.Callsign} uncovered and destroyed {TGT_MW.Callsign}'s stash of hooch. Unfortunately, {TGT_MW.Callsign} gave {SCN_MW.OBJ} a black eye. "I disciplined {TGT_MW.OBJ}, but I'll need to keep an eye on {TGT_MW.Callsign} from now on."
1	Details	"You're right, [[SCN_MW,{SCN_MW.Callsign}]]." You turn from the MechWarriors to the comms and call the entire outfit to the mess for an impromptu meeting.

Once everyone is gathered in the mess, you order [[TGT_MW,{TGT_MW.Callsign}]] to step forward as you stand up on a table and raise your voice.

"I wouldn't ordinarily dress down {TGT_MW.Callsign} like this, but it only takes one drunk in a 'Mech to endanger us all. We need to depend on one another." All eyes turns toward {TGT_MW.Callsign}, who stares red-faced at the ground. "{TGT_MW.SUBJ_C} will sober up or I'll show {TGT_MW.OBJ} the door. Now I don't want to do that, so let's all band together and help {TGT_MW.Callsign} dry out."

The next day Darius reports that {TGT_MW.Callsign} volunteered to take {SCN_MW.Callsign}'s chore shifts. "Looks like your words lit a fire under {TGT_MW.DET} ass."
1	Details	You dismiss [[SCN_MW,{SCN_MW.Callsign}]] and turn to [[TGT_MW,{TGT_MW.Callsign}]], recalling an old comrade's struggle.

"... this guy had a real problem. He'd do anything to get high. One day, I found him crashed out in his cockpit. His O2 mask was connected to an empty nitrous tank, and his skin had already gone blue." You shake your head. "Hell of a mess. I don't want to see you go out the same way."

{TGT_MW.Callsign} furrows {TGT_MW.DET} brow in disbelief. "Can't say I relate, since I don't have a ‘problem’ like your friend, but thanks for the story."

Next time, you catch {TGT_MW.Callsign} in the hall, {TGT_MW.SUBJ} {TGT_MW.Gender?NonBinary:sidestep|Default:sidesteps} your gentle questions, avoiding eye contact. You can't get a straight answer from {TGT_MW.OBJ}.
1	Details	"You know, you're not wrong." You approach the MechTechs, taking a deep breath. "We do depend on you." You bend down and pick up a scorched remnant of the [[SCN_UNIT,{SCN_Unit.Name}]]'s center torso. It crumbles between your fingers.

"And that's alarming, given what I've seen here today. It's one thing to voice your dissent, but your antics have endangered our pilots and cost this company who knows how much. If you learned to air your grievances like professionals, you could stand to earn a lot more."

The 'Techs grumble, though they return to their stations. [[SCN_MW,{SCN_MW.Callsign}]] gloats. Some of the MechTechs don't bother hiding their disdain for you and {SCN_MW.Callsign}, glaring openly.

Later that night, Yang brings a bottle of whiskey to your quarters. "The MechTechs are dragging their feet, but they'll snap out of it. Give 'em a month to gripe, and they'll get tired of yapping and get back to work." He fills your glasses. The two of you share a drink in silence.
1	Details	"Get back to the barracks, MechWarriors. I've got more important work to do." You reach for the comms and call for Darius. "The XO will tally up your violations and handle discipline. That includes the MechTechs, too."

Yang barks at his 'Techs, gesturing to the [[SCN_UNIT,{SCN_Unit.Name}]], "Clean up your mess."

[[SCN_MW,{SCN_MW.Callsign}]]'s eyes flare with anger. "They're going to get us killed! And it's going to be your fault." You level your gaze at {SCN_MW.OBJ}, but before {SCN_MW.SUBJ} can open {SCN_MW.DET} mouth, [[TGT_MW,{TGT_MW.Callsign}]] drags {SCN_MW.Callsign} from the Mech Bay.

Hours later, Darius's voice comes crackling over the comms. "I'm thinking about throwing {SCN_MW.Callsign} out the airlock," he says. "I caught {SCN_MW.OBJ} trying to pick a fight with the MechTechs. For now, I'll leave {SCN_MW.OBJ} in the brig for a week, and that should change {SCN_MW.DET} tune, but the damage is done. The crew's spirits are taking a dive."
1	Details	After receiving a troubling message from Yang, you rush down to the Mech Bay. Yang pushes between a mob of MechWarriors and MechTechs entangled in a shoving match at the [[SCN_UNIT,{SCN_Unit.Name}]]'s feet. A message welded into the {SCN_Unit.Name}'s torso reads: "No 'Techs, no 'Mechs!"

"You. Depend. On. Us." A scrawny MechTech with a black eye shoves a wrench at the 'Mech jockeys to emphasize every word. "We deserve respect, and that means a raise."

"I'll give you what you deserve." [[SCN_MW,{SCN_MW.Callsign}]] rushes forward, but [[TGT_MW,{TGT_MW.Callsign}]] and Yang pull {SCN_MW.OBJ} back from the 'Tech. "We're the ones risking our necks!"

Yang raises his voice before anyone else can comment. "Shut your traps! All of you. How do you want to handle this, Boss?"
1	Details	"You can't sit in the corridors, [[TGT_MW,{TGT_MW.Callsign}]]. It blocks traffic."

{TGT_MW.Callsign} looks up and down the empty corridor, but stops short of actually saying 'what traffic?' {TGT_MW.SUBJ_C} {TGT_MW.Gender?NonBinary:get|Default:gets} to {TGT_MW.DET} feet before you can offer a suggestion of where to go.

Later in the week, Yang requests, again, that the pilots stay out of the Mech Bay. "We can't repair a cockpit when there's someone <i>sitting in it reading a book!</i>" The Chief is not amused.
1	Details	"You can't sit in the corridors, [[TGT_MW,{TGT_MW.Callsign}]]. It blocks traffic."

{TGT_MW.Callsign} looks up and down the empty corridor, but stops short of actually saying 'what traffic?' {TGT_MW.SUBJ_C} {TGT_MW.Gender?NonBinary:get|Default:gets} to {TGT_MW.DET} feet before you can offer a suggestion of where to go.

"I'll just head back to the barracks, Commander."
1	Details	"You can't sit in the corridors, [[TGT_MW,{TGT_MW.Callsign}]]. It blocks traffic."

{TGT_MW.Callsign} looks up and down the empty corridor, but stops short of actually saying 'what traffic?' {TGT_MW.SUBJ_C} {TGT_MW.Gender?NonBinary:get|Default:gets} to {TGT_MW.DET} feet before you can offer a suggestion of where to go.

Later in the week, Darius takes you aside. "{TGT_MW.Callsign} has been in the mess hall at all hours, reading and eating. Pretty soon {TGT_MW.Subj} won't be fit enough for duty."
1	Details	Spying a familiar chapter heading, you recite a line from [[DM.BaseDescriptionDefs[LoreClausewitz],Carl von Clausewitz]]. "Only a fraction of booklearning will seep into practical life anyhow, and the more foolish the theory, the less of it."

[[TGT_MW,{TGT_MW.Callsign}]] laughs and takes back the book. "That's awesome, Commander! I was reading Clausewitz just now."

You nod. "I see you're paying attention. He also spoke of the 'fog of war', and right now you're blocking the line of sight in this corridor. Best move along, MechWarrior."
1	Details	"Learn anything useful in here?" you ask.

"I've been reading about [[DM.BaseDescriptionDefs[LoreGeorgeSPatton],Patton]] back in the 20th century," [[TGT_MW,{TGT_MW.Callsign}]] says.

You nod. "Tank warfare. That's good stuff, {TGT_MW.Callsign}, but it highlights the importance of clear travel routes. Best move along."
1	Details	"Learn anything useful in here?" you ask.

"I've been studying [[DM.BaseDescriptionDefs[LoreKerensky],Kerensky]]'s strategies during the [[DM.BaseDescriptionDefs[LoreOperationLiberation],Liberation of Terra]]," [[TGT_MW,{TGT_MW.Callsign}]] says.

You nod. "That was a real meat grinder. But recall the guidelines about keeping the supply lines open. Best move along, MechWarrior."
1	Details	Rounding a corner in an unused corridor, you nearly trip over [[TGT_MW,{TGT_MW.Callsign}]]. The MechWarrior sits in a heap on the floor, nose-deep in a dog-eared, honest-to-goodness, paper book.

{TGT_MW.SUBJ_C} {TGT_MW.Gender?NonBinary:look|Default:looks} up. "Oh, Commander, am I in your way? I needed to get out of the barracks. There's just no good place for me to read."

You gesture at the book and {TGT_MW.SUBJ} {TGT_MW.Gender?NonBinary:hand|Default:hands} it over. While you idly flip its pages, {TGT_MW.Callsign} asks, "I heard that there's a disrepaired library here in the <i>Argo</i>. Think we could get that online?"
1	Details	"If we don't bypass the faulty interlock, we're looking at a 17% drop across the board!" [[TGT_MW,{TGT_MW.Callsign}]] is animated, practically shouting, and you try to remember how you got drawn into this argument.

Apparently, with {TGT_MW.DET} technical background, {TGT_MW.Callsign} thinks {TGT_MW.SUBJ} {TGT_MW.Gender?NonBinary:have|Default:has} identified a serious flaw in the <i>Argo</i>'s secondary power interlock.

For her part, Dr. Murad insists the interlock is working correctly. "We're lucky it's only 17%! That isn't the interlock. These systems have just missed several centuries' worth of annual maintenance. Your plan would potentially expose the entire central core to an overload."

"Only if it doesn't work," {TGT_MW.Callsign} fires back.
1	Details	Sumire's eyes sparkle with ambition, while Darius makes arrangements for [[TGT_MW,{TGT_MW.Callsign}]]'s quarantine to contribute to the development of a more robust treatment for Periphery Pox.

Confident in the quality of the <i>Argo</i>'s medical staff. the MechWarriors and crew remain positive throughout the crisis, especially when word spreads that {TGT_MW.Callsign} is on the mend.

The MedTechs gather samples from the MechWarrior and begin creating cultures for further study in the coming months. It will be some time before a viable serum becomes available.
1	Details	[[TGT_MW,{TGT_MW.Callsign}]] is quarantined in one of the MedBays and soon [[SCN_MW,{SCN_MW.Callsign}]] comes down with symptoms as well.

This time, rumors are supplemented by the tales of those who were sick last time: the boils, the delirium, the prayers. But the antivirals and the extra drugs that Sumire acquired immediately stem the worst of the symptoms, and the most fearful rumors quickly die down.

Even better news comes with the prognosis that the two MechWarriors are expected to be back on duty within a couple of weeks.
1	Details	You say, "Dr. Murad, can you run a small-scale test to find out what would happen?"

She frowns at you, then says, "I suppose it's worth examining." She turns to [[TGT_MW,{TGT_MW.Callsign}]] to develop a testing plan.

A few hours later, the power goes out in the command center. When you find Dr. Murad, she's elbow-deep in a power conduit. "I can fix the damage {TGT_MW.Callsign}'s bright idea caused, but we're going to have to replace some parts. I will thank you to keep that MechWarrior away from critical systems in the future, Commander."
1	Details	You say, "Dr. Murad, can you run a small-scale test to find out what would happen?"

She frowns at you, then says, "I suppose it's worth examining." She turns to [[TGT_MW,{TGT_MW.Callsign}]] to develop a testing plan.

Later in the day, Dr. Murad tells you {TGT_MW.Callsign} was both right <i>and</i> wrong. "The interlock really is causing a power drop, but there's no safe way to route around it. Add it to the growing pile of <i>Argo</i> issues we have no way to fix!"
1	Details	"I have to side with Dr. Murad on this, [[TGT_MW,{TGT_MW.Callsign}]]," you say. "Don't take risks with the power system."

In victory, Dr. Murad is gracious. "We'll leave the interlock in place, but you can help me trace this power route. There's a snarl further up the line where I think we can make some efficiency gains." {TGT_MW.Callsign} nods, and the two of them continue their conversation as they head down the corridor.
1	Details	You follow Dr. Murad into Navigation, where Sumire is helping [[TGT_MW,{TGT_MW.Callsign}]] into an EVA suit.

Dr. Murad clears her throat. "What do you think you're doing?"

"There's some space junk embedded in the <i>Argo</i>'s debris shield!" Sumire explains, closing the pressurized helmet. "If it's not removed, it could cause more damage down the line. {TGT_MW.Callsign} volunteered to help."

{TGT_MW.Callsign} raises a gloved hand. "It's not just space junk, Commander. The debris could be dangerous if not removed with care."

Dr. Murad points at a diagnostic display."It's called a debris shield for a reason. It's doing its job. Please, Commander, if you're not convinced, there are professionals on [[TGT_SYSTEM,{TGT_SYSTEM.Name}]] who can inspect and repair the <i>Argo</i> if need be. There's no reason for {TGT_MW.Callsign} to play the hero."
1	Details	"I could've handled it," [[TGT_MW,{TGT_MW.Callsign}]] argues for a moment, but {TGT_MW.SUBJ} {TGT_MW.Gender?NonBinary:drop|Default:drops} the subject.

"Don't worry, Commander." Sumire pats the control panel. "If the <i>Argo</i> could survive taking off from [[DM.BaseDescriptionDefs[LoreAxylus],Axylus]] with a few holes, then she can handle this."

There are no further issues with the <i>Argo</i>, but you notice {TGT_MW.Callsign}'s mind is elsewhere as {TGT_MW.SUBJ} {TGT_MW.Gender?NonBinary:attend|Default:attends} to {TGT_MW.DET} daily tasks.
1	Details	"I thought you trusted me, Commander," [[TGT_MW,{TGT_MW.Callsign}]] mutters, visibly sagging, but {TGT_MW.SUBJ} {TGT_MW.Gender?NonBinary:drop|Default:drops} the subject as you and Sumire continue planning.

Sometime later, you find a reasonably priced crew to fly up from [[TGT_SYSTEM,{TGT_SYSTEM.Name}]] to remove the debris from the <i>Argo</i>. There are no further issues with the <i>Argo</i>, but you notice {TGT_MW.Callsign} lingering in the observation deck for the next couple of weeks, {TGT_MW.DET} gaze fixed on the debris shield. {TGT_MW.DET_C} mind is elsewhere as {TGT_MW.SUBJ} {TGT_MW.Gender?NonBinary:attend|Default:attends} to {TGT_MW.DET} daily tasks.
1	Details	During the daily briefing, Sumire asks, "What's the story with [[TGT_MW,{TGT_MW.Callsign}]] and [[SCN_MW,{SCN_MW.Callsign}]]? I saw them glaring at each other in the MedBay."

Darius glances at his notes and says, "Yeah, that's the next item. They got into a fight yesterday over—actually, I don't even know what it was over. Pretty serious fight, though. They're both going to be out of action for a bit. Tempers are running hot, Commander. I think we're going to see more problems like this if you don't do something to address morale."
1	Details	You arrive in MedBay to have a talk with the injured MechWarriors. [[TGT_MW,{TGT_MW.Callsign}]] has a dressing over {TGT_MW.DET} nose and [[SCN_MW,{SCN_MW.Callsign}]] is wearing a brace around {SCN_MW.DET} ribs.

After surveying the damage, you say, "Look, you idiots did this to yourselves, and you got what you deserve. The thing I want to know—the <i>only</i> thing I care about here—is what happens if I put you two in the same combat drop. Do you have each other's backs?"

{SCN_MW.Callsign} flashes you a hard look. "Yeah, Commander. Live fire, {TGT_MW.Gender?Male:he's my brother|Female:she's my sister|NonBinary:they're my best bud}."

{TGT_MW.Callsign} nods. "We know what's important."

"I'm glad to hear it," you say. "Because if you do this again, I'm kicking you both off my ship. Whether there's anything on the other side of the airlock or not."
1	Details	You arrive in MedBay to have a talk with the injured MechWarriors. [[TGT_MW,{TGT_MW.Callsign}]] is wearing a dressing around {TGT_MW.DET} head and [[SCN_MW,{SCN_MW.Callsign}]]'s right arm hangs in a sling. 

After surveying the damage, you say, "Look, you idiots did this to yourselves, and you got what you deserve. The thing I want to know—the <i>only</i> thing I care about here—is what happens if I put you two in the same combat drop. Do you have each other's backs?"

{SCN_MW.Callsign} shakes {SCN_MW.DET} head ruefully. "Hard to tell right now, I know, but I'm a professional. I'd never let stupid shit like this affect my judgment on the field."

{TGT_MW.Callsign} nods. "Yeah. This was play time. War time is a whole different story. {SCN_MW.Callsign} and me, we're good."

"I'm glad to hear it," you say. "Because if you do this again, I'm kicking you both off my ship. Whether there's anything on the other side of the airlock or not."
1	Details	After deliberating, you watch from a viewscreen as [[TGT_MW,{TGT_MW.Callsign}]], in an EVA suit, bounces and floats across the <i>Argo</i>. {TGT_MW.Callsign} wrenches the debris from the shielding with a kick and a push, and the jagged metal scrap shakes loose and floats safely away.

After {TGT_MW.Callsign} is reeled safely back inside the <i>Argo</i>, you review a hull integrity report from Dr. Murad. All systems are functioning at high capacity.

Throughout the next couple weeks, you notice that {TGT_MW.Callsign} attends to {TGT_MW.DET} daily tasks with newfound enthusiasm. When you call the MechWarriors, {TGT_MW.Callsign} is first to line up.
1	Details	At the mining planet {TGT_SYSTEM.Name}, acquiring and sorting the plentiful supplies for Mech repairs is an all hands event.

While conferring with Darius, you overhear several MechWarriors discussing an unregulated fighting ring run by the local miners and machinists. [[TGT_MW,{TGT_MW.Callsign}]] says loudly, "Let's show these yokels how real warriors fight!"

Darius raises an eyebrow at you as if to say, "You got this?"

As you approach the MechWarriors, {TGT_MW.Callsign} sets {TGT_MW.Det} shoulders belligerently, as if daring you to forbid the entertainment.
1	Details	"Learn anything useful in here?" you ask.

[[TGT_MW,{TGT_MW.Callsign}]] looks around the battered <i>Argo</i>, choosing {TGT_MW.DET} next words carefully. "Commander, this amazing ship has so much potential, but the fixed maintenance costs must be killing us."

{TGT_MW.Subj_C} {TGT_MW.Gender?NonBinary:launch|Default:launches} into a lengthy digression about saving expenses by putting 'Mechs into storage that are not regularly used for contracts.

Finally you interrupt {TGT_MW.OBJ}. "Okay, I get it. Next time, though, maybe you could talk Darius' ear off."

{TGT_MW.Callsign} laughs. "Maybe I will."
1	Details	"Learn anything useful in here?" you ask.

[[TGT_MW,{TGT_MW.Callsign}]] eagerly and gingerly takes back the book. "I've been curious about LosTech all my life. Ever since I got aboard the <i>Argo</i>, I just can't get enough of reading these old books. I discovered this last month, on shore leave. Can't understand half of it, though, and I actually have some formal training to fall back on."

You interrupt the rambling, "So the answer is… no."

{TGT_MW.Callsign} laughs. "Not <i>no</i>, just <i>not yet</i>. But I do have some theories to share with the Chief when he has a few minutes."
1	Details	You watch from a viewscreen as [[TGT_MW,{TGT_MW.Callsign}]], in EVA suit, struggles with the low gravity and the oxygen hose anchoring {TGT_MW.OBJ} to the <i>Argo</i>. The wreckage shifts dangerously in {TGT_MW.DET} hands, breaking apart and flying in every direction. The debris collides with {TGT_MW.OBJ} and scrapes against the side of the DropShip.

Later, after you visit {TGT_MW.Callsign} in the MedBay, you receive a hull integrity report from Dr. Murad. "The Mech Bay took serious damage." She sighs. "It could have been worse, but expect power issues while I round up a team to stabilize the ruptured circuitry."
1	Details	After deliberating, you watch from a viewscreen as [[TGT_MW,{TGT_MW.Callsign}]], in an EVA suit, floats nimbly across the puckered hull of the DropShip. {TGT_MW.Callsign} gives the wreckage a careful nudge, and it breaks free, drifting far away from the <i>Argo</i>.

After {TGT_MW.Callsign} is reeled safely back inside the ship, you review a hull integrity report from Dr. Murad. All systems are unaffected, with no signs of further complications.

Throughout the next couple of weeks, you notice that {TGT_MW.Callsign} attends to {TGT_MW.DET} daily tasks with newfound enthusiasm.
1	Details	After deliberating, you watch with trepidation from a viewscreen as [[TGT_MW,{TGT_MW.Callsign}]], in an EVA suit, struggles across the <i>Argo</i>'s hull.

The wreckage shifts dangerously in {TGT_MW.DET} hands, breaking apart and spinning free. The debris collides with {TGT_MW.Callsign}, but {TGT_MW.SUBJ} {TGT_MW.Gender?NonBinary:manage|Default:manages} to bat away the other pieces with a twisted steel rod.

{TGT_MW.Callsign} is reeled back inside the <i>Argo</i>. Later, you visit {TGT_MW.OBJ} in the MedBay. "It's likely we'd have lost an entire subsection of the <i>Argo</i> if it hadn't been for you, {TGT_MW.Callsign}," you say. "Anyone else would have hesitated in a situation like that."

One of the crew members saved the steel rod from being scrapped, and it's mounted in the barracks with a dedication to {TGT_MW.Callsign}'s batting talents. The MechWarriors elaborate on the tale with each telling.
1	Details	[[TGT_MW,{TGT_MW.Callsign}]] is quarantined in one of the MedBays and provided local symptomatic treatment. {TGT_MW.Subj_C} {TGT_MW.Gender?NonBinary:are|Default:is} soon joined by [[SCN_MW,{SCN_MW.Callsign}]], and not long after that, [[TRT_MW,{TRT_MW.Callsign}]] falls ill as well.

Rumors and fear spread faster than the virus, with stories of disfiguring boils, raging fevers, and delirium. Everyone finds themselves praying to whatever gods they worship.

Eventually, it is clear the quarantine has successfully limited the spread of the disease. For these three MechWarriors, however, the road to recovery will be extremely long and unpleasant.
1	Details	Darius assembles the staff for an emergency meeting. "[[TGT_MW,{TGT_MW.Callsign}]] has contracted a contagious, potentially fatal disease, likely from a recent shore leave excursion. We need to isolate an entire MedBay until {TGT_MW.Subj} {TGT_MW.Gender?NonBinary:recover|Default:recovers}. I've also notified the local authorities. They believe we've encountered a local strain of Periphery Pox, and can provide targeted drugs for ¢80,000. A steep price, but probably necessary."

Sumire volunteers, "I know somebody at a pharmaceutical research lab. They've been looking for somebody to test their new antivirals on. It'd be ¢200,000 to get in on the ground floor, but it would give us permanent access to the drug."
1	Details	[[TGT_MW,{TGT_MW.Callsign}]] is quarantined in one of the MedBays and medication administered. {TGT_MW.Subj_C} {TGT_MW.Gender?NonBinary:are|Default:is} soon joined by [[SCN_MW,{SCN_MW.Callsign}]].

Rumors and fear spread faster than the virus, with stories of paralyzed limbs, agonizing cramps, and hallucinations. Everyone finds themselves praying to whatever gods they worship.

Thankfully, the drugs provided by the planet at such great cost do their job, stopping the contagion in its tracks. Nobody else gets sick, but the two MechWarriors who contracted the disease have a long, slow road to recovery ahead.
1	Details	[[TGT_MW,{TGT_MW.Callsign}]] is quarantined in one of the MedBays and medication administered. {TGT_MW.Subj_C} {TGT_MW.Gender?NonBinary:are|Default:is} soon joined by [[SCN_MW,{SCN_MW.Callsign}]], and not long after that, [[TRT_MW,{TRT_MW.Callsign}]] falls ill as well.

Rumors and fear spread faster than the virus, with stories of disfiguring boils, raging fevers, and delirium. Everyone finds themselves praying to whatever gods they worship.

But the drugs provided by the planet do their job, stopping the contagion in its tracks. Nobody else gets sick, but the three MechWarriors who were infected are going to face a long, slow road to recovery.
1	Details	"What's really going on here?" You sit down on the edge of [[TGT_MW,{TGT_MW.Callsign}]]'s bunk. "This isn't really about your old callsign is it? I mean, you've been going by {TGT_MW.Callsign} this whole time without complaint."

{TGT_MW.Callsign} averts {TGT_MW.DET} gaze. "I guess I've been missing all the freedom and the fame back on [[DM.BaseDescriptionDefs[LoreSolaris7],Solaris VII]]… I don't know. I just wanted some attention again"

"Oh, you've got my <i>attention</i> alright," Darius says with a scowl.

You raise a hand up to quiet the XO. "This is clearly not the kind of attention you want, MechWarrior. But you can get all the recognition and glory you crave on my crew. Focus on your performance in and outside the cockpit and {TGT_MW.Callsign} will mean more than The Iron Mandible ever did."

{TGT_MW.Callsign} cracks a smile. "Challenge accepted, Commander. Let's see how famous I can make {TGT_MW.Callsign}, TITAN of STEEL and BREAKER of HEARTS!"
1	Details	[[TGT_MW,{TGT_MW.Callsign}]] is quarantined in one of the MedBays and provided local symptomatic treatment. {TGT_MW.Subj_C} {TGT_MW.Gender?NonBinary:are|Default:is} soon joined by [[SCN_MW,{SCN_MW.Callsign}]], and not long after that, [[TRT_MW,{TRT_MW.Callsign}]] falls ill as well.

Rumors and fear spread faster than the virus, with stories of disfiguring boils, raging fevers, and delirium. Everyone finds themselves praying to whatever gods they worship.

Eventually, it is clear the quarantine has successfully limited the spread of the disease. For these three MechWarriors, however, it's going to be a slow road to recovery.
1	Details	[[TGT_MW,{TGT_MW.Callsign}]] is quarantined in one of the MedBays and medication administered. {TGT_MW.Subj_C} {TGT_MW.Gender?NonBinary:are|Default:is} soon joined by [[SCN_MW,{SCN_MW.Callsign}]], and not long after that, [[TRT_MW,{TRT_MW.Callsign}]] falls ill as well.

Rumors and fear spread faster than the virus, with stories of paralyzed limbs, agonizing cramps, and hallucinations. Everyone finds themselves praying to whatever gods they worship.

Thankfully, the drugs provided by the planet at such great cost do their job, stopping the contagion in its tracks. Nobody else gets sick, but the three MechWarriors who contracted the disease have a long, slow road to recovery ahead.
1	Details	As the game progresses, the small group of fans grows into a crowd, as word spreads about the game.

[[TGT_MW,{TGT_MW.Callsign}]] can't seem to miss a shot at range, and [[TRT_MW,{TRT_MW.Callsign}]]'s ball handling is deceptively effective.

Meanwhile, [[SCN_MW,{SCN_MW.Callsign}]] rebounds like a machine for your team, constantly grabbing errant shots and tipping them in or dishing out to you at the perimeter.

The final play comes down to one ill-considered pass from {TGT_MW.Callsign}, a stolen ball, and your layup rolls perilously around the rim before falling in.

The crowd goes wild.
1	Details	"So, what's really going on," You look [[TGT_MW,{TGT_MW.Callsign}]] straight in the eye. "This isn't like you."

{TGT_MW.Callsign} crosses {TGT_MW.DET} arms. "Before I became a merc, fans screamed my name when I got in the ring on [[DM.BaseDescriptionDefs[LoreSolaris7],Solaris VII]]. They lined up for autographs. Here, I get nothing, not even a thank you—

"You get paid." Darius interrupts. "More than most gladiators, too."

You soften slightly. "Look, you're right there are no adoring fans on the <i>Argo</i>, but you're here because we believe in you. Now if I can't trust you to follow orders, this isn't going to work out. We're a team. And that's just as important in the ring as it is out here. You know that."

{TGT_MW.Callsign} murmurs {TGT_MW.DET} assent and agrees to behave. But later, the XO calls you. "{TGT_MW.Callsign} still has a real attitude, I nearly threw {TGT_MW.OBJ} in the brig. I'm going to stay on {TGT_MW.OBJ} until {TGT_MW.SUBJ} {TGT_MW.Gender?NonBinary:shape|Default:shapes} up or {TGT_MW.Gender?NonBinary:ship|Default:ships} out."
1	Details	Your team loses the toss, which turns out to be an accurate omen for the rest of the game.

[[TGT_MW,{TGT_MW.Callsign}]] can't seem to miss a shot at range, and [[TRT_MW,{TRT_MW.Callsign}]]'s ball handling is deceptively effective.

Pushing yourself harder and harder to keep up, the tide is just started to turn your way when [[SCN_MW,{SCN_MW.Callsign}]] rebounds an errant shot, and kicks it back to you. Coming down from your jumpshot, your ankle turns under you with an audible pop. 

{TGT_MW.Callsign} helps you to the MedBay, where the doctors begin to fuss over you. "Sorry, Commander, I think we all played a little too hard."
1	Details	[[TGT_MW,{TGT_MW.Callsign}]] is quarantined in one of the MedBays and provided local symptomatic treatment. {TGT_MW.Subj_C} {TGT_MW.Gender?NonBinary:are|Default:is} soon joined by [[SCN_MW,{SCN_MW.Callsign}]], and not long after that, [[TRT_MW,{TRT_MW.Callsign}]] falls ill as well.

Rumors and fear spread faster than the virus, with stories of paralyzed limbs, agonizing cramps, and hallucinations. Everyone finds themselves praying to whatever gods they worship.

Eventually, it is clear the quarantine has successfully limited the spread of the disease. For these three MechWarriors, however, it's going to be a slow road to recovery.
1	Details	[[TGT_MW,{TGT_MW.Callsign}]] is quarantined in one of the MedBays and provided local symptomatic treatment. {TGT_MW.Subj_C} {TGT_MW.Gender?NonBinary:are|Default:is} soon joined by [[SCN_MW,{SCN_MW.Callsign}]], and not long after that, [[TRT_MW,{TRT_MW.Callsign}]] falls ill as well.

Rumors and fear spread faster than the virus, with stories of paralyzed limbs, agonizing cramps, and hallucinations. Everyone finds themselves praying to whatever gods they worship.

Eventually, it is clear the quarantine has successfully limited the spread of the disease. For these three MechWarriors, however, it's going to be a long and extremely unpleasant road to recovery.
1	Details	Darius has called a rare emergency meeting. "Recently, we rescued a ship that was damaged as it departed a planet under quarantine. We hoped we'd avoided infection. We did not. Now [[TGT_MW,{TGT_MW.Callsign}]] has developed a highly contagious, potentially fatal disease."

Grimly, he lays out the path ahead. "We need to isolate an entire MedBay until {TGT_MW.Subj} {TGT_MW.Gender?NonBinary:recover|Default:recovers}. I've also contacted the local authorities, and they've offered to sell us medication for ¢120,000. An extortionate price, but without it, we may find ourselves in the same position as the ship we rescued."

Sumire adds, "I spoke to a friend at a pharmaceutical research lab, but this bug is beyond the scope of any of his experimental antivirals."
1	Details	Sumire frowns, while Darius confirms [[TGT_MW,{TGT_MW.Callsign}]]'s quarantine. {TGT_MW.Subj_C} {TGT_MW.Gender?NonBinary:are|Default:is} soon joined by [[SCN_MW,{SCN_MW.Callsign}]], and not long after that, [[TRT_MW,{TRT_MW.Callsign}]] moves in.

This time, rumors are supplemented by the tales of those who were sick last time: the boils, the delirium, the prayers.

But the antivirals do their job, stemming the tide of the contagion amongst the rest of the crew. For these three MechWarriors, however, it's going to be a tedious and painful road to recovery.
1	Details	Another emergency meeting. Darius says, "Commander, we're facing another outbreak of Periphery Pox. [[TGT_MW,{TGT_MW.Callsign}]] is the only one presenting symptoms so far."

Sumire says, "Okay, so {TGT_MW.Subj} {TGT_MW.Gender?NonBinary:get|Default:gets} {TGT_MW.Det} very own MedBay until {TGT_MW.Subj} {TGT_MW.Gender?NonBinary:recover|Default:recovers}. We still have access to the Pox antivirals we invested in before, but the system authorities recommend that we supplement them with drugs particular to the local strain of the disease. That would run us ¢40,000."

Sumire's gaze goes distant. "With hospital-grade facilities, the anti-viral research, and enough time and cash, we could develop a serum that would protect from <i>all</i> local strains."
1	Details	[[TGT_MW,{TGT_MW.Callsign}]] is quarantined in one of the MedBays and the antivirals administered. {TGT_MW.Subj_C} {TGT_MW.Gender?NonBinary:are|Default:is} soon joined by [[SCN_MW,{SCN_MW.Callsign}]].

Fearful rumors of the virus are countered by the story of Sumire's acquisition of the antivirals.

While these two MechWarriors will be out of commission for a while, the dangerous time passes quickly, leaving them exhausted but recovering.
1	Details	[[TGT_MW,{TGT_MW.Callsign}]] is quarantined in one of the MedBays and soon [[SCN_MW,{SCN_MW.Callsign}]] comes down with symptoms as well.

This time, rumors are supplemented by the tales of those who were sick last time: the boils, the delirium, the prayers. But the antivirals and the extra drugs that Sumire acquired immediately stem the worst of the symptoms, and the most fearful rumors quickly die down.

While these two MechWarriors will be out of commission for some time to come, the danger appears to be over.
1	Details	Darius knocks on the door of your quarters. "Commander, we have a problem." You gesture for him to enter.

"[[TGT_MW,{TGT_MW.Callsign}]] has been stealing med supplies and selling them while on shore leave. Morale <i>has</i> been low lately, but theft of company resources is a fireable offense. It's your call, Commander."
1	Details	Sumire frowns, while Darius confirms [[TGT_MW,{TGT_MW.Callsign}]]'s quarantine. {TGT_MW.Subj_C} {TGT_MW.Gender?NonBinary:are|Default:is} soon joined by [[SCN_MW,{SCN_MW.Callsign}]].

This time, rumors are supplemented by the tales of those who were sick last time: the boils, the delirium, the prayers.

But the antivirals do their job, stemming the tide of the contagion amongst the rest of the crew. For these three MechWarriors, however, it's going to be a tedious, unpleasant road back to active duty.
1	Details	Darius frowns at your decision. "Commander, I hate to just let this go, but you're the boss."

Later in the week, you see [[TGT_MW,{TGT_MW.Callsign}]] in the mess hall. {TGT_MW.Subj_C} {TGT_MW.Gender?NonBinary:are|Default:is} obviously in a good mood, as {TGT_MW.Subj} {TGT_MW.Gender?NonBinary:joke|Default:jokes} around with the other MechWarriors at the table.

Darius catches your eye from where he's sitting, looks over at {TGT_MW.Callsign}, then back at his food.
1	Details	You duck into the barracks after hearing raised voices. Darius's face is red with anger. "Get out of your bunk, [[TGT_MW,{TGT_MW.Callsign}]]. I won't repeat myself."

{TGT_MW.Callsign} lays in {TGT_MW.DET} bunk, cleaning {TGT_MW.DET} nails with a knife. "Look, I told you, XO. I'm not going by {TGT_MW.Callsign} anymore. I'm bringing back my old callsign—The Iron Mandible. That's the name I earned in ring on [[DM.BaseDescriptionDefs[LoreSolaris7],Solaris VII]]. Call me The Iron Mandible and I'll be happy to comply."

"You're not in charge here, {TGT_MW.Callsign}. And for the record, The Iron Mandible is a terrible name. Way too many syllables." Darius turns to you. "This is ridiculous, Commander. What do you want to do about {TGT_MW.Callsign}?"
1	Details	You step between Darius and the MechWarrior. "Look [[TGT_MW,{TGT_MW.Callsign}]] might be a ridiculous name, but was {TGT_MW.DET} old callsign any better? Let it go, Darius. Its {TGT_MW.DET} choice. Let's honor {TGT_MW.DET} name and get {TGT_MW.OBJ} back to work."

Darius crosses his arms, but after a long inhale he begrudgingly nods his head in compliance. "Alright, <i>The Iron Mandible</i>." His annoyance is obvious. "Are you ready to follow orders?"

The Iron Mandible jumps out of {TGT_MW.DET} bunk, standing at attention. "Yes, sir. What can the toughest THRASHAGEDDON semifinalist do for you?"

Darius smirks. "Didn't realize we were working with a celebrity. We'll need your famous face to report to the cargo hold. We got a dozen supply pallets that need hauling."

"Easy." {TGT_MW.SUBJ_C} {TGT_MW.Gender?NonBinary:raise|Default:raises} a triumphant fist, flexing one arm. "Those puny pallets are no match for The Iron Mandible!"
1	Details	[[TGT_MW,{TGT_MW.Callsign}]] is quarantined in one of the MedBays and medication administered. {TGT_MW.Subj_C} {TGT_MW.Gender?NonBinary:are|Default:is} soon joined by [[SCN_MW,{SCN_MW.Callsign}]].

Rumors and fear spread faster than the virus, with stories of disfiguring boils, raging fevers and delirium. Everyone finds themselves praying to whatever gods they worship.

But the drugs provided by the planet do their job, stopping the contagion in its tracks. Nobody else gets sick, but the three MechWarriors who were infected face a long, slow road to recovery.
1	Details	That evening, [[TGT_MW,{TGT_MW.Callsign}]] arrives in your office. When {TGT_MW.Subj} {TGT_MW.Gender?NonBinary:see|Default:sees} your expression, a cloud of worry passes over {TGT_MW.DET} face.

Darius drags out a footlocker with the MechWarrior's callsign clearly printed on the side, and empties its contents. Pilfered medical supplies cascade to the floor.

You say, "Soldier, you're lucky that we don't vent you from an airlock. Until we can dump you on the nearest planet, though, you're confined to quarters. And don't expect a severance package or a glowing letter of referral."
1	Details	That evening, [[TGT_MW,{TGT_MW.Callsign}]] arrives in your office. When {TGT_MW.Subj} {TGT_MW.Gender?NonBinary:see|Default:sees} your expression, a cloud of worry passes over {TGT_MW.DET} face.

Darius drags out a footlocker with the MechWarrior's callsign clearly printed on the side, and empties its contents. Pilfered medical supplies cascade to the floor.

You say, "Soldier, it's lucky for you that you've got skills in a 'Mech, or we'd vent you from an airlock. For the next month, though, you're barred from shore leave, and we'll be docking your pay until we recoup costs for all the supplies you've stolen."
1	Details	Darius's slow grin tells you how much he likes your idea.

"I just so happen to have some connections in this system's black markets. I'll put [[TGT_MW,{TGT_MW.Callsign}]] in touch with them. {TGT_MW.SUBJ_C} clearly {TGT_MW.Gender?NonBinary:have|Default:has} a knack for this. Yeah, we can definitely turn this to our advantage."
1	Details	"On a combat drop, you're only as good as your weapons. When you're in the middle of a fight, you need to know the capabilities—and the limitations—of whatever 'Mech you're piloting."

You do a quick search on one of the computers then flip it around for {TGT_MW.OBJ} to see. "Here, start with the tech behind Heat Sinks. Knowing how to push your 'Mech's limits will prove invaluable in every drop I send you on."

[[TGT_MW,{TGT_MW.Callsign}]] furrows {TGT_MW.DET} brow and bends low over the detailed treatise, already engrossed in the material.
1	Details	"On a combat drop, you're only as good as your weapons. When you're in the middle of a fight, you need to know the capabilities—and the limitations—of whatever 'Mech you're piloting."

You do a quick search on one of the computers then flip it around for {TGT_MW.OBJ} to see. "Here, study these autocannon drop calculations. You'll understand why different classes of autocannons are effective at different ranges. Don't take the shot until you can make it count!"

[[TGT_MW,{TGT_MW.Callsign}]] furrows {TGT_MW.DET} brow and bends low over the detailed treatise, already engrossed in the material.
1	Details	Darius nods and arranges to send [[TGT_MW,{TGT_MW.Callsign}]] to the planet for a month of networking among the medical supplies vendors.

Soon, the fruits of {TGT_MW.Det} labors begin to arrive, boosting the effectiveness of the MedBay with generous samples and clinical trials from the {TGT_SYSTEM.Name} system's best labs.

Later in the week, Darius delivers a smug update. "{TGT_MW.Callsign} tells us {TGT_MW.Subj} {TGT_MW.Gender?NonBinary:have|Default:has} commitments stretching for the rest of the month. Given what {TGT_MW.Gender?Male:he's|Female:she's|NonBinary:they've} already accomplished, I'm looking forward to what's yet to come."
1	Details	"I have plenty of people who can pull a trigger, [[TGT_MW,{TGT_MW.Callsign}]]. What I need are more MechWarriors that can see the big picture on the battlefield."

You do a quick search on one of the computers then flip it around for {TGT_MW.OBJ} to see. {TGT_MW.SUBJ_C} {TGT_MW.Gender?NonBinary:read|Default:reads} the passage aloud. "Victorious MechWarriors win first and then engage the enemy, while defeated MechWarriors start the battle and then try to win."

Slapping {TGT_MW.Callsign} on the back, "When you're confident in your command of the battlefield, you can make the tough calls, the bold maneuvers, the smart decisions."
1	Details	"I have plenty of people who can pull a trigger, [[TGT_MW,{TGT_MW.Callsign}]]. What I need are more MechWarriors that can see the big picture on the battlefield."

You do a quick search on one of the computers then flip it around for {TGT_MW.OBJ} to see. {TGT_MW.SUBJ_C} {TGT_MW.Gender?NonBinary:read|Default:reads} the passage aloud. "Do not rely on the likelihood of the enemy <i>not</i> attacking, but rely on your own readiness to defend against him; make your position unassailable."

Slapping {TGT_MW.Callsign} on the back, "Remember that the next time you get sent down to defend one of our client's facilities."
1	Details	Darius nods and arranges to send [[TGT_MW,{TGT_MW.Callsign}]] to the planet for a month of networking among the medical supplies vendors.

{TGT_MW.Subj} {TGT_MW.Gender?NonBinary:focus|Default:focuses} on establishing an ongoing clinical trial partnership between the <i>Argo</i>'s extensive Hospital Bay and planetside labs.

Later in the week, Darius delivers an update. "The fruits of {TGT_MW.Callsign}'s labors have begun to arrive, and they're very impressive. Our data on in-the-field applications of the newest drugs and experimental supplies will open up long-term benefits for all of us."
1	Details	Darius nods and arranges to send [[TGT_MW,{TGT_MW.Callsign}]] to the planet for a month of networking among the medical supplies vendors.

Soon, the fruits of {TGT_MW.Det} labors begin to arrive, boosting the effectiveness of the MedBay with generous samples of full treatment regimens from the {TGT_SYSTEM.Name} system's best labs.

Later in the week, Darius delivers an update with a satisfied expression on his face. "{TGT_MW.Callsign} tells us {TGT_MW.Subj} {TGT_MW.Gender?NonBinary:have|Default:has} commitments stretching for the rest of the month, and expects to arrange even better supply drops than the ones we've already received."
1	Details	Darius nods and arranges to send [[TGT_MW,{TGT_MW.Callsign}]] to the planet for a week of networking among the medical supplies vendors.

Soon, the fruits of {TGT_MW.Det} labors begin to arrive, boosting the short-term effectiveness of the MedBay with samples of cutting-edge and experimental medicines from the {TGT_SYSTEM.Name} system's best labs.

Later in the week, Darius delivers an update. "{TGT_MW.Callsign} has done all that {TGT_MW.Subj} could. This is about what I was hoping for, given such a short window of opportunity."
1	Details	Darius nods and arranges to send [[TGT_MW,{TGT_MW.Callsign}]] to the planet for a week of networking among the medical supplies vendors.

Soon, the fruits of {TGT_MW.Det} labors begin to arrive, boosting the short-term effectiveness of the MedBay with samples of cutting-edge medicines from the {TGT_SYSTEM.Name} system's best labs.

Later in the week, Darius delivers an update. "{TGT_MW.Callsign} has done all that {TGT_MW.Subj} could in such a short timeframe. I was honestly hoping for a bit more, but it will have to do."
1	Details	"No one knows, MechWarrior. But there are resources for dealing with this anxiety. I've scheduled you for an appointment with the chief MedTech first thing tomorrow." You give an encouraging smile, but [[TGT_MW,{TGT_MW.Callsign}]] is unmoved. "There's no shame in asking for a little help."

"I know, Commander, but I'm asking <i>you</i> for help. Not the MedTechs."

"I <i>am</i> helping you by getting you proper treatment. This isn't a suggestion, MechWarrior. It's an order." {TGT_MW.Callsign} utters a grunt in acknowledgment, but the conversation dwindles and ends shortly. 

The next day, Darius reports in: "{TGT_MW.Callsign} never showed up for {TGT_MW.DET} appointment. I hunted {TGT_MW.OBJ} down and {TGT_MW.SUBJ} got in my face. I disciplined {TGT_MW.OBJ}, but I'll be watching {TGT_MW.OBJ} from now on."
1	Details	During the daily briefing, Dr. Murad raises a hand. "There will be a rare meteor shower on [[TGT_SYSTEM,{TGT_SYSTEM.Name}]]. I thought it would boost everyone's spirits if we viewed the phenomenon from up close on the observation deck."

"Sounds risky." Darius shakes his head. "It's not like the <i>Argo</i> has brakes."

"Well, how about we install a telescopic camera on the hull?" Dr. Murad persists. "[[TGT_MW,{TGT_MW.Callsign}]] volunteered to mount it."

"Maybe it'd be safer to take the Leopard down to {TGT_SYSTEM.Name}'s surface and view the pretty lights from a safe distance?" Yang beams. "Hell, I'll even cook. What do you say, Commander?"
1	Details	You consider Yang and shake your head. "Let's stick to the observation deck."

Crew members and MechWarriors huddle on the observation deck, bottles clink and bets are placed. When the first star zips across the sky they cheer, but soon the crowd quiets.

The company looks on in awe as a hundred points of light stream through the darkness. The rocks flare up as they enter the atmosphere of [[TGT_SYSTEM,{TGT_SYSTEM.Name}]], leaving a radiant but brief trail.

"Shouldn't have doubted you," Yang whispers to Dr. Murad. Then he raises his voice to the crowd. "How about I break out my special stash of [[DM.BaseDescriptionDefs[LoreTripleFBurger],Triple-F Burgers]]?" Another cheer goes up, then music plays over the comm system. Eventually, Yang even sort-of dances.

You find Dr. Murad on the opposite end of the festivities and thank her. With a fork and knife, she slices a grilled PB&J into neat squares. "It's good to remember that space is more than just deadly anomalies and bleak emptiness."
1	Details	Darius nods and arranges to send [[TGT_MW,{TGT_MW.Callsign}]] to the planet for a month of networking among the medical supplies vendors.

Soon, the fruits of {TGT_MW.Det} labors begin to arrive, boosting the effectiveness of the MedBay with generous samples of cutting-edge medicines from the {TGT_SYSTEM.Name} system's best labs.

Later in the week, Darius delivers an update. "{TGT_MW.Callsign} tells us {TGT_MW.Subj} {TGT_MW.Gender?NonBinary:have|Default:has} commitments stretching for the rest of the month, but doesn't expect to arrange much better than what we're getting now. Given the time spent planetside, I was honestly hoping for more… but it will have to do."
1	Details	Strolling down the hall, you collide with [[TGT_MW,{TGT_MW.Callsign}]], who seems to be in a hurry. "Oh, Commander! I was looking for Darius but you'll do… [[SCN_MW,{SCN_MW.Callsign}]] is on the verge of a brawl with [[TRT_MW,{TRT_MW.Callsign}]]. We need someone in authority to break this up."

You raise your eyebrows. "You have command experience, don't you, {TGT_MW.Callsign}?"

{TGT_MW.Callsign} blinks. "Well, yeah. But on board your ship, I'm just a pilot. I don't want to overstep my rank."
1	Details	You say, "Good idea. Always respect the chain of command. And right now I'm commanding you to go deal with this yourself."

[[TGT_MW,{TGT_MW.Callsign}]] salutes and vanishes back the way {TGT_MW.SUBJ} came.

Later, you hear through the grapevine that {TGT_MW.SUBJ} managed to diffuse the situation before things got out of hand.
1	Details	You say, "Good idea. Always respect the chain of command. And right now I'm commanding you to go deal with this yourself."

[[TGT_MW,{TGT_MW.Callsign}]] salutes and vanishes back the way {TGT_MW.SUBJ} came.

Later, you overhear {TGT_MW.Callsign} barking at {TGT_MW.DET} fellow pilots as they jog through the corridors.
1	Details	An argument draws you into the mess hall. [[SCN_MW,{SCN_MW.Callsign}]] starts toward you, red-faced and scowling. "Commander, I hate to bother you with this, but [[TGT_MW,{TGT_MW.Callsign}]] is slacking off again. We're supposed to <i>share</i> garbage detail, but <i>{TGT_MW.SUBJ}</i>–"

"Share? You want me to <i>share</i>?! Commander, <i>this</i> asshole is the reason we're on cleanup duty in the first place! {SCN_MW.SUBJ_C} {SCN_MW.Gender?NonBinary:act|Default:acts} like {SCN_MW.SUBJ}{SCN_MW.Gender?NonBinary:'re|Default:'s} my boss! Just last week, {SCN_MW.SUBJ} filed <i>two dozen</i> complaints with the XO and got us <i>both</i> put on garbage detail! And {SCN_MW.SUBJ} did it over <i>nothing</i>!"

"An infraction's an infraction." {SCN_MW.Callsign} sneers. "If you stop messing up, I'll stop reporting you."
1	Details	"That happened to me once…"

[[TGT_MW,{TGT_MW.Callsign}]] spins around, visibly pained by the sudden movement.

"I was younger then, running with a pretty rough crowd. Well, let's be honest… we were pirates. It wasn't a glorious life, and it wasn't safe. But it was ours and we fought like hell to keep it that way, every day."

You put a hand on {TGT_MW.Det} shoulder. "Remember that, {TGT_MW.Callsign}. I can put you in another 'Mech. I can give you a paycheck and a hot meal. But the world out there is out to kill you, and you need to <i>fight</i> to survive. Every day."

It's always a roll of the dice on how a MechWarrior will come out of an injury like this. Time will tell.
1	Details	"That happened to me once…"

[[TGT_MW,{TGT_MW.Callsign}]] spins around, visibly pained by the sudden movement.

"I was fighting for the Aurigan Coalition, back before everything went to hell. A pirate shot my 'Mech out from under me, put me in the infirmary for a month. I didn't know how good I had it back then. I wasn't in a hurry to get back out there, but I should have been."

You put a hand on {TGT_MW.Det} shoulder. "Remember that, {TGT_MW.Callsign}. You find something to fight for. Something that matters. That's what is going to get you back on your feet. Back in that 'Mech. Fighting again."

It's always a roll of the dice on how a MechWarrior will come out of an injury like this. Time will tell.
1	Details	You say, "Good idea. Always respect the chain of command. And right now I'm commanding you to go deal with this yourself."

[[TGT_MW,{TGT_MW.Callsign}]] salutes and vanishes back the way {TGT_MW.SUBJ} came.

Later, Darius mentions he had to rescue {TGT_MW.Callsign} from being pounded by the other two MechWarriors, who are now on kitchen duty.
1	Details	You sigh. "Spoken like a true wash-out. Well, not everybody is suited to command. Out of the way, MechWarrior. Somebody's got to sort those kids out."

You stalk down the hall, into the mess, and generally lay waste to everyone present. 

The next morning, everybody not confined to barracks walks on eggshells around you, especially [[TGT_MW,{TGT_MW.Callsign}]].
1	Details	You sigh. "Spoken like a true wash-out. Well, not everybody is suited to command. Out of the way, MechWarrior. Somebody's got to sort those kids out."

[[TGT_MW,{TGT_MW.Callsign}]] winces. "Ah... No, Commander. I'll deal with it. Sorry to interrupt you."

Later, Darius speaks approvingly of {TGT_MW.Callsign}'s technique of defusing a tense situation by promising an even worse one if they don't 'calm the hell down.'
1	Details	While browsing in the <i>Argo</i>'s library, you find [[TGT_MW,{TGT_MW.Callsign}]] with a pile of printed materials, Holovid chips, and datapads.

"Commander, I'm… well, I'm a bit lost, actually. I'm pretty new here, and I'd like to make myself as useful as possible." {TGT_MW.SUBJ_C} {TGT_MW.Gender?NonBinary:gesture|Default:gestures} at the pile.

"Maybe if I could do more than just pull the trigger on my LRM, I might get more contract assignments. I, uh…" {TGT_MW.SUBJ} {TGT_MW.Gender?NonBinary:hesitate|Default:hesitates}. "My folks depend on the money I send them, and I can't afford to be let go from another mercenary company. What do <i>you</i> think I should study?"
1	Details	You say, "In an outfit like this, you only get promoted if you take the initiative." You pause meaningfully.

[[TGT_MW,{TGT_MW.Callsign}]] says, "Honestly, I'm fine just being a pilot right now. So anyhow, about those guys? I don't want anybody to end up in the MedBay!"

You sigh and contact Darius to deal with the issue.
1	Details	You say, "In an outfit like this, you only get promoted if you take the initiative." You pause meaningfully.

[[TGT_MW,{TGT_MW.Callsign}]] looks thoughtful. Then, without another word, {TGT_MW.Subj} {TGT_MW.Gender?NonBinary:return|Default:returns} down the corridor.

Later, you hear {TGT_MW.Callsign} dragged both bickering MechWarriors to the MedBay to have bruised foreheads examined, and everybody was remarkably cheerful about it.
1	Details	You say, "In an outfit like this, you only get promoted if you take the initiative." You pause meaningfully.

[[TGT_MW,{TGT_MW.Callsign}]] gulps, salutes, and goes back to the brewing brawl.

Soon {TGT_MW.Callsign}'s raised voice echoes through the ship. In the end, no one is injured, but there's still bad blood for the next few days.
1	Details	As shore leave ends, your MechWarriors and ship's crew arrive at the spaceport, sharing stories of their adventures and entertainments. Then Darius arrives, his brow furrowed in concern. He pulls you aside and puts his communicator on speaker, so both of you can hear [[TGT_MW,{TGT_MW.Callsign}]].

"Commander, I'm in a bit of a situation. I went on an expedition to some nearby ruins, and I, uh, I think I'm being hunted by some of the native wildlife. Whatever these things are, I'm pretty sure they're eating some of the other tourists right now… yeah, those are definitely 'I'm getting eaten' screams. Can I get a little help?"
1	Details	Leaving Darius to keep [[TGT_MW,{TGT_MW.Callsign}]] calm, you gather several MechWarriors and acquire an all-terrain vehicle.

When you finally arrive at the emergency beacon, {TGT_MW.Callsign} is perched high in a tree. Blood drips from a mangled leg to the ground below, where several meter-long insectoids with trifurcated, razor-sharp mouthparts wait patiently for their prey to fall.

A few well-placed gunshots send the creatures scurrying to the safety of the ruins, and you and the others manage to get the wounded MechWarrior to safety.
1	Details	[[TGT_MW,{TGT_MW.Callsign}]] steels {TGT_MW.DET} nerve. "You're right, Commander. I'm not going to let a pack of meter-long, razor-jawed insectoids push <i>me</i> around."

Sharing a look with Darius, you gather several MechWarriors and quickly acquire an all-terrain vehicle.

When you finally arrive at the emergency beacon, {TGT_MW.Callsign} is leaning against the trunk of a tree, trying to tourniquet {TGT_MW.Det} own leg. Scattered around are the dead bodies of the massive insects {TGT_MW.Subj} described earlier. They didn't go down without a fight.
1	Details	You raise your voice and both MechWarriors turn to you, [[TGT_MW,{TGT_MW.Callsign}]]'s fist relaxing. "If you MechWarriors have a dispute, go settle it in the Battle Pods. Frankly, you both need the practice."

The MechWarriors grumble and wander off. You hear later from Yang that the sim battle between {TGT_MW.Callsign} and [[SCN_MW,{SCN_MW.Callsign}]] drew a huge crowd. "Those warriors both treated their sim battle like real war, Boss, and by the end of it I think they kinda forgot what they were fighting about."
1	Details	The deliciously-spiced meal turns to ash in your mouth when [[SCN_MW,{SCN_MW.Callsign}]] suddenly clutches {SCN_MW.Det} throat and falls, gasping, to the floor. You hop over your table to pull {SCN_MW.DET} twitching form away from obstacles. Then you're tugged out of the way by one medic while another plunges a syringe of epinephrine into the victim's thigh.

As {SCN_MW.Callsign}'s allergic reaction subsides, you glance around and see the aghast expression on [[TGT_MW,{TGT_MW.Callsign}]]'s face. A dozen plates are pushed forward in unison.
1	Details	In the mess hall, [[TGT_MW,{TGT_MW.Callsign}]] chides {TGT_MW.Det} fellow MechWarriors, "Come on, back home we ate critters like this all the time. Well, not <i>exactly</i> like this… our birds weren't furry, and they only had <i>two</i> legs." Sumire's nose wrinkles as she pokes at the meat with a fork. "Technically, I think that'd make {TGT_MW.Callsign}'s mystery animal a monotreme, like a platypus or an echidna. It does smell pretty good, though."

After some initial hesitation, the crew enthusiastically devours the evening's grand experiment, and are soon toasting {TGT_MW.Callsign} for a job well done.
1	Details	[[TGT_MW,{TGT_MW.Callsign}]] steels {TGT_MW.DET} nerve. "You're right, Commander. I'm not going to let a pack of meter-long, razor-jawed insectoids push <i>me</i> around."

Sharing a look with Darius, you gather several MechWarriors and quickly acquire an all-terrain vehicle.

When you finally arrive at the emergency beacon, {TGT_MW.Callsign} is leaning against the trunk of a tree, exhausted but in one piece. Scattered around are the dead bodies of the massive insects {TGT_MW.Subj} described earlier.

"Commander!" {TGT_MW.SUBJ} {TGT_MW.Gender?NonBinary:shout|Default:shouts}. "So glad you're here—my ammo's nearly dry."
1	Details	"Stand down, [[TGT_MW,{TGT_MW.Callsign}]]! Now!"

[[SCN_MW,{SCN_MW.Callsign}]] snaps to attention. {TGT_MW.Callsign}'s fist trembles for a moment before {TGT_MW.SUBJ} too {TGT_MW.Gender?NonBinary:pivot|Default:pivots} and {TGT_MW.Gender?NonBinary:stand|Default:stands} to attention.

"What's going on here, MechWarriors?" you bark as Yang catches up.

Both warriors look straight ahead and say, "Nothing, Commander!"

You dismiss them and frown at Yang, who says, "I don't know either, but I'll try to keep 'em apart the next time they're in here."
1	Details	[[TGT_MW,{TGT_MW.Callsign}]]'s arm flexes a couple of times, but {TGT_MW.SUBJ} {TGT_MW.Gender?NonBinary:don't|Default:doesn't} finish the punch. "Okay," {TGT_MW.SUBJ} {TGT_MW.Gender?NonBinary:say|Default:says} to [[SCN_MW,{SCN_MW.Callsign}]], shaking out {TGT_MW.DET} fist. "You're right."

{SCN_MW.Callsign} visibly relaxes and says, "Yeah, I am. And you were way out of line—oh hey, Commander, Chief. {TGT_MW.Callsign} and I were just heading off to the mess deck to get some grub."

As the two warriors leave, Yang says, "I have no idea what just happened here, Boss."
1	Details	[[TGT_MW,{TGT_MW.Callsign}]] punches [[SCN_MW,{SCN_MW.Callsign}]] in the face. {SCN_MW.Callsign}'s head snaps back before {SCN_MW.SUBJ} {SCN_MW.Gender?NonBinary:recover|Default:recovers} {SCN_MW.DET} balance and {SCN_MW.Gender?NonBinary:charge|Default:charges}. They both tumble to the deck.

{TGT_MW.Callsign} suddenly notices you there, "Oh crap."

{TGT_MW.SUBJ_C} {TGT_MW.Gender?NonBinary:rocket|Default:rockets} to {TGT_MW.DET} feet. "Commander, we were just, um… crap." {SCN_MW.Callsign} refuses to meet your gaze.

"I don't suppose you're going to explain this to me," you say, and the MechWarriors remain silent. "Fine. One week kitchen labor for each of you. Report to the mess deck." After a moment, you add, "On different shifts."
1	Details	[[TGT_MW,{TGT_MW.Callsign}]] steels {TGT_MW.DET} nerve. "You're right, Commander. I should be able to outsmart a pack of meter-long insectoids… I mean, they may have mandibles like hydraulic shears, but how <i>smart</i> could they be?"

Sharing a look with Darius, you gather several MechWarriors and quickly acquire an all-terrain vehicle.

When you finally arrive at the emergency beacon, you see {TGT_MW.Callsign} perched high in a tree. Blood drips from a mangled leg to the ground below, where the creatures wait patiently for your MechWarrior to fall into their gaping maws.

A few well-placed gunshots send the creatures scurrying to the safety of the ruins, while you and the others manage to get the wounded MechWarrior to safety.
1	Details	[[TGT_MW,{TGT_MW.Callsign}]] steels {TGT_MW.DET} nerve. "You're right, Commander. I should be able to outsmart a pack of meter-long insectoids… I mean, they may have mandibles like hydraulic shears, but how <i>smart</i> could they be?"

Sharing a look with Darius, you gather several MechWarriors and quickly acquire an all-terrain vehicle.

When you finally arrive at the emergency beacon, you see that several areas of the ruins are ablaze. Silhouetted against the fires, {TGT_MW.Callsign} marches toward you, cool as can be.

"Commander!" {TGT_MW.SUBJ} {TGT_MW.Gender?NonBinary:shout|Default:shouts}. "They were tracking me by heat. So I gave those bugs a merry chase."
1	Details	On the other end of the communicator you can practically hear [[TGT_MW,{TGT_MW.Callsign}]] thinking. "Hey, I <i>have</i> read about these bugs. Shit! They're going to find me here. They can sense heat. I'll need to give them something hotter to chase after."

While {TGT_MW.Callsign} rambles, you gather the attention of several MechWarriors, and they quickly acquire an all-terrain vehicle for you to pile into.

When you finally arrive at the emergency beacon, you see that several areas of the ruins are ablaze. Silhouetted against the fires, {TGT_MW.Callsign} marches toward you, cool as can be.

"Commander!" {TGT_MW.SUBJ} {TGT_MW.Gender?NonBinary:shout|Default:shouts}. "Thanks for picking me up. I gave those bugs a merry chase, but I was running out of things to light on fire."
1	Details	"It all comes down to luck in the end. I've lost friends to freak accidents and seen enemies walk away from hits that should've ground them into pulp." You pour two glasses of whiskey and slide one over to [[TGT_MW,{TGT_MW.Callsign}]].

{TGT_MW.SUBJ_C} {TGT_MW.Gender?NonBinary:sip|Default:sips} {TGT_MW.DET} drink, but {TGT_MW.DET} focus is on you. "It doesn't seem fair." 

"It's not, but I promise I'll do everything in my power to make sure you and every member of this outfit gets off the battlefield in one piece."

"This crew is all I've got." {TGT_MW.Callsign} raises {TGT_MW.DET} drink. "If it weren't for all of you, I think I would have called it quits by now. Thanks for taking the time to talk, Commander."
1	Details	"In the end, we'll all end up on that wall, but you've got plenty of time. You're the best of the best, [[TGT_MW,{TGT_MW.Callsign}]]." You look {TGT_MW.OBJ} straight in the eyes. "Plain and simple."

{TGT_MW.SUBJ_C} {TGT_MW.Gender?NonBinary:sigh and shake|Default:sighs and shakes} {TGT_MW.DET} head. "I've cleaned better MechWarriors than me out of cockpits, Commander. Meat is cheap."

"Keep thinking like that and you'll end up just like them."

"Some pep talk, Commander." {TGT_MW.Callsign} slumps, resting {TGT_MW.DET} head back against the bulkhead and closing {TGT_MW.DET} eyes. "I guess I'll give sleep another shot."
1	Details	"Let's go planetside." You shrug. "What's the worst that could happen?"

On a secluded patch of [[TGT_SYSTEM,{TGT_SYSTEM.Name}]], the crew looks up as storm clouds move in fast, crowding the night sky.

A shout goes up here and there as pilots catch the glimmer of a meteor, but soon heavy rains push the company back into the Leopard before they can start celebrating. Crowded inside, they return sooner than expected, griping loudly.

"Some shower," Sumire says, wringing the moisture from her hair.
1	Details	"Let's go planetside." You smile. "We've earned some R&R."

On a secluded patch of [[TGT_SYSTEM,{TGT_SYSTEM.Name}]], Yang grills [[DM.BaseDescriptionDefs[LoreTripleFBurger],Triple-F Burgers]] while MechWarriors play cards and toss a basketball through a corroded coupling seal they brought planetside.

Once the first meteor zips across the sky, voices rise in celebration, but soon the crowd quiets and the games stop. The company looks on in awe as a hundred points of light stream through the darkness.

Back on the <i>Argo</i>, you notice that the crew is in good spirits but still focused. In the hallway, Sumire nudges you in the ribs. "We should celebrate more often. Even when there aren't space rocks flying into nearby planets. Good call, Commander."
1	Details	"There's no predicting when you'll end up on the Memorial Wall. Don't let it get to you." You pause, reflecting for a moment. "I've seen MechWarriors throw their lives away over these kind of doubts."

[[TGT_MW,{TGT_MW.Callsign}]] lowers {TGT_MW.DET} head. "I don't want to end up like that."

"You've still got time. Feel free to stop by my quarters any time, but you should really check in with the MedTechs. They can work wonders, whether you need counselling or a prescription or anything else."

{TGT_MW.Callsign} looks into the distance thoughtfully and then nods {TGT_MW.DET} head. "I've trusted you with my life every time I've been on the battlefield. No reason to stop now. I'll see the MedTechs tomorrow, Commander."
1	Details	"We'll all end up on that wall in the end, so here's a little advice. Loosen up a little. Enjoy the ride while you can." You pour two tall glasses of whiskey and slide one over to [[TGT_MW,{TGT_MW.Callsign}]]. 

As you savor the fire in your throat and the lingering taste of smoke, {TGT_MW.Callsign} gulps {TGT_MW.DET} liquor down. {TGT_MW.SUBJ_C} {TGT_MW.Gender?NonBinary:push|Default:pushes} {TGT_MW.DET} glass toward you. "In that case, how about another?"

You oblige {TGT_MW.OBJ} and {TGT_MW.SUBJ} {TGT_MW.Gender?NonBinary:drain|Default:drains} another glass. After a couple more rounds, you dismiss {TGT_MW.Callsign} for the night and {TGT_MW.SUBJ} {TGT_MW.Gender?NonBinary:stumble|Default:stumbles} back to the barracks.

Later in the week, Darius reports that {TGT_MW.Callsign} is in better spirits, but {TGT_MW.SUBJ} {TGT_MW.Gender?NonBinary:are|Default:is} drinking heavily each day.
1	Details	"We'll all end up on that wall one day, but it takes more than luck to make it as far as you have, MechWarrior." You rest a reassuring hand on [[TGT_MW,{TGT_MW.Callsign}]]'s shoulder. "You're here because of your talent. Frankly, you've taken some hits that would have put me in early retirement."

{TGT_MW.Callsign} stares at {TGT_MW.DET} boots. "But what if I slip?"

"Then we'll catch you. Every single member of this outfit has your back, on or off the battlefield. If you need to talk for an hour, or a night, or every night, I'm here for you."

"Thanks, Commander." A faint smile cracks {TGT_MW.Callsign}'s face. "I won't abuse this privilege. You have my word."
1	Details	"Dr. Murad knows best," you say. "Send [[TGT_MW,{TGT_MW.Callsign}]] out to mount a camera."

In a few hours, {TGT_MW.Callsign} returns safely to the <i>Argo</i> and Dr. Murad organizes an enhanced viewing party in the mess. "I adjusted the diffraction grating so we can observe the full range of the shower's spectra."

On a viewcreen, the meteors flare up and cerulean tails shimmer with fuchsia and magenta. While the high fidelity display draws a number of cheers and gasps, the MechWarriors crowd around {TGT_MW.Callsign}. {TGT_MW.DET_C} story of narrowly avoiding a shooting star while mounting the camera gets repeated over and over during the following days. 

{TGT_MW.Callsign} clearly has a real knack for handling {TGT_MW.OBJ}{TGT_MW.Gender?NonBinary:selves|Default:self} in low gravity and continues to volunteer for more tasks that require {TGT_MW.OBJ} to venture outside the <i>Argo</i> in an [[DM.BaseDescriptionDefs[LoreEVA],EVA]] suit.
1	Details	You turn from Yang to Dr. Murad. "I'll trust the doctor. Send [[TGT_MW,{TGT_MW.Callsign}]] out to mount the telescopic camera."

After a few tense hours pass, {TGT_MW.Callsign} returns in a damaged environment suit. "Rotation assembly nearly crushed me. Sprained my ankle pretty good."

Despite {TGT_MW.DET} injures, {TGT_MW.SUBJ} managed to mount the telescopic camera on the <i>Argo</i>'s hull. While the high fidelity display draws a number of viewers, most of the crew crowds around {TGT_MW.Callsign} in the MedBay. They're clamoring to know how {TGT_MW.SUBJ} survived.

"This is going to sound ridiculous, but an old spacer taught me this trick," {TGT_MW.Callsign} says. "Duct tape, of all things, actually forms a durable seal. Bought me enough time to climb back to the airlock."

The story causes nearly every crew member to keep a roll of duct tape handy at all times for the next couple weeks as spirits rise and new uses for the tape keep getting discovered.
1	Details	Darius meets you in the galley bearing some unfamiliar fruits and a number of spice packets. "[[TGT_MW,{TGT_MW.Callsign}]] returned from shore leave with gifts: a big bag of this produce, some spices, and a bunch of meat from a hunting trip. I've got no idea what the animal is called, but the haunches are bigger than I am." 

He turns one of the strange fruits in the light and its color shifts from green to iridescent purple. "How do you feel about adding this to our stocks? Could make for a nice change of pace."
1	Details	Late in the evening, [[TGT_MW,{TGT_MW.Callsign}]] ducks into your quarters. Dark circles rim {TGT_MW.DET} bloodshot eyes. "Hey, Commander… I, uh, know you're busy, but I don't know where to turn."

"What's wrong, MechWarrior?"

{TGT_MW.Callsign}'s voice trembles. "I haven't slept for days. I keep thinking why <i>me</i>? Why am I alive? I've seen ejections fail, ammo explosions, and impossible headshots. Rookies, veterans, it doesn't matter. How long until my picture is added to the Memorial Wall?"
1	Details	You raise your voice and both MechWarriors turn to you, [[TGT_MW,{TGT_MW.Callsign}]]'s fist relaxing. "If you MechWarriors have a dispute, go settle it in the Battle Pods. Frankly, you both need the practice."

The MechWarriors grumble and wander off. You hear later from Yang that {TGT_MW.Callsign} "absolutely trashed [[SCN_MW,{SCN_MW.Callsign}]], just destroyed {SCN_MW.OBJ}" in the simulated battle, and that {SCN_MW.Callsign} has been moping ever since.
1	Details	You raise your voice and both MechWarriors turn to you, [[TGT_MW,{TGT_MW.Callsign}]]'s fist relaxing. "If you MechWarriors have a dispute, settle it in the Battle Pods. Frankly, you both need the practice."

The MechWarriors grumble and wander off. You hear later from Yang that [[SCN_MW,{SCN_MW.Callsign}]] "absolutely trashed {TGT_MW.Callsign}, just destroyed {TGT_MW.OBJ}" in the simulated battle, and that {TGT_MW.Callsign} has been moping ever since.
1	Details	"MechWarriors belong in 'Mechs. Technicians belong in the Mech Bay. But you seem pretty knowledgeable about these things, and you've already gutted the weapon. Explain to Yang what you were going for, and maybe he can finish what you started."

Later that week, you catch [[TGT_MW,{TGT_MW.Callsign}]] in the hall.

"Chief Virtanen wanted me to pass along the news. He investigated your suggestions, but they didn't lead anywhere productive."

{TGT_MW.Callsign} stares at the floor, crestfallen. "Damn, I thought for sure that would work. Thanks for asking the Chief to give it a try, though. I guess I'd better stick to what I do best: shooting the weapons instead of trying to modify them."
1	Details	"MechWarriors belong in the 'Mechs. Technicians belong in the Mech Bay. But you seem pretty knowledgeable about these things, and you've already gutted the weapon. Explain to Yang what you were going for, and maybe he can finish what you started."

Later that week, you catch [[TGT_MW,{TGT_MW.Callsign}]] in the hall.

"Chief Virtanen wanted me to pass along the good news. He investigated your suggestions and managed to replicate the performance specs of the [[DM.WeaponDefs[Weapon_Laser_ER_Medium_BrightBloom],{DM.WeaponDefs[Weapon_Laser_ER_Medium_BrightBloom].Description.Manufacturer} {DM.WeaponDefs[Weapon_Laser_ER_Medium_BrightBloom].Description.Model}]]."

{TGT_MW.Callsign} basks in the glow of victory. "I knew it would work! So… does that mean I'm riding out on the next contract? I feel like I should be the first to get to fire it!"
1	Details	"MechWarriors belong in the 'Mechs. Technicians belong in the Mech Bay. But you seem pretty knowledgeable about these things, and you've already gutted the weapon. Explain to Yang what you were going for, and maybe he can finish what you started."

Later that week, you catch [[TGT_MW,{TGT_MW.Callsign}]] in the hall.

"Chief Virtanen wanted me to pass along the good news. He investigated your suggestions and managed to replicate the performance specs of the [[DM.WeaponDefs[Weapon_Laser_Pulse_Medium],{DM.WeaponDefs[Weapon_Laser_Pulse_Medium].Description.Manufacturer} {DM.WeaponDefs[Weapon_Laser_Pulse_Medium].Description.Model}]]."

{TGT_MW.Callsign} basks in the glow of victory. "I knew it would work! So… does that mean I'm riding out on the next contract? I feel like I should be the first to get to fire it!"
1	Details	"It's not like I'm the only noble-born person on the ship," says [[TGT_MW,{TGT_MW.Callsign}]], slumping low in your guest chair. "I mean, there's you. Why can't [[SCN_MW,{SCN_MW.Callsign}]] harass you about their stupid idea?" Apparently when {TGT_MW.Callsign} asked to speak to you privately about something 'Darius wouldn't understand', it was about the trials and tribulations of being nobility.

"Well, what is {SCN_MW.Callsign}'s idea?" you ask.

"I don't know. Something about cooling systems. {SCN_MW.Subj_C} {TGT_MW.Gender?NonBinary:want|Default:wants} me to use my 'connections' to get the idea to people who can implement it. And {SCN_MW.Subj} {TGT_MW.Gender?NonBinary:don't|Default:doesn't} believe me when I say that my birth doesn't automatically open doors like that. And even if it did, I can't waste it on bullshit." {TGT_MW.Callsign} gives you a plaintive look, clearly hoping for advice, or at least sympathy.
1	Details	"I suppose that was in storage for a reason, so we can afford to lose it if things go wrong. But really, with your skills, I don't see why you can't work on it during the day, with supervision. So, you'll be working in the Mech Bay this week. I'll talk to the Chief about it."

Later that week, {TGT_MW.Callsign} catches you in the hall, glowing with excitement.

"I did it, Commander! That Laser is purring like a kitten now. Well, a kitten that wants to kill 'Mechs. I even managed to replicate the performance specs of the [[DM.WeaponDefs[Weapon_Laser_Reengineered_Medium],{DM.WeaponDefs[Weapon_Laser_Reengineered_Medium].Description.Manufacturer} {DM.WeaponDefs[Weapon_Laser_Reengineered_Medium].Description.Model}]]."
1	Details	"I suppose that was in storage for a reason, so we can afford to lose it if things go wrong. But really, with your skills, I don't see why you can't work on it during the day, with supervision. So, you'll be working in the Mech Bay this week. I'll talk to the Chief about it."

Later that week, [[TGT_MW,{TGT_MW.Callsign}]] catches you in the hall, glowing with excitement.

"I did it, Commander! That Laser is purring like a kitten now. Well, a kitten that wants to kill 'Mechs. I even managed to replicate the performance specs of the [[DM.WeaponDefs[Weapon_Laser_ER_Medium],{DM.WeaponDefs[Weapon_Laser_ER_Medium].Description.Manufacturer} {DM.WeaponDefs[Weapon_Laser_ER_Medium].Description.Model}]]."
1	Details	"I suppose that was in storage for a reason, so we can afford to lose it if things go wrong. Just be careful. These weapons are meant to destroy 'Mechs, after all."

Later that week, you get word that [[TGT_MW,{TGT_MW.Callsign}]] is in the MedBay. When you visit {TGT_MW.Obj}, {TGT_MW.Subj} {TGT_MW.Gender?NonBinary:are|Default:is} grinning from ear to ear, despite the bandages.

"I did it, Commander! That Laser is purring like a kitten now. Well, a kitten that wants to kill 'Mechs. I even managed to replicate the performance specs of the [[DM.WeaponDefs[Weapon_Laser_ER_Medium],{DM.WeaponDefs[Weapon_Laser_ER_Medium].Description.Manufacturer} {DM.WeaponDefs[Weapon_Laser_ER_Medium].Description.Model}]]."
1	Details	"I suppose that was in storage for a reason, so we can afford to lose it if things go wrong. But really, with your skills, I don't see why you can't work on it during the day, with supervision. So, you'll be working in the Mech Bay this week. I'll talk to the Chief about it."

Later that week, [[TGT_MW,{TGT_MW.Callsign}]] catches you in the hall, glowing with excitement.

"I did it, Commander! That LRM is purring like a kitten now. Well, a kitten that wants to kill 'Mechs. I even managed to replicate the performance specs of the [[DM.WeaponDefs[Weapon_LRM_15_Enhanced],{DM.WeaponDefs[Weapon_LRM_15_Enhanced].Description.Manufacturer} {DM.WeaponDefs[Weapon_LRM_15_Enhanced].Description.Model}]]."
1	Details	"MechWarriors belong in the 'Mechs. Technicians belong in the Mech Bay. But you seem pretty knowledgeable about these things, and you've already gutted the weapon. Explain to Yang what you were going for, and maybe he can finish what you started."

Later that week, you catch [[TGT_MW,{TGT_MW.Callsign}]] in the hall.

"Chief Virtanen wanted me to pass along the good news. He investigated your suggestions and managed to replicate the performance specs of the [[DM.WeaponDefs[Weapon_LRM_15_Extended],{DM.WeaponDefs[Weapon_LRM_15_Extended].Description.Manufacturer} {DM.WeaponDefs[Weapon_LRM_15_Extended].Description.Model}]]."

{TGT_MW.Callsign} basks in the glow of victory. "I knew it would work! So… does that mean I'm riding out on the next contract? I feel like I should be the first to get to fire it!"
1	Details	"MechWarriors belong in the 'Mechs. Technicians belong in the Mech Bay. But you seem pretty knowledgeable about these things, and you've already gutted the weapon. Explain to Yang what you were going for, and maybe he can finish what you started."

Later that week, you catch [[TGT_MW,{TGT_MW.Callsign}]] in the hall.

"Chief Virtanen wanted me to pass along the good news. He investigated your suggestions and managed to replicate the performance specs of the [[DM.WeaponDefs[Weapon_LRM_15_Enhanced],{DM.WeaponDefs[Weapon_LRM_15_Enhanced].Description.Manufacturer} {DM.WeaponDefs[Weapon_LRM_15_Enhanced].Description.Model}]]."

{TGT_MW.Callsign} basks in the glow of victory. "I knew it would work! So… does that mean I'm riding out on the next contract? I feel like I should be the first to get to fire it!"
1	Details	"I suppose that was in storage for a reason, so we can afford to lose it if things go wrong. Just be careful. These weapons are meant to destroy 'Mechs, after all."

Later that week, [[TGT_MW,{TGT_MW.Callsign}]] catches you in the hall, glowing with excitement.

"I did it, Commander! That laser is purring like a kitten now. Well, a kitten that wants to kill 'Mechs. I even managed to replicate the performance specs of the [[DM.WeaponDefs[Weapon_Laser_ER_Medium],{DM.WeaponDefs[Weapon_Laser_ER_Medium].Description.Manufacturer} {DM.WeaponDefs[Weapon_Laser_ER_Medium].Description.Model}]]."
1	Details	While pacing through the Mech Bay on a sleepless night, you stumble across [[TGT_MW,{TGT_MW.Callsign}]]. {TGT_MW.Subj_C} {TGT_MW.Gender?NonBinary:are|Default:is} fiddling with a [[DM.WeaponDefs[Weapon_Laser_Medium],stock Medium Laser]]. A jumbled pile of loose metal and wire litters the deck plating around {TGT_MW.Obj}.

As you approach, {TGT_MW.Callsign} looks up, a sheepish grin on {TGT_MW.Det} face. "Uh. Hello, Commander. I was just trying to tune this beauty, maybe get a little more performance out of her. Could you do me a favor and keep this from the Chief, though? He's already shooed me out of here once this week."
1	Details	"I suppose that was in storage for a reason, so we can afford to lose it if things go wrong. But really, with your skills, I don't see why you can't work on it during the day, with supervision. So, you'll be working in the Mech Bay this week. I'll talk to the Chief about it."

Later that week, {TGT_MW.Callsign} catches you in the hall, glowing with excitement.

"I did it, Commander! That LRM is purring like a kitten now. Well, a kitten that wants to kill 'Mechs. I even managed to replicate the performance specs of the [[Weapon_LRM_15_Clan],{DM.WeaponDefs[Weapon_LRM_15_Clan].Description.Manufacturer} {DM.WeaponDefs[Weapon_LRM_15_Clan].Description.Model}]]."
1	Details	The following day, when you arrive in the Barracks, both MechWarriors are calmer and properly ashamed about their confinement to quarters.

Pointing to [[TGT_MW,{TGT_MW.Callsign}]], "I don't care about your noble upbringing. I should know better than anyone how little that matters out here in the Periphery."

"And, [[SCN_MW,{SCN_MW.Callsign}]], I don't care if {TGT_MW.Gender?Male:he's|Female:she's|NonBinary:they're} a pompous jerk, you can't start fights in the mess hall."

Looking both of them in the eyes, "We're in a dangerous business. We need to be able to trust each other. And if a 'Mech gets damaged from a friendly-fire incident on the next contract, you'll both be out on your asses."
1	Details	Darius nods. "I know just who to call. We'll have [[TGT_MW,{TGT_MW.Callsign}]] out of our hair for a month, and I'll see about them covering {TGT_MW.Det} retainer."

Later that week, Darius delivers an update in the morning briefing.

"It sounds like {TGT_MW.Callsign}'s bad luck has followed {TGT_MW.Obj} off the <i>Argo</i>. Our mutual friends are none too pleased. Sounds like {TGT_MW.Subj} {TGT_MW.Gender?NonBinary:are|Default:is} going to get limited work, but they're going to stick to the arrangement for the full month."
1	Details	[[TGT_MW,{TGT_MW.Callsign}]] and [[SCN_MW,{SCN_MW.Callsign}]] immediately come to attention as you slowly walk over.

You stop in front of {TGT_MW.Callsign}, and {TGT_MW.SUBJ} carefully {TGT_MW.Gender?NonBinary:avoid|Default:avoids} your eyes, rigidly looking just past your shoulder.

"Pilot, <i>I</i> am the commanding officer on this ship. Not you. No one cares about your noble upbringing. You need to leave that thinking behind."

Gesturing to the room, "You need these MechWarriors to have your back out there, or you are going to catch a stray AutoCannon round in the back." You give {SCN_MW.Callsign} a pointed look. "…Which had better not happen, understand? I don't need my 'Mechs getting damaged by my own employees."
1	Details	The two MechWarriors circle each other in the makeshift boxing ring while the crew shouts encouragement.

[[TGT_MW,{TGT_MW.Callsign}]] has dominated the fight over the first three rounds, bloodying the other MechWarrior repeatedly.

[[SCN_MW,{SCN_MW.Callsign}]], flagging and back against the ropes, springs forward with a final surge of energy.

In response to such a wild assault, {TGT_MW.Callsign} steps, turns and strikes in a pattern {TGT_MW.Subj} probably practiced hundreds of times at an expensive fighting school. {SCN_MW.Callsign} goes down hard.

As the referee reaches the 10-count, the crowd goes wild.
1	Details	The two MechWarriors circle in the makeshift boxing ring while the crew shouts encouragement.

Both MechWarriors have taken a beating over the course of the eight rounds, but while [[TGT_MW,{TGT_MW.Callsign}]] has training, [[SCN_MW,{SCN_MW.Callsign}]] has the will to win.

{TGT_MW.Callsign}, flagging and back against the ropes, darts in with a final surge of energy.

In response to such a predictable assault, {SCN_MW.Callsign} turns one of {TGT_MW.Callsign}'s own moves back on {TGT_MW.Obj}, Early in the fight, {TGT_MW.Callsign} had staggered {SCN_MW.Callsign} with it. Now, {TGT_MW.Callsign} goes down hard.

As the referee reaches the 10-count, the crowd goes wild.
1	Details	The two MechWarriors circle in the makeshift boxing ring while the crew shouts encouragement.

Both MechWarriors have taken a beating over the course of the eight rounds, but while [[SCN_MW,{SCN_MW.Callsign}]] has passion, [[TGT_MW,{TGT_MW.Callsign}]] has precision.

{SCN_MW.Callsign}, flagging and back against the ropes, springs forward with a final surge of energy.

In response to such a wild assault, {TGT_MW.Callsign} steps, turns and strikes in a pattern {TGT_MW.Subj} probably practiced hundreds of times at an expensive fighting school. {SCN_MW.Callsign} goes down hard.

As the referee reaches the 10-count, the crowd goes wild.
1	Details	[[TGT_MW,{TGT_MW.Callsign}]] and [[SCN_MW,{SCN_MW.Callsign}]] immediately come to attention as you slowly walk over.

You stop in front of {SCN_MW.Callsign}, and {SCN_MW.SUBJ} carefully {SCN_MW.Gender?NonBinary:avoid|Default:avoids} your eyes, rigidly looking just past your shoulder.

"I will <i>not</i> have fights in my mess hall. I don't care how much of a prick {TGT_MW.Callsign} is. Until you cool down, you're staying off the Contract roster. Now get out of my sight."

{SCN_MW.SUBJ_C} {SCN_MW.Gender?NonBinary:turn|Default:turns} stiffly and marches from the room, one bloody fist still clenched.

Later in the week, Darius reports that {TGT_MW.Callsign} has continued to throw {TGT_MW.DET} weight around with other pilots. "{TGT_MW.SUBJ_C} {TGT_MW.Gender?NonBinary:keep|Default:keeps} that up and we'll have a friendly fire incident."
1	Details	Darius nods. "I know just who to call. We'll have [[TGT_MW,{TGT_MW.Callsign}]] out of our hair for a month, and I'll see about them covering {TGT_MW.Det} retainer."

Later that week, Darius delivers an update in the morning briefing.

"I have some mixed news. {TGT_MW.Callsign} is working out quite well for our mutual friends. So well, in fact, that they've decided to keep {TGT_MW.Obj}! They've sent over double the arranged C-Bills, as a way off buying off the contract. They didn't really ask for our blessing in the matter."

Yang leans back in his chair, laughing. "I'll give that arrangement two weeks before they're begging us to take {TGT_MW.Obj} back."
1	Details	[[TGT_MW,{TGT_MW.Callsign}]] looks relieved to pass along the burden to you, and later that afternoon [[SCN_MW,{SCN_MW.Callsign}]] shows up at your door.

You scan the roughly written idea and can immediately see that {SCN_MW.Subj} is wasting your time. You tell {SCN_MW.Callsign} to focus {SCN_MW.Det} energy on being a better MechWarrior and leave the engineering to Chief Virtanen.
1	Details	[[TGT_MW,{TGT_MW.Callsign}]] looks relieved to pass along the burden to you, and later that afternoon [[SCN_MW,{SCN_MW.Callsign}]] shows up at your door.

You scan the roughly written idea and can immediately see that {SCN_MW.Subj} may actually be on to something. You tell {SCN_MW.Callsign} to work it up into a full spec and you'll arrange a follow-up meeting with Chief Virtanen to review it in more detail.
1	Details	Raised voices echo down the mess deck hallway and you arrive to find [[SCN_MW,{SCN_MW.Callsign}]] nose-to-nose with [[TGT_MW,{TGT_MW.Callsign}]].

"I don't care about your noble family! You. Don't. Give. Me. Orders!" {SCN_MW.Callsign} snarls, poking the other MechWarrior in the chest with each word.

{TGT_MW.Callsign} lifts {TGT_MW.DET} chin. "Even out here in the Periphery, you should know enough to listen to your betters."

{SCN_MW.Callsign}'s fist flashes out before anyone can intervene, sending {TGT_MW.Callsign} staggering, blood erupting from a broken nose.

In the dangerous silence that follows, the room finally notices that you've arrived. A single fork clatters to the floor.
1	Details	"Oh, come on, [[TGT_MW,{TGT_MW.Callsign}]]. Aren't you using your 'connections' right now? If you can't find a way to handle this, I'd rather you pass it on to your own relatives than me. I have work to do."

{TGT_MW.Callsign} flushes. "Commander, I… you're right. I'm sorry. I should have known better than to expect you to be sympathetic."
1	Details	"Oh, come on, [[TGT_MW,{TGT_MW.Callsign}]]. Aren't you using your 'connections' right now? If you can't find a way to handle this, I'd rather you pass it on to your own relatives than me. I have work to do."

{TGT_MW.Callsign} flushes. "Commander, I… you're right. I'll deal with it."

Later, {TGT_MW.Callsign} jubilantly follows up with you. "Commander, I passed along the cooling system improvement idea to my cousin, and she says it's quite promising. I never would have expected it of somebody like [[SCN_MW,{SCN_MW.Callsign}]]!"
1	Details	You look between the two MechWarriors, raising an eyebrow and shaking your head. You walk away without wasting a word on them.

Behind you, [[TGT_MW,{TGT_MW.Callsign}]] groans. "See! Not even the Commander wants to put up with <i>you</i>!" 

You refrain from correcting {TGT_MW.OBJ}, taking a deep breath as you turn the corner. The argument echoes down the hall, growing louder. You catch a couple bits and pieces involving "your mother" and an "LRM." Enough to get the idea.

The next day, Darius pulls you aside, heaving a sigh. "[[SCN_MW,{SCN_MW.Callsign}]] is in the MedBay. Got knocked out cold by {TGT_MW.Callsign}. I'm confining {TGT_MW.OBJ} to the barracks between deployments. {TGT_MW.SUBJ_C} {TGT_MW.Gender?NonBinary:need|Default:needs} to fall in line if {TGT_MW.SUBJ} {TGT_MW.Gender?NonBinary:don't|Default:doesn't} want {TGT_MW.DET} contract to get torched."
1	Details	"Do I look like your <i>babysitter</i>?" You fix each MechWarrior with a stern look. "Get your <i>shit</i> together and work this out like <i>adults</i> if you want to deploy any time soon."

"But–"

You raise a hand to silence [[SCN_MW,{SCN_MW.Callsign}]]. "If you can't handle this petty dispute, how can I trust you on the battlefield?" You shake your head. "I don't want to hose you out of a cockpit."

The MechWarriors share a look, cheeks reddening with embarrassment now instead of anger. They both promise to work out their problems, nearly speaking up in unison.

The next day, Darius pulls you aside, eyes wide with astonishment. "Commander, the garbage cans are <i>sparkling</i>... they're downright <i>lemony</i> fresh. This is a miracle. What did you <i>say</i> to {SCN_MW.Callsign} and [[TGT_MW,{TGT_MW.Callsign}]]?"

You chuckle. "I just told them what they needed to hear."
1	Details	Raising your hand, you silence the MechWarriors. "You're <i>both</i> about to lose a paycheck. The XO put you on garbage detail <i>together</i> for a reason. He figured you two would be forced to talk it out and resolve whatever is going on, but apparently you'd rather bicker like children."

"You heard the, Commander." [[SCN_MW,{SCN_MW.Callsign}]] shoves a broom at [[TGT_MW,{TGT_MW.Callsign}]]. "Get it together."

Bristling, {TGT_MW.Callsign} pushes back. "I've got nothing left to say to {SCN_MW.OBJ}. {SCN_MW.Callsign} isn't listening. {SCN_MW.SUBJ_C}{SCN_MW.Gender?NonBinary:'re|Default:'s} waiting for me to misstep so {SCN_MW.SUBJ} can report me to the XO."

"That's enough." You raise your voice and the MechWarriors shrink back. "I've got a half a mind to lock you in a storage closet until you <i>both</i> shape up." The MechWarriors grow silent, refusing to look at one another, but slowly they return to garbage detail.

When you check on them throughout the week, you can feel the hostility in their eyes, the frosty ambivalence of their brief exchanges. The MechWarriors get their work done without further incident, but the tension remains.
1	Details	"That happened to me once…"

[[TGT_MW,{TGT_MW.Callsign}]] spins around, visibly pained by the sudden movement.

"It was during my third season on Solaris VII. I'd finally started to make a name for myself, so of course I got cocky. I rode my 'Mech too hot and got knocked on my ass. Worse still, I let it get to me, and lost my next three matches too. Lost a lot of fans that season."

You put a hand on {TGT_MW.Det} shoulder. "Remember that, {TGT_MW.Callsign}. Don't let one bad fight turn into three more. You get your head straight, and you get back in that 'Mech."

It's always a roll of the dice on how a MechWarrior will come out of an injury like this. Time will tell.
1	Details	While pacing through the Mech Bay on a sleepless night, you stumble across [[TGT_MW,{TGT_MW.Callsign}]]. {TGT_MW.Subj_C} {TGT_MW.Gender?NonBinary:are|Default:is} fiddling with a [[DM.WeaponDefs[Weapon_Autocannon_AC_5],stock AutoCannon]]. A jumbled pile of loose metal and wire litters the deck plating around {TGT_MW.Obj}.

As you approach, {TGT_MW.Callsign} looks up, a sheepish grin on {TGT_MW.Det} face. "Uh. Hello, Commander. I was just trying to tune this beauty, maybe get a little more performance out of her. Could you do me a favor and keep this from the Chief, though? He's already shooed me out of here once this week."
1	Details	"That happened to me once. More than once…"

[[TGT_MW,{TGT_MW.Callsign}]] spins around, visibly pained by the sudden movement.

"I was younger then, in a different merc company, and for three months in a row it was one shit contract after another. I probably had five 'Mechs shot out from under me, but I refused to give up. Maybe I didn't know how."

You put a hand on {TGT_MW.Det} shoulder. "Remember that, {TGT_MW.Callsign}. They can knock you down, but only you can decide if you're going to <i>stay</i> down. When you're back on your feet, you get right back in that 'Mech. Don't let them take that away from you."

It's always a roll of the dice on how a MechWarrior will come out of an injury like this. Time will tell.
1	Details	You step in between the infuriated MechWarriors, holding your hands up. "This ends today. I don't know what's really going on between you two, but no more bossing [[TGT_MW,{TGT_MW.Callsign}]] around. And no more slacking. You're <i>both</i> better than this."

The MechWarriors begrudgingly agree, though they don't look directly at one another. Noticing their reticence, you gesture for them both to step forward. "Not that long ago, you two got along just fine. What happened?"

{TGT_MW.Callsign} looks up. "I'm just tired of [[SCN_MW,{SCN_MW.Callsign}]] getting all the praise from Darius."

{SCN_MW.Callsign}'s blinks in surprise. "You're <i>jealous</i>? Of <i>me</i>? I was annoyed that the rest of the MechWarriors kept going on and on about your antics. I wanted to take you down a peg."

You incline your head. "Sounds like you both have a lot to discuss and <i>plenty</i> of time."

"I won't hold back." {SCN_MW.Callsign} looks {TGT_MW.Callsign} in the eyes.

{TGT_MW.SUBJ_C} {TGT_MW.Gender?NonBinary:shrug and reach|Default:shrugs and reaches} for a trash can. "I'm not going anywhere."
1	Details	"Relax, MechWarrior…"

[[TGT_MW,{TGT_MW.Callsign}]] slowly turns, visibly avoiding any sudden movement.

"If you're wondering how you're going to get back in that 'Mech again, reliving the moment won't help. I take it resting in the MedBay isn't working for you either?"

{TGT_MW.Callsign} hesitates before nodding silently.

"We're orbiting one of the most popular recreation planets in the Periphery, according to their hardworking Tourism Bureau. I'm sending you down there for to recuperate. Darius will find a facility that can tend to your rehabilitation in more pleasant surroundings. Get better."

It's always a roll of the dice on how a MechWarrior will come out of an injury like this. Time will tell.
1	Details	You grab a broom leaning against a bench and thrust it into [[TGT_MW,{TGT_MW.Callsign}]]'s hands. "I don't want to hear your excuses. If you did <i>your</i> job, you wouldn't be here, MechWarrior."

{TGT_MW.SUBJ_C} reluctantly {TGT_MW.Gender?NonBinary:accept|Default:accepts} the broom, {TGT_MW.DET} voice turning icy. "Fine, I'll take care of the mess. In fact, [[SCN_MW,{SCN_MW.Callsign}]], why don't you take the day off. I'll handle this <i>myself</i>."

"Alright." {SCN_MW.Callsign} smiles. "I won't argue with that." You dismiss them both, before more bickering breaks out.

The next day, Darius's pulls you aside. "{TGT_MW.Callsign} stuffed {SCN_MW.Callsign}'s locker with garbage. Half-eaten food scraps spilled all over {SCN_MW.OBJ}. The other MechWarriors had a good chuckle about it, but {TGT_MW.Callsign} won't be laughing while {TGT_MW.SUBJ} cleans up the barracks and the rest of the <i>Argo</i>."
1	Details	You level your gaze at [[TGT_MW,{TGT_MW.Callsign}]]. "If you want to be treated like a pro, start acting like one. No more excuses. No more slacking. Just do your share and [[SCN_MW,{SCN_MW.Callsign}]] will have nothing to report."

{TGT_MW.Callsign} crosses {TGT_MW.DET} arms. "I signed on as a MechWarrior, not a janitor."

"If I can't trust you to handle the <i>garbage</i>, what makes you think I can trust you in the <i>cockpit</i>?" You gesture toward {SCN_MW.Callsign}. "{SCN_MW.SUBJ_C} {SCN_MW.Gender?NonBinary:need|Default:needs} to be able to rely on you. We all do, if we're going to survive as an outfit."

{TGT_MW.Callsign} resolutely snatches a garbage bag off a nearby table. "I'm the best damn MechWarrior, you've got, Commander. I'll prove it. No more write ups; no more issues. Hell, it's going to <i>sparkle</i> in here by the time I'm done."
1	Details	"That happened to me once…"

[[TGT_MW,{TGT_MW.Callsign}]] spins around, visibly pained by the sudden movement.

"I was assaulting some rich bastard's warehouse complex, providing fire support for the vehicle convoy sent in to reclaim what they'd stolen from my employer the month before. These nobles and merchant princes, it never ends with them. But we get paid every time, and in the end we'll have the last laugh."

You put a hand on {TGT_MW.Det} shoulder. "Remember that, {TGT_MW.Callsign}. No one is going to <i>give</i> you anything in this life. You have to fight to get paid. And if you're going to fight, I recommend getting back in that 'Mech to do it."

It's always a roll of the dice on how a MechWarrior will come out of an injury like this. Time will tell.
1	Details	You level your gaze at [[SCN_MW,{SCN_MW.Callsign}]]. "Did I miss your coronation, MechWarrior? Until the First Prince names <i>you</i> his successor, you need to stop acting like [[TGT_MW,{TGT_MW.Callsign}]]'s boss."

{SCN_MW.Callsign} shoves {SCN_MW.DET} hands in {SCN_MW.DET} pockets, looking away. "So, I should forget the rules?"

"You should remember <i>your</i> place. Discipline is the XO's job, <i>not</i> yours."

"He should do a <i>better</i> job." {SCN_MW.Callsign} says through clenched teeth.

You shake your head. "One more word and I cancel your next paycheck." {SCN_MW.Callsign} glares, but stalks off silently.

While {SCN_MW.SUBJ} {SCN_MW.Gender?NonBinary:root|Default:roots} through a storage closet, [[TGT_MW,{TGT_MW.Callsign}]] pulls you aside. "Thanks for putting your foot down, Commander. Everyone was getting tired of {SCN_MW.Callsign}'s attitude."
1	Details	"The XO put you <i>both</i> on garbage detail for a reason. Stop acting like you're [[TGT_MW,{TGT_MW.Callsign}]]'s boss." You narrow your eyes at [[SCN_MW,{SCN_MW.Callsign}]]. "Nobody likes a snitch."

{SCN_MW.Callsign} throws {SCN_MW.DET} hands up in disbelief. "So, the rules don't matter?"

"The rules help keep this outfit sane, but what you're doing is going to make everyone hate you. You're insulting the XO, me, and the rest of this crew." You gesture to {TGT_MW.Callsign}. "Do you want {TGT_MW.OBJ} to hesitate when your <i>life</i> is on the line?"

The heat in {SCN_MW.Callsign}'s cheeks dissipates. "Message received, Commander." {SCN_MW.SUBJ_C} {SCN_MW.Gender?NonBinary:turn|Default:turns} to {TGT_MW.Callsign}, placing a hand on {SCN_MW.DET} chest. "I'm sorry. Let me handle the cleaning. I'm the reason you're in this <i>mess</i> in the first place."
1	Details	While pacing through the Mech Bay on a sleepless night, you stumble across [[TGT_MW,{TGT_MW.Callsign}]]. {TGT_MW.Subj_C} {TGT_MW.Gender?NonBinary:are|Default:is} fiddling with a [[DM.WeaponDefs[Weapon_LRM_15],stock LRM]]. A jumbled pile of loose metal and wire litters the deck plating around {TGT_MW.Obj}.

As you approach, {TGT_MW.Callsign} looks up, a sheepish grin on {TGT_MW.Det} face. "Uh. Hello, Commander. I was just trying to tune this beauty, maybe get a little more performance out of her. Could you do me a favor and keep this from the Chief, though? He's already shooed me out of here once this week."
1	Details	"I suppose that was in storage for a reason, so we can afford to lose it if things go wrong. But really, with your skills, I don't see why you can't work on it during the day, with supervision. So, you'll be working in the Mech Bay this week. I'll talk to the Chief about it."

Later that week, {TGT_MW.Callsign} catches you in the hall, glowing with excitement.

"I did it, Commander! That cannon is purring like a kitten now. Well, a kitten that wants to kill 'Mechs. I even managed to replicate the performance specs of the [[DM.WeaponDefs[Weapon_Autocannon_UAC_5_Clan],{DM.WeaponDefs[Weapon_Autocannon_UAC_5_Clan].Description.Manufacturer} {DM.WeaponDefs[Weapon_Autocannon_UAC_5_Clan].Description.Model}]]."
1	Details	"I suppose that was in storage for a reason, so we can afford to lose it if things go wrong. But really, with your skills, I don't see why you can't work on it during the day, with supervision. So, you'll be working in the Mech Bay this week. I'll talk to the Chief about it."

Later that week, [[TGT_MW,{TGT_MW.Callsign}]] catches you in the hall, glowing with excitement.

"I did it, Commander! That cannon is purring like a kitten now. Well, a kitten that wants to kill 'Mechs. I even managed to replicate the performance specs of the [[DM.WeaponDefs[Weapon_Autocannon_AC_5_KaliYama],{DM.WeaponDefs[Weapon_Autocannon_AC_5_KaliYama].Description.Manufacturer} {DM.WeaponDefs[Weapon_Autocannon_AC_5_KaliYama].Description.Model}]]."
1	Details	"That happened to me once…"

[[TGT_MW,{TGT_MW.Callsign}]] spins around, visibly pained by the sudden movement.

"I was guarding a convoy of medical supplies. But the OpFor was arrogant and powerful, and it thought it could just take what it wanted. It was wrong. I was laid up for a month, but the supplies made it to their destination."

You put a hand on {TGT_MW.Det} shoulder. "Remember that, {TGT_MW.Callsign}. For some people here in the Periphery, we're the last thing standing between them and certain death. So you need to stay strong."

It's always a roll of the dice on how a MechWarrior will come out of an injury like this. Time will tell.
1	Details	"I suppose that was in storage for a reason, so we can afford to lose it if things go wrong. Just be careful. These weapons are meant to destroy 'Mechs, after all."

Later that week, you get word that [[TGT_MW,{TGT_MW.Callsign}]] is in the MedBay. When you visit {TGT_MW.Obj}, {TGT_MW.Subj} {TGT_MW.Gender?NonBinary:are|Default:is} grinning from ear to ear, despite the bandages.

"I did it, Commander! That LRM launcher is purring like a kitten now. Well, a kitten that wants to kill 'Mechs. I even managed to replicate the performance specs of the [[DM.WeaponDefs[Weapon_LRM_15_Enhanced],{DM.WeaponDefs[Weapon_LRM_15_Enhanced].Description.Manufacturer} {DM.WeaponDefs[Weapon_LRM_15_Enhanced].Description.Model}]]."
1	Details	"I suppose that was in storage for a reason, so we can afford to lose it if things go wrong. Just be careful. These weapons are meant to destroy 'Mechs, after all."

Later that week, [[TGT_MW,{TGT_MW.Callsign}]] catches you in the hall, glowing with excitement.

"I did it, Commander! That LRM launcher is purring like a kitten now. Well, a kitten that wants to kill 'Mechs. I even managed to replicate the performance specs of the [[DM.WeaponDefs[Weapon_LRM_15_Enhanced],{DM.WeaponDefs[Weapon_LRM_15_Enhanced].Description.Manufacturer} {DM.WeaponDefs[Weapon_LRM_15_Enhanced].Description.Model}]]."
1	Details	"MechWarriors belong in the 'Mechs. Technicians belong in the Mech Bay. But you seem pretty knowledgeable about these things, and you've already gutted the weapon. Explain to Yang what you were going for, and maybe he can finish what you started."

Later that week, you catch [[TGT_MW,{TGT_MW.Callsign}]] in the hall.

"Chief Virtanen wanted me to pass along the good news. He investigated your suggestions and managed to replicate the performance specs of the [[DM.WeaponDefs[Weapon_Autocannon_AC_5_Light],{DM.WeaponDefs[Weapon_Autocannon_AC_5_Light].Description.Manufacturer} {DM.WeaponDefs[Weapon_Autocannon_AC_5_Light].Description.Model}]]."

{TGT_MW.Callsign} basks in the glow of victory. "I knew it would work! So… does that mean I'm riding out on the next contract? I feel like I should be the first one to get to fire it!"
1	Details	"Relax, MechWarrior…"

[[TGT_MW,{TGT_MW.Callsign}]] slowly turns, visibly avoiding any sudden movement.

"If you're wondering how you're going to get back in that 'Mech again, reliving the moment won't help. I gather that resting patiently in the MedBay isn't working for you, either?"

{TGT_MW.Callsign} hesitates before nodding silently.

"We're orbiting one of the most popular recreation planets in the Periphery, according to their hardworking Tourism Bureau. I'm sending you down there to recuperate. Darius will find a facility that can tend to your rehabilitation in more pleasant surroundings. Get better."

It's always a roll of the dice on how a MechWarrior will come out of an injury like this. Time will tell.
1	Details	"Relax, MechWarrior…"

[[TGT_MW,{TGT_MW.Callsign}]] slowly turns, visibly avoiding any sudden movement.

"If you're wondering how you're going to get back in that 'Mech again, reliving the moment won't help. I gather that resting patiently in the MedBay isn't working for you, either?"

{TGT_MW.Callsign} hesitates before shrugging.

"We're orbiting one of the most popular recreation planets in the Periphery, according to their hardworking Tourism Bureau. I'm sending you down there to recuperate. Darius will find a facility that can tend to your rehabilitation in more pleasant surroundings. Get better."

It's always a roll of the dice on how a MechWarrior will come out of an injury like this. Time will tell.
1	Details	"I suppose that was in storage for a reason, so we can afford to lose it if things go wrong. Just be careful. These weapons are meant to destroy 'Mechs, after all."

Later that week, [[TGT_MW,{TGT_MW.Callsign}]] catches you in the hall, glowing with excitement.

"I did it, Commander! That cannon is purring like a kitten now. Well, a kitten that wants to kill 'Mechs. I even managed to replicate the performance specs of the [[DM.WeaponDefs[Weapon_Autocannon_HVAC_5],{DM.WeaponDefs[Weapon_Autocannon_HVAC_5].Description.Manufacturer} {DM.WeaponDefs[Weapon_Autocannon_HVAC_5].Description.Model}]]."
1	Details	"MechWarriors belong in the 'Mechs. Technicians belong in the Mech Bay. But you seem pretty knowledgeable about these things, and you've already gutted the weapon. Explain to Yang what you were going for, and maybe he can finish what you started."

Later that week, you catch [[TGT_MW,{TGT_MW.Callsign}]] in the hall.

"Chief Virtanen wanted me to pass along the good news. He investigated your suggestions and managed to replicate the performance specs of the [[DM.WeaponDefs[Weapon_Autocannon_AC_5_Federated],{DM.WeaponDefs[Weapon_Autocannon_AC_5_Federated].Description.Manufacturer} {DM.WeaponDefs[Weapon_Autocannon_AC_5_Federated].Description.Model}]]."

{TGT_MW.Callsign} basks in the glow of victory. "I knew it would work! So… does that mean I'm riding out on the next contract? I feel like I should be the first one to get to fire it!"
1	Details	"I suppose that was in storage for a reason, so we can afford to lose it if things go wrong. Just be careful. These weapons are meant to destroy 'Mechs, after all."

Later that week, [[TGT_MW,{TGT_MW.Callsign}]] catches you in the hall with an update.

"Commander, I'm sorry to report that I wasn't able to modify that weapon like I wanted to. But I was able to put it back together again just the way it was before. Double and triple-checked it, to be sure."
1	Details	"I suppose that was in storage for a reason, so we can afford to lose it if things go wrong. Just be careful. These weapons are meant to destroy 'Mechs, after all."

Later that week, you get word that [[TGT_MW,{TGT_MW.Callsign}]] is in the MedBay. When you visit {TGT_MW.Obj}, {TGT_MW.Subj} {TGT_MW.Gender?NonBinary:are|Default:is} grinning from ear to ear, despite the bandages.

"I did it, Commander! That cannon is purring like a kitten now. Well, a kitten that wants to kill 'Mechs. I even managed to replicate the performance specs of the [[DM.WeaponDefs[Weapon_Autocannon_AC_5_Light],{DM.WeaponDefs[Weapon_Autocannon_AC_5_Light].Description.Manufacturer} {DM.WeaponDefs[Weapon_Autocannon_AC_5_Light].Description.Model}]]."
1	Details	You approach the young soldiers and have soon captivated them with heroic Mech stories from a fellow Capellan.

Meanwhile, Darius admits the company's role in the escape of the Volkovites. The locals in the market surround him with thank-yous and questions about "the great escape".

They also ply Darius and [[TGT_MW,{TGT_MW.Callsign}]] with gifts of fresh fruits and vegetables, as well as folksy arts and crafts. It's all a bit overwhelming.

When you regroup at the transport, Darius says, "Commander, we made the right call. I think the crew back on the Argo will be encouraged," he gestures broadly at the departing crowd, "to hear that we've made a difference."
1	Details	[[TGT_MW,{TGT_MW.Callsign}]] approaches the young soldiers, and has soon captivated them with heroic Mech stories from a fellow Capellan.

Turning to the preacher, you admit your role in the escape of the Volkovites. The locals in the market surround you with thank-yous and questions about "the great escape".

They also ply you and Darius with gifts of fresh fruits and vegetables, as well as folksy arts and crafts. It's all a bit overwhelming.

Darius says, "Commander, we made the right call. I think the crew back on the <i>Argo</i> will be encouraged," he gestures broadly at the crowd, "to hear that we've made a difference."
1	Details	Upon admitting your role in the escape of the Volkovites, the locals in the market soon surround you with thank-yous and questions about "the great escape".

Darius and [[TGT_MW,{TGT_MW.Callsign}]] soon have their hands full of gifts of fresh fruits and vegetables, as well as folksy arts and crafts.

At the edge of the market, it's hard to miss a Liao soldier talking on a communicator, glancing in your direction. No doubt Lady Marina Liao will hear of this, and find it a twist of the dagger of your earlier betrayal.

Darius says, "Commander, we made the right call. I think the crew back on the <i>Argo</i> will be encouraged," he gestures broadly at the crowd, "to hear that we've made a difference."
1	Details	Leaning back in your chair, you look up at the drunks nonchalantly. "Yeah, that was us. We even gave the murdering blowhard the one-on-one matchup he was asking for."

One of the fans chuffs loudly. "Yeah, I was expecting you to drop a full lance of 'Mechs on his head."

Her friend chimes in. "I'm glad you went with the straight up fight. It was the only way to win honorably. Can I buy you and your crew the next round?"

[[TGT_MW,{TGT_MW.Callsign}]] accepts the offer eagerly, and regales the fans with a detailed retelling of the battle.
1	Details	Leaning back in your chair, you look up at the drunks nonchalantly. "No, you've got the wrong guys. We saw the same match you did on the Ironwood channel. Holovid quality so high, it was like you were there."

One of the fans chuffs loudly. "Yeah, I was half expecting those mercenaries to drop a full lance of 'Mechs on his head."

Her friend chimes in. "I'm glad they went with the straight up fight. The only way to win honorably. Can I buy you and your crew the next round?"

[[TGT_MW,{TGT_MW.Callsign}]] accepts the offer eagerly, and they spend the afternoon discussing numerous recent Solaris VII matches.
1	Details	Leaning back in your chair, you look up at the drunks nonchalantly. "Yeah, that was us. We even gave the murdering blowhard the one-on-one matchup he was asking for."

One of the fans starts shouting. "What do you even know? You killed <i>The Beast</i> just because he gave Arjun what he deserved?!?"

Her friend steps forward, fist clenched. "The Steiners had been bad-mouthing <i>The Beast</i> for weeks. He couldn't let Arjun live after that!"

[[TGT_MW,{TGT_MW.Callsign}]] tenses in {TGT_MW.DET} chair, and when the third drunken fan steps too close, fists begin to fly.

Later that afternoon, on the shuttle back to the Argo, {TGT_MW.Callsign} nurses {TGT_MW.Det} wounds. "We should do that again sometime, Commander!"
1	Details	Leaning back in your chair, you look up at the drunks nonchalantly. "Yeah, that was us. We even gave the murdering blowhard the one-on-one matchup he was asking for."

One of the fans groans loudly. "You should've dropped a full lance of 'Mechs on his head, after what he did to Arjun."

Her friend chimes in. "He didn't deserve a fighting chance, or an honorable death."

[[TGT_MW,{TGT_MW.Callsign}]] tenses in {TGT_MW.DET} chair, anticipating a brawl. The unruly fans aren't so drunk or stupid as to to fight hardened MechWarriors, though, and they grumble their way to the bar for another round.
1	Details	You stare daggers at [[TGT_MW,{TGT_MW.Callsign}]]. "If you breathe a word about this, you'll be piloting a Spider until the day you die. Which is likely on the first deployment."

{TGT_MW.Callsign} gulps audibly, but Darius can barely contain his mirth. Your XO pats you on the shoulder, "Come on, Commander, all PR is good PR. Maybe we can work this to our advantage."

Later that week, moments before you arrive in the mess hall, you swear you hear the sounds of a guitar and one of the verses of <i>The Hero of the Valley</i>. But when you enter, everyone is eating in conspicuous silence.
1	Details	You stare daggers at [[TGT_MW,{TGT_MW.Callsign}]]. "You breathe a word about this, and you'll be riding a Spider until the day you die. Which is likely on the first deployment."

{TGT_MW.Callsign} gulps audibly, but Darius can barely contain his mirth. Your XO pats you on the shoulder. "Come on, Commander, all PR is good PR. Maybe we can work this to our advantage."

Seeing the look on your face, he amends his statement. "Or not..."

The waitress, who was about to ask if you'd like another round, does a deft pirouette and continues her tour amongst the other tables.
1	Details	You and Darius have finished networking for new contracts on {TGT_SYSTEM.Name} and find yourself in the tiniest dive bar in the port, along with [[TGT_MW,{TGT_MW.Callsign}]], who is on shore leave.

Darius groans as a musician mounts the stage and begins to tune his guitar. {TGT_MW.Callsign} laughs. "Come on, give the guy a chance."

And so he begins...

	"{COMMANDER.Callsign}!
	The MechWarrior called... {COMMANDER.Callsign}!"

Darius and {TGT_MW.Callsign} exchange jaw-dropped looks. The musician continues, while the rest of the bar sings along.

	"The Steiners attacked, and we hid underground.
	We couldn't escape, we soon would be found.
	Our love for {COMMANDER.OBJ} ain't hard to explain.
	The Hero of the Valley,
	{COMMANDER.Callsign} is {COMMANDER.DET} name!"

There are four more verses.
1	Details	Seeing your nod of concession, [[TGT_MW,{TGT_MW.Callsign}]] pulls out a recorder and begins capturing the performance. There's even an encore, so {TGT_MW.SUBJ} {TGT_MW.Gender?NonBinary:get|Default:gets} the whole thing from the beginning.

Back on the <i>Argo</i>, the video from the bar circulates quickly among the MechWarriors and crew.

It's not surprising that there were disagreements with your decision at the time to help the embattled locals. But knowing that the company's actions have become folk song legend? Attitudes have completely turned around.

The technicians in the MechBay, in particular, have taken to singing <i>The Hero of the Valley</i> almost non-stop. Yang complains about it half-heartedly, but productivity is certainly higher!
1	Details	You and Darius have finished networking for new contracts on {TGT_SYSTEM.Name} and are walking through a farmer's market with [[TGT_MW,{TGT_MW.Callsign}]], who is on shore leave.

A street preacher suddenly appears at your elbow. "Have you heard the good word of the Volkovites?" He presses a pamphlet into your hands. As he does so, you can't help but notice the watchful gaze of a patrol of soldiers wearing the livery of Liao.

The preacher studies the insignia on your gear. "You! You were there when the Capellan storm troopers descended on the great pilgrims. You are the saviours of the Prophet!"
1	Details	As the chords of the final verse fade away, and the applause dies down, you stand on your chair and raise your glass. "A toast!" The room responds with gusto.

"It's a delightful song to be sure, but I don't know that you truly captured the drama of the escape in the third verse. You see... I was there."

A patron close to your table, with a good look at the insignia on [[TGT_MW,{TGT_MW.Callsign}]]'s jacket, stands and points at you. "It's {COMMANDER.Callsign}! It's really {COMMANDER.OBJ}!"

The rest of the afternoon involves the telling and retelling of the story, and many offers to buy the next round of drinks. By the time you pour yourselves into the shuttle bound for space, {TGT_MW.Callsign} is positively glowing from the adoration from the crowd. "Commander, we really made a difference. We gave hope to these people."
1	Details	Seeing your nod of concession, [[TGT_MW,{TGT_MW.Callsign}]] pulls out a recorder and begins capturing the performance. There's even an encore, so {TGT_MW.SUBJ} {TGT_MW.Gender?NonBinary:get|Default:gets} the whole thing from the beginning.

Back on the <i>Argo</i>, the video from the bar circulates quickly among the MechWarriors and crew.

It's not surprising that there were disagreements with your decision at the time to help the embattled locals. But knowing that the company's actions have become folk song legend? Attitudes have completely turned around.

The staff in the MedBay, in particular, have taken to singing <i>The Hero of the Valley</i> almost non-stop. MechWarriors in recovery have complained about it half-heartedly, but recovery time is certainly faster, perhaps to get away from the singing.
1	Details	Leaning back in your chair, you look up at the drunks nonchalantly. "No, you've got the wrong guys. We saw the same match you did on the Ironwood channel. Holovid quality so high, it was like you were there."

One of the fans groans loudly. "They should've dropped a full lance of 'Mechs on his head, after what he did to Arjun."

Her friend chimes in. "He didn't deserve a fighting chance, or an honorable death."

After they depart, [[TGT_MW,{TGT_MW.Callsign}]] stares glumly into {TGT_MW.DET} drink. "Come on, Commander. Wish we could've taken credit for punishing that murdering blowhard."
1	Details	[[TGT_MW,{TGT_MW.Callsign}]] waves goodbye as {TGT_MW.SUBJ} {TGT_MW.Gender?NonBinary:climb|Default:climbs} aboard the shuttle.

Darius arches an eyebrow at you, clearly as curious as you are as to how this will turn out.

Later that week, you receive a coded message from Ms. Hadley. "Commander, thanks for loaning me your MechWarrior. {TGT_MW.Gender?Male:He's|Female:She's|NonBinary:They're} a natural. I've already arranged shipment of the fruits of our labor."

She shrugs innocently. "<i>But</i> I'm going to hang onto {TGT_MW.Callsign} a few weeks longer. I have some new leads I need to follow. And it's a two person job."
1	Details	"Ms. Hadley, after what you pulled the last time, you’re at the top of my list of people not to trust. Given my line of work, I hope you appreciate that."

The thief manages to pout and smile at the same time. "Oh, Commander, that's just because you don't know me yet. I'm very good to my friends."

Waving her hands to concede defeat, "Very well. Perhaps next time." At that, the signal cuts off before you can say another word.

Darius pops in, having clearly been listening to the call. "I'm not sure if I hate her or love her."
1	Details	A comm's buzz wakes you. Darius has a message from the planet's surface. "You're not going to believe this, Commander. It's Ayasha Hadley."

"Commander {COMMANDER.LastName}! I feel awful about how we left things, but no hard feelings, right? I <i>really</i> didn't want to go to jail."

Seeing your stony response, she continues. "I like you, Commander. You must know that. So I just had to bring you this opportunity that could benefit us both."

She continues as if you'd agreed. "You have a MechWarrior in your employ, goes by the callsign [[TGT_MW,{TGT_MW.Callsign}]]. {TGT_MW.Gender?Male:He's|Female:She's|NonBinary:They're} the spitting image of a certain Davion official who has access to a Mydron research facility I'd very much like to see the inside of."

"Let me borrow {TGT_MW.OBJ} for a few weeks. If you play along, I'll give you one of whatever I find in there. What do you say? Partners?"
1	Details	Lady Alexandria Cunningham thanks you profusely as her agents slap Ayasha Hadley into restraints and march her aboard the nearby transport.

It's not until you arrive back on the <i>Argo</i> that Darius asks, "Commander, did you see [[TGT_MW,{TGT_MW.Callsign}]] get on board?" The sinking feeling in your stomach is echoed in Darius' face.

Later that week, you receive a coded message from Ms. Hadley. "I'm disappointed that you didn't want to play along, Commander. But it did speed my plans quite a bit, because of where Lady Cunningham decided to keep me prisoner. A temporary arrangement, of course."

"Don't worry about your MechWarrior. I'll deliver {TGT_MW.OBJ} safe and sound, just like I promised, just as soon as I'm done with {TGT_MW.OBJ}."
1	Details	"{SCN_MW.FirstName}... come with me." Such familiarity from {SCN_MW.DET} commanding officer brings {SCN_MW.OBJ} up short. {SCN_MW.SUBJ} {TGT_MW.Gender?NonBinary:follow|Default:follows} you into the hall.

"You clearly didn’t know that {TGT_MW.Callsign} took the battle with Gwydion company so personally. But you need to keep in mind just how small the Periphery can be. Every Noble House is represented on the <i>Argo</i>, and no small number of individual systems."

{SCN_MW.Callsign} looks at {SCN_MW.DET} feet. "Yeah, I didn't think it through. But I guess every contract we take might be attacking someone's cousin. Well, shit, I'll go talk to {TGT_MW.Callsign} and apologize."
1	Details	"{TGT_MW.FirstName}... stop." Such familiarity from {TGT_MW.DET} commanding officer brings {TGT_MW.OBJ} up short. {TGT_MW.SUBJ_C} {TGT_MW.Gender?NonBinary:turn|Default:turns} around, fists still clenched from the argument with [[SCN_MW,{SCN_MW.Callsign}]].

"You need to calm down, pilot. {SCN_MW.Callsign} couldn’t know how personal the battle with Gwydion company was for you. Keep in mind, when {SCN_MW.SUBJ} {SCN_MW.Gender?NonBinary:complain|Default:complains} about unnecessary risks, {SCN_MW.SUBJ}'{SCN_MW.Gender?NonBinary:re|Default:s} thinking about <i>your</i> safety and the safety of the rest of the company."

The MechWarrior reluctantly concedes your point. "Sometimes... I don't know, just, this mercenary life feels so empty. Once in a while, we do something for more than just money and then I know that risking my life out there is worth it. Thanks, Commander. I'll be okay now."
1	Details	Raised voices echo down the barracks hallway and you arrive to find [[SCN_MW,{SCN_MW.Callsign}]] facing off with [[TGT_MW,{TGT_MW.Callsign}]].

"That's just not how it's done! We're <i>mercenaries</i>. We go where the money is." {SCN_MW.Callsign} sneers. "Why the hell did we face that Steiner strike team for <i>zero C-Bills</i>?!? We didn't owe anything to Gwydion Company."

{TGT_MW.Callsign} suddenly erupts. "<i>My cousin</i> is in the Gwydion Company. He's alive because of the Commander, and a better MechWarrior than you'll <i>ever</i> be!" {TGT_MW.SUBJ_C} {TGT_MW.Gender?NonBinary:stalk|Default:stalks} from the barracks.

In the silence that follows, the room finally notices that you've arrived.
1	Details	Leaning back in your chair, you look up at the drunks nonchalantly. "Yeah, that was us. That murdering blowhard even showed up with a full lance, despite his request for a one-on-one duel."

One of the fans groans loudly. "You should've called his bluff and killed him with a single 'Mech anyway. Ultimate humiliation."

Her friend argues, "He only brought full strength because he knew mercenary scum wouldn't have been brave enough to fight one-on-one!"

[[TGT_MW,{TGT_MW.Callsign}]] tenses in {TGT_MW.DET} chair, anticipating a brawl. But the unruly fans aren't so drunk or stupid as to to fight hardened MechWarriors, and they grumble their way to the bar for another round.
1	Details	Leaning back in your chair, you look up at the drunks nonchalantly. "Yeah, that was us. That murdering blowhard even showed up with a full lance, despite his request for a one-on-one duel."

One of the fans chuffs loudly. "Yeah, you would've been an idiot to think <i>The Steel Beast</i> would fight fair."

Her friend chimes in. "After what he did to Arjun, he didn't deserve a fair fight. Can I buy you and your crew the next round?"

[[TGT_MW,{TGT_MW.Callsign}]] accepts the offer eagerly, and regales the fans with a detailed retelling of the battle.
1	Details	[[TGT_MW,{TGT_MW.Callsign}]] takes command of the situation. "Yeah, that was us. We even gave the murdering blowhard the one-on-one matchup he was asking for. Hardly what <i>The Beast</i>, deserved am I right?"

One of the fans chuffs loudly. "Yeah, I was expecting you to drop a full lance of 'Mechs on his head."

Her friend chimes in. "I'm glad you went with the straight up fight. The only way to win honorably. Can I buy you and your crew the next round?"

[[TGT_MW,{TGT_MW.Callsign}]] accepts the offer eagerly, and regales the fans with a detailed retelling of the battle.
1	Details	Leaning back in your chair, you look up at the drunks nonchalantly. "Yeah, that was us. That murdering blowhard even showed up with a full lance, despite his request for a one-on-one duel."

One of the fans growls, "Yeah, 'cause he knew it would be a trap. The Steiners lose their boy in a fair fight, so they send mercenary scum to do their dirty work."

Her friend steps forward, fist clenched. "Yeah, Arjun got what he deserved, but you killed <i>The Beast</i> 'cause of it?!?"

[[TGT_MW,{TGT_MW.Callsign}]] tenses in {TGT_MW.DET} chair, and when the third drunken fan steps too close, fists begin to fly.

Later that afternoon, on the shuttle back to the Argo, {TGT_MW.Callsign} nurses {TGT_MW.Det} wounds. "We should do that again sometime, Commander!"
1	Details	[[TGT_MW,{TGT_MW.Callsign}]] takes command of the situation. "Yeah, that was us. That murdering blowhard even showed up with a full lance, despite his request for a one-on-one duel. Typical <i>Steel Beast</i>, am I right?"

One of the fans chuffs loudly. "Yeah, you would've been idiots to think he would fight fair."

Her friend chimes in. "After what he did to Arjun, he didn't deserve a fair right. Can I buy you and your crew the next round?"

[[TGT_MW,{TGT_MW.Callsign}]] accepts the offer eagerly, and regales the fans with a detailed retelling of the battle.
1	Details	Leaning back in your chair, you look up at the drunks nonchalantly. "No, you've got the wrong guys. We saw the same match you did on the Ironwood channel. Holovid quality so high, it was like you were there."

One of the fans chuffs loudly. "Yeah, I'm glad those mercenaries dropped a full lance of 'Mechs on his head."

Her friend chimes in. "Yeah, <i>The Steel Beast</i> never fought fair. They would've been idiots to fall for that trick."

After they depart, [[TGT_MW,{TGT_MW.Callsign}]] stares glumly into {TGT_MW.DET} drink. "Come on, Commander. Wish we could've taken credit for punishing that murdering blowhard."
1	Details	Leaning back in your chair, you look up at the drunks nonchalantly. "No, you've got the wrong guys. We saw the same match you did on the Ironwood channel. Holovid quality so high, it was like you were there."

One of the fans chuffs loudly. "Yeah, I'm glad those mercenaries dropped a full lance of 'Mechs on his head."

Her friend chimes in. "Yeah, <i>The Steel Beast</i> never fought fair. They would've been idiots to fall for that trick. Can I buy you and your crew the next round?"

[[TGT_MW,{TGT_MW.Callsign}]] accepts the offer eagerly, and they spend the afternoon discussing numerous recent Solaris VII matches.
1	Details	Turning to Darius, who is already deep in thought, you say, "What do you think? Perhaps your contacts in the Black Market could dig up the dirt we would need?"

The XO scowls but agrees. "He’ll certainly back off before he brings shame to his family or to the House. I'll get on it right away."

Later in the week, you receive a recorded message from [[DM.BaseDescriptionDefs[LoreRepKurita], Shugo Yamaguchi]] "Commander, I am contacting you regarding our little dispute, and how you have seen fit to involve the MRB. I have decided to concede all points in your favor."

With a thin-lipped look that seems a cross between anger and respect, he continues. "I did not expect such cunning from a mere Mercenary. We will, of course, never speak of this again."
1	Details	A knock sounds on your office door and you call out, "Come in..."

The door opens and Darius strides in with a somber look on his face, "Commander, we were just unloading the cargo from one of our supply runs, and I noticed the coffin containing the body of [[SCN_MW,{SCN_MW.Callsign}]] was on the manifest."

You slump back in your chair, "What?!?  No way... what happened?"

Darius sighs, "According to the attached holovid recording, [[SCN_MW,{SCN_MW.Callsign}]] attempted a radical maneuver to try and take out their assigned drone target.  Unfortunately, it ended up with their LAM slamming into a radio tower.  They died instantly.  How do you want to proceed?"
1	Details	The Ferret 'Wardancer' is armed with a Light AC/20, multiple ammo types and FCS Breaching Shot. The Ferret is an advanced 45 ton attack Hovertank, with 10/15 move. It has no turret, its weapons are Front mounted. Standard equipment on all models includes: 7.75 tons of Reactive Armor, Recon Sensors, CASE, Laser AMS, Guardian ECM + IFF Jammer Mk1, Beagle Probe, Advanced Optics Mk1 and the unique quirk 'Slippery Customer'. 

 Owning this item allows you to select an alternate hovertank when using Cargo Vroom's unit deploy ability. 

 <b><color=#099ff2>Hold Shift while placing the unit after activating the deploy ability to select a unit from among those available.</color></b>
1	Details	The Ferret 'Polecat' is armed with a Thumper Cannon, multiple ammo types and FCS Breaching Shot. The Ferret is an advanced 45 ton attack Hovertank, with 10/15 move. It has no turret, its weapons are Front mounted. Standard equipment on all models includes: 7.75 tons of Reactive Armor, Recon Sensors, CASE, Laser AMS, Guardian ECM + IFF Jammer Mk1, Beagle Probe, Advanced Optics Mk1 and the unique quirk 'Slippery Customer'. 

 Owning this item allows you to select an alternate hovertank when using Cargo Vroom's unit deploy ability. 

 <b><color=#099ff2>Hold Shift while placing the unit after activating the deploy ability to select a unit from among those available.</color></b>
1	Details	A knock sounds on your office door and you call out, "Come in..."

The door opens and Darius strides in, "Commander, I have good news, and bad news.  The good news is [[SCN_MW,{SCN_MW.Callsign}]] passed their training and are now fully qualified to fly pretty much any LAM out there."

You smile, "That's great, now what's the bad news?"

Darius grimaces, "During the course of the flight tests, they suffered some injuries and will be out of action for some time.  We can speed up their recovery time if we allocate a medical team specificly to look after them."
1	Details	You read through the information on the datapad, "You know it's tempting, but at that price, we're paying nearly full market value for a used LAM.  We will allocate [[SCN_MW,{SCN_MW.Callsign}]] an appropriate ride to utilitise thier new skill."

Daruis takes back the datapad, "Understood, Commander."
1	Details	A knock sounds on your office door and you call out, "Come in..."

The door opens and Darius strides in with a datapad and a smile, "Commander, [[SCN_MW,{SCN_MW.Callsign}]] has returned and they passed their training with <i>Flying</i> colours!"

The pun makes you smile, but not as much as the memory of a friend who would have turned green hearing it.  Still smiling, you ask Darius, "Very good news indeed.  What's on the datapad then?"

Darius hands it over to you, "Well, because [[SCN_MW,{SCN_MW.Callsign}]] did so well, <i>Wham Ba-LAM</i> has offered to sell us a [[DM.BaseDescriptionDefs[LoreLAM],LAM]] that they did their training in.  The details are all there."
1	Details	Darius watches as the shuttle docks with the <i>Argo</i>.  It's been a long haul with the Commander away at LAM training, so hopefully with their arrival back on board things can get back to normal.

A MedTech disembarks the shuttle and heads over to Darius, "Are you Darius, XO of the <i>Argo</i>?"

Darius nods, "Affirmative.  How can I help you?"

The MedTech shoves a datapad at Darius, "Sign here, please.  He's all yours now."

Darius looks down at the datapad and sees a release form for a wounded passenger being transported to the <i>Argo</i>: Commander {COMMANDER.FirstName} {COMMANDER.LastName}, wounded during LAM Flight Training; Current Status: Stable, "What the hell happened?"

The MedTech shrugs, "Can't really say, sir.  Scuttlebutt has it that your commander tried to outmanuever one of the other cadets in an attempt at top marks or something, and there was a mid-air collision.  Pretty lucky to be alive if you ask me.  In any event, I was instructed to get them safely here, and I have done that.  Now it's up to you to nurse them back to full health."

Darius signs the release form as a hover-gurney floats over with the Commander strapped in, obviously drugged to the max,  Darius pulls a paper free that was clutched in their hand.  Reading it, it would appear the Commander at least passed their training, just not in one piece.

An <i>Argo</i> MedTech handling the hover-gurney speaks up, "Uh, sir... where shall I take the Commander?"
1	Details	This years Solaris 7 Championship is about to begin. The Championship features the top 128 pilots and 128 tank pilots based on a combination of minor League results and offworlders who can pay the qualifying fee.


To participate in a specific weight class, you will to purchase entry rights from the Solaris Games Corporation.
1	Details	This seasons Solaris 7 opens are about to begin. Each open is a single winner takes all match.

 Entry to the matches is open to anyone who can pay the entry fee and as such the prize pot is smaller then the main Championship.


To participate in a specific weight class, you will have to pay the corresponding entry fee.
1	Details	As the Star League reached the pinnacle of its technological advancement, it became apparent that the artificial intelligence entrusted to help run the bloated bureaucracy was being outclassed and showing its age.

After a number of attempted upgrades failed to improve RogueBot, the Star League initiated Project Echo. The goal of the project was the creation of a next generation AI. While slow going, the project incorporated a number of unique innovations. Built on a modular and flexible design - in contrast to its predecessor - the new AI proved to be much more capable than the original. After several more years of development the new AI, now dubbed RogueBot II, was deemed ready to enter service with the Star League.

RogueBot II's initial deployment was not as smooth as many had hoped, but it nonetheless quickly took over the original RogueBot's responsibilities within the Star League, and the original was slated for decommissioning. RogueBot II's more modular design allowed for continuous improvements to be made to the AI at a relatively rapid rate, and it found itself pressed into an ever-growing number of roles within the government - primarily as a cost-saving measure.

Like the original RogueBot, the SLDF attempted to press the AI into military service, seeing drone combatants as the future. After some work, the AI proved a quick study with ground combat forces, and the army began reaching out to contractors to help design new BattleMechs and ground vehicles for mass deployment as drones. Naval combat proved trickier, but slow progress was still being made.

Ultimately, these plans were brought to an end with the Amaris Coup. While Amaris attempted to co-opt RogueBot, he found himself unable to do so, and the AI swiftly relocated its core servers to an unknown location and remained a persistent thorn in the usurper's side for the duration of his rule.After the war ended, RogueBot II evidently decided that the Star League was dead and resisted all efforts aimed at bringing it back under the control of the Star League or any of its member states.

Every now and again, some of the rare or prototype drone units the AI once commanded have been spotted raiding or defending various places throughout the Inner Sphere or the Periphery. The purpose of these deployments remains unknown, but it seems the AI has - even as the Successor Lords remained wholly unaware of their existence - been in occasional contact with the Clans over the centuries, notably having a strange relationship with the Star Adder Khan, Bearing. Some strange rumors even persist linking the fabled "Mr. Bubbles" to the rogue AI, with more than a few hinting at it having become her pet.


1	Details	DEPLOYS A TURRET FROM THE ARGO'S STORAGE BAYS UNDER ALLIED CONTROL.

 <b><color=#099ff2>Has a 2 turn cooldown! Costs 15 Resolve to use!</color></b>

 <b><color=#15df37>Can only call in two turrets per contract!</color></b>

 <b><color=#e11919>Costs 10000 C-Bills per use!</color></b>
1	Details	The Pirate Ferret is armed with 2 Medium PPPPPPulse lasers and 2 NARC Launcher (P) loaded with Explosive ammo. The typical LAMS has been deleted. The armor has been replaced with Reflective backed up with a Spall Liner.

 The Ferret is an advanced 45 ton attack Hovertank, with 10/15 move. It has no turret, its weapons are Front mounted. Standard equipment on all models includes: 7.75 tons of Reactive Armor, Recon Sensors, CASE, Laser AMS, Guardian ECM + IFF Jammer Mk1, Beagle Probe, Advanced Optics Mk1 and the unique quirk 'Slippery Customer'. 

 Owning this item allows you to select an alternate hovertank when using Cargo Vroom's unit deploy ability. 

 <b><color=#099ff2>Hold Shift while placing the unit after activating the deploy ability to select a unit from among those available.</color></b>
1	Details	The Ferret 'Catsnake' is armed with a Snubnosed PPC, 8 Blackwell Machine Guns, AP and HE ammo, and FCS Machine Gun. The Ferret is an advanced 45 ton attack Hovertank, with 10/15 move. It has no turret, its weapons are Front mounted. Standard equipment on all models includes: 7.75 tons of Reactive Armor, Recon Sensors, CASE, Laser AMS, Guardian ECM + IFF Jammer Mk1, Beagle Probe, Advanced Optics Mk1 and the unique quirk 'Slippery Customer'. 

 Owning this item allows you to select an alternate hovertank when using the Cargo Vroom's unit deploy ability. 

 <b><color=#099ff2>Hold Shift while placing the unit after activating the deploy ability to select a unit from among those available.</color></b>
1	Details	Call in a strafing run by the Argo's two aerospace fighters.

 <b><color=#099ff2>Has a 2 turn cooldown! Costs 15 Resolve to use!</color></b>

 <b><color=#15df37>Can only call in three strafes per contract! The fighters attack in two waves, one after another!</color></b>

 <b><color=#e11919>Costs 50000 C-bills per use!</color></b>
1	Details	As the shuttle docks with the <i>Argo</i>, you wait impatiently for the techs to lower the disembarkation ramp.  The moment it is safe, you leap from your seat and head onto the deck of the <i>Argo</i>.  You see Darius waiting for you off to the side and head over towards him with a big smile on your face.

As you approach, Darius pipes up, "I take it you passed, Commander?"

You grin widely, "No, I'm just happy to see your ugly face,"  You slap Darius on the shoulder as you continue, "You bet your ass i did, Darius!  Wow! What a blast that was!  I never knew how exhilarating flying could be."

Darius smiles and hands you a datapad, "Well, it appears that <i>Wham Ba-LAM</i> has offered to sell you one of the [[DM.BaseDescriptionDefs[LoreLAM],LAMs]] that you flew your training in.  The details are all there in this datafile they sent over.  And good to have you back, Commander."
1	Details	When you arrive with Darius at the local MRB offices, [[DM.BaseDescriptionDefs[LoreRepKurita], Shugo Yamaguchi]] is already there. He nods stiffly in your direction.

The Review Board agent walks everyone through the contract, including video footage and witness testimonies. When Darius hears the statement from [[DM.BaseDescriptionDefs[LoreGakuHironaka],Chu-i Hironaka]] refuting claims regarding the quality of the intelligence provided, the discussion gets heated. Yamaguchi comes to the defense of his 'Mech Commander, and soon the MRB agent is forced to clear the room.

Finally, the MRB agent appears and delivers the ruling in your favor on all counts, with additional compensation for 'damages' to the Company's reputation. Yamaguchi turns on his heels and departs without another word.
1	Details	When you arrive with Darius at the local MRB offices, [[DM.BaseDescriptionDefs[LoreRepKurita], Shugo Yamaguchi]] is already there. He nods stiffly in your direction.

The Review Board agent walks everyone through the contract, including video footage and witness testimonies. Darius bites his tongue when the agent reads a statement from [[DM.BaseDescriptionDefs[LoreGakuHironaka],Chu-i Hironaka]] refuting claims regarding the quality of the intelligence provided. Yamaguchi follows your lead and keeps quiet throughout.

Back in the reception area again while the MRB deliberates, the Shugo leans close enough that only the two of you can hear. "You were in the right here. Hironaka has been disciplined appropriately. Win or lose, you have acted the professional."

When the MRB agent appears and rules in your favor on some, but not all, counts, Yamaguchi bows deeply and departs without another word.
1	Details	When you arrive with Darius at the local MRB offices, [[DM.BaseDescriptionDefs[LoreRepKurita], Shugo Yamaguchi]] is already there. He nods stiffly in your direction.

The Review Board agent walks everyone through the contract, including video footage and witness testimonies. Darius bites his tongue when the agent reads a statement from [[DM.BaseDescriptionDefs[LoreGakuHironaka],Chu-i Hironaka]] refuting claims regarding the quality of the intelligence provided. Yamaguchi follows your lead and keeps quiet throughout.

Back in the reception area again while the MRB deliberates, the Shugo leans close enough that only the two of you can hear. "You were in the right here. Hironaka has been disciplined appropriately. Win or lose, you have acted the professional."

When the MRB agent appears and rules in your favor on all counts, Yamaguchi bows deeply and departs without another word.
1	Details	When you arrive with Darius at the local MRB offices, [[DM.BaseDescriptionDefs[LoreRepKurita], Shugo Yamaguchi]] is already there. He nods stiffly in your direction.

The Review Board agent walks everyone through the contract, including video footage and witness testimonies. When Darius hears the statement from [[DM.BaseDescriptionDefs[LoreGakuHironaka],Chu-i Hironaka]] refuting claims regarding the quality of the intelligence provided, the discussion gets heated. Yamaguchi comes to the defense of his 'Mech Commander, and soon the MRB agent is forced to clear the room.

Finally, the MRB agent appears and delivers the ruling in your favor on all counts. Yamaguchi turns on his heels and departs without another word.
1	Details	When you arrive with Darius at the local MRB offices, [[DM.BaseDescriptionDefs[LoreRepKurita], Shugo Yamaguchi]] is already there. He nods stiffly in your direction.

The Review Board agent begins to walk everyone through the contract, including video footage and witness testimonies. Before any debate can begin, however, you interrupt. "Upon further review of the evidence, we wish to withdraw our complaint. Our apologies to the honorable representative of the Draconis Combine for any inconvenience we have caused." 

In the shocked silence that follows, you can hear the sound of Darius's teeth grinding together.

Back in the reception area, while the MRB finalizes the paperwork, the Shugo leans close enough that only the two of you can hear. "You are full of surprises, Commander." Yamaguchi bows deeply and departs without another word.
1	Details	When you arrive with Darius at the local MRB offices, [[DM.BaseDescriptionDefs[LoreRepKurita], Shugo Yamaguchi]] is already there. He nods stiffly in your direction.

The Review Board agent begins to walk everyone through the contract, including video footage and witness testimonies. Before any debate can begin, however, you interrupt. "Upon further review of the evidence, we wish to withdraw our complaint. Our apologies to the honorable representative of the Draconis Combine for any inconvenience we have caused." 

In the shocked silence that follows, you can hear the sound of Darius's teeth grinding together.

Back in the reception area, while the MRB finalizes the paperwork, the Shugo leans close enough that only the two of you can hear. "You are full of surprises, Commander. Keep an eye on your bank account for a small thank-you." Yamaguchi bows deeply and departs without another word.
1	Details	When you arrive with Darius at the local MRB offices, [[DM.BaseDescriptionDefs[LoreRepKurita], Shugo Yamaguchi]] is already there. He nods stiffly in your direction.

The Review Board agent walks everyone through the contract, including video footage and witness testimonies. When Darius hears the statement from [[DM.BaseDescriptionDefs[LoreGakuHironaka],Chu-i Hironaka]] refuting claims regarding the quality of the intelligence provided, the discussion gets heated. Yamaguchi comes to the defense of his 'Mech Commander, and soon the MRB agent is forced to clear the room.

Finally, the MRB agent appears and delivers the ruling in the favor of the Draconis Combine. Yamaguchi turns on his heels and departs without another word.
1	Details	A knock sounds on your office door and you call out, "Come in..."

The door opens and Darius strides and hands you a datapad, "Commander, your aptitude test to attend <i>Wham-Ba-LAM</i>'s LAMcademy [[DM.BaseDescriptionDefs[LoreLAM],LAM]] piloting school has come back.  Everything appears in order, you just need to fill out and sign that indemnity form on the screen, hit the submit button and you should get information on when you need to be at the LAMcademy."
1	Details	You look over the name and record of the candidate.  You thumb back through their file numerous times, before letting out a long sigh and close the datapad.

You hand the pad back to Darius, "Thanks Darius, but I do not think that pilot meets our needs here.  See if there are any other suitable candidates.  We do not need to rush into this blindly."

Darius takes the datapad, "As you wish, Commander.  <i>Wham-Ba-LAM</i> will still bill us the cost of the assessment.  The LAMcademy also states the applicant must wait 90 days before they can reapply should you change your mind later."

<color=#E62E00>The following pilot is not eligible again for 90 days: 
[[SCN_MW,{SCN_MW.Callsign}]]
</color>
1	Details	A knock sounds on your office door and you call out, "Come in..."

The door opens and Darius strides in with a datapad, "Commander, the aptitude tests for candidates to attend <i>Wham-Ba-LAM</i>'s LAMcademy [[DM.BaseDescriptionDefs[LoreLAM],LAM]] piloting school have come back.  There is one pilot who has completed the assessment and should meet the requirements:

[[SCN_MW,{SCN_MW.Callsign}]]

You just need to select the pilot you wish to attend and sign the form on the screen and I'll take it from there."
1	Details	You look over the information required, thumbing back and forth numerous times, before letting out a long sigh and closing the datapad.

You hand the pad back to Darius, "Thanks Darius, but I do not think I need to be away from the company for 6-12 months.  I'll look into it again at a later date."

Darius takes the datapad, "As you wish, Commander.  <i>Wham-Ba-LAM</i> will still bill us the cost of for the assessment.  The LAMcademy also states the you must wait 90 days before you can reapply."

<color=#E62E00>Commander {COMMANDER.FirstName} {COMMANDER.LastName} is not eligible to reapply for 90 days
</color>
1	Details	Darius brings to the briefing an issue that has lingered on the back-burner ever since that ill-fated Contract to eliminate a defector from the Draconis Combine.

"The Mercenary Review Board has finally reviewed our claim of Non-Payment, and have invited us to a sit down with the House Kurita envoy, [[DM.BaseDescriptionDefs[LoreRepKurita],Shugo Yamaguchi]]." 

Sumire bristles in her chair. "Finally! I say we take our pound of flesh, and an extra pound for our troubles!"

Darius shakes his head. "I can't believe I'm suggesting walking away from C-Bills, but If we allow Yamaguchi to save face here, we could gain a significant boost in our reputation with Kurita."

Dr. Murad clears her throat and pauses, holding the room's attention. "Remember how the Shugo delegated the contract to his [[DM.BaseDescriptionDefs[LoreGakuHironaka],underling]], so he could rush off to Herotitus? The notorious pleasure planet?" She pauses again before adding,  "Do you think we could get some leverage from that?"
1	Details	Tired of piloting a sluggishly slow <i>grounded</i> 'Mech while everything else hurtles past you?  Well then, <i>Wham-Ba-LAM</i> has the perfect solution for you: [[DM.BaseDescriptionDefs[LoreLAM],LAM]] Pilot Training.  An appointment to <i>Wham-Ba-LAM</i>'s LAMcademy Piloting School will reward you with the knowledge of the skills needed to pilot a LAM.  This training course, supplemented by neurostimuli and training simulators, and taught by our very own Black Betty,  can be yours for no more than ¢750,000.  Your tuition fee covers all costs associated with your training including room and board for up to 6 months.  Stop letting your lethargic 'Mech affect your performance on the battlefield!

<color=#FF0000>WARNING! Tuition costs ¢750,000 and the Commander will not be available for up to 6 months.  Applicant MUST have prior 'Mech experience.  Slots are limited, so only ONE pilot may attend at a time.  Our reps are not responsible if you do not have the funds to pay the tuition.  Avoid buying until you have a proper bankroll.</color>

<color=#FFFF00>NOT ALL APPLICANTS WILL BE ACCEPTED!  LAM Training is dangerous.  Accidents do happen and <i>Wham-Ba-LAM</i>'s LAMcademy Piloting School will not be held responsible for any injuries sustained during training.</color>
1	Details	Tired of piloting a sluggishly slow <i>grounded</i> 'Mech while everything else hurtles past you?  Well then, <i>Wham-Ba-LAM</i> has the perfect solution for you: [[DM.BaseDescriptionDefs[LoreLAM],LAM]] Pilot Training.  An appointment to <i>Wham-Ba-LAM</i>'s LAMcademy Piloting School will reward you with the knowledge of the skills needed to pilot a LAM.  This training course, supplemented by neurostimuli and training simulators, and taught by our very own Black Betty,  can be yours for no more than ¢750,000.  Your tuition fee covers all costs associated with your training including room and board for up to 6 months.  Stop letting your lethargic 'Mech affect your performance on the battlefield!

<color=#FF0000>WARNING! Tuition costs ¢750,000 and the chosen pilot will not be available for up to 6 months.  Applicant MUST have prior 'Mech experience.  Slots are limited, so only ONE pilot may attend at a time.  Our reps are not responsible if you do not have the funds to pay the tuition.  Avoid buying until you have a proper bankroll.</color>

<color=#FFFF00>NOT ALL APPLICANTS WILL BE ACCEPTED!  LAM Training is dangerous.  Accidents do happen and <i>Wham-Ba-LAM</i>'s LAMcademy Piloting School will not be held responsible for pilot injury or death.</color>
1	Details	Nobles are born with silver spoons in their mouths. Toni Okoye was born with a wrench. Raised in the Outback of the Federated Suns, she learned quickly that one man's junk was another man's treasure. Parts and supplies could be hard to find in the wilder parts of the Suns, and so many learned to re-jigger, reuse, and recycle. Toni enjoyed tinkering with all manner of devices, and her family had an oddly rich history in technology. Her grandfather had worked building Nissan 200s for the Enforcer, and he took that knowledge with them when the lot of them were forced to move after he lost his job at the fusion engine plant. Unfortunately, he passed on in transit to their new home, but the Okoyes kept all his manuals and notes, and Toni's mother and father both took jobs in repair and maintenance once the family re-settled.

Toni learned about 'Mechs the same way a lot of people in the rougher parts of the Inner Sphere do; she got lucky. The garrison on her world had a chassis in need of an engine, and as it happened, Toni managed to blunder into one, get it working, and install it into the decrepit Enforcer 4R, giving the 'Mech it's first hum of life in a hundred years. A thankful local government let her train in it under the Dispossessed MechWarrior they'd hired to pilot it for the militia, and before long the dream of being a real MechWarrior took root. It didn't help that the MechWarrior Toni was learning from filled her head with stories of battles and victory, and it wasn't long before she decided to market herself to any Mercenary company passing through as a two-for-one tech and pilot deal; after all, the budget-conscious might appreciate an extra hand in the Mechbay. However solid her skills with a wrench are, the aesthetics of her work often leave something to be desired, and it's not uncommon for the Chief Tech of her outfit to wonder why the leg of the CO's ride looks like it lost a fight with a junk pile.


1	Details	Sketchy comes from a nearly-forgotten corner of space that was once very, very important to the goings-on of the Inner Sphere. A long time ago, the world she hails from, Otisberg, was part of the Rim Worlds Republic; the nation that toppled the first Star League and led to the ruination of House Cameron. After the Amaris Civil War, and later the Republic-Commonwealth War, what remained of the RWR faded into obscurity, along with most of the worlds the Lyrans didn't lay claim to. But in 3040, the spark of nationhood was lit again by a man named James Moroney, who joined a movement set on unifying the worlds of Otisberg, Gillfillan's Gold, All Dawn, Calgarium, Slewis, and Waypoint into an alliance. Unfortunately, James Moroney was killed, and his friend William Roberts was left to see the transition to completion. A mercenary unit, Able's Aces, was hired to provide security and training to the new nation, and one of the first people in line to learn was Moroney's niece, Belinda.

Sketchy proved to have a mind for tactics, specifically those mired in the ebb and flow of an ongoing battle; her reactionary skills being quite commendable even if her judgement calls often times seemed questionable in the moment. However, when she graduated from training with the Aces, she chose to leave the Rim Collection instead of becoming part of its burgeoning military; her reasoning being that if she left to gain experience elsewhere, she could return to teach the next generation. After all, how was it that the Aces learned all they taught? It wasn't by sitting on their asses. So she chose to tour the Periphery for a time, learning and growing as a warrior before heading back home to share her experience with her comrades-at-arms.


1	Details	One of the worst things an otherwise dedicated, professional human being has to do is live as a hypocrite, and Amelia Bianchi knows exactly how that feels. She spent a large portion of her House military career pushing people forward and driving them to be their best. Do that extra pull-up. Run that extra lap. Tighten that shot cluster. Don't quit.

Sarge, as she was affectionately known, chose to do just that. She quit. She patently refused to participate in the brewing Civil War between the Lyrans and her home state the Federated Suns, citing that, quote: "It's f**ing stupid is what it is". So instead of participate; instead of being the patriot she always tried to make her cadets into, she turned her back and left. She resigned her commission, and headed rimward in disgrace as the quitter she never meant anyone to be. And now she has to live with that out on the fringe, contracting with mercenaries and hoping nobody back home thinks so poorly of her as to ignore the lessons she taught them. Being in exile is no excuse for slacking though, as she says, and so she'll push her current crew to run that extra lap, or do that extra pull-up. Because if there's going to be any quitter in the room, it'll only ever be her.


1	Details	Tariq grew up knowing he wanted to serve in the LCAF as a MechWarrior. He would skip school to sneak off and spend time with his mother who worked at Coventry Metal Works to be around the BattleMechs. He would stay up nights, looking at blueprints, studying how myomer works, or building models of his favorite machines. He had a particular fondness for the Hunchback; the massive autocannon put a twinkle in his eyes.

Thanks to his connections, he was able to attend the Conventry Military Academy, and was enrolled in the Reconnaissance program when the Jade Falcons invaded Steiner space. He was there when they attacked Coventry. He fought alongside his training cadre as the clanners tried to take his home planet. And he, like the rest of his comrades, failed in its defense. He was captured, and taken as bondsman by the Falcons. When they departed, he was released, but his time in detention left a mark on Tariq. Instead of participating in the rebuilding of the academy, he instead left Lyran space, believing his training had not been enough. He felt he needed real experience in a place where people didn't fight by the book. So he sought passage to the Periphery and a commission in a mercenary unit.

Tariq is a friendly guy, always wearing a sideways smile, hence his handle. He's relaxed and approachable, but he's fierce in his commitment to return to Conventry and participate in the fight. With the Civil War in flames between the Lyrans and FedSuns though, he's content to remain in mercenary employ for the time being. He might grimace at taking a Davion contract, and he makes no bones about the fact that he will leave one day to return home, but for now he's a dedicated, loyal soldier.


1	Details	Darius grew up on Nassau Heights, one of the hab stations orbiting the Aurigan Coalition world Artru. Thirty decks of economic stratification, with the corporate suits on the upper decks and everyone else crammed into the lower ones. His father was a deckhand and the whole family lived on Deck 28, two levels up from the bottom, with other station maintenance personnel. Twelve hours a day, six days a week, his father would load and unload cargo shuttles. Vacuum-sealed quillar and nutrient paste for common people, and luxury goods for the suits upstairs. According to Darius, he must've unloaded a thousand cases of Cassildan eel roe-plump, succulent eggs the size of melon balls. Never got to taste any, though. Any one of those tins would've cost him a half a year's wages.

Suffice it to say, Darius got an eyeful of what he did not want to be on Nassau Heights, and did what he had to do to change his circumstances. By the age of sixteen, he struck out on his own, leaving with a handful of skills, an enormous web of contacts, and a rucksack full of that expensive caviar. And once he made it off of Nassau Heights, he never, ever looked back. He took up a career as a MechWarrior and eventually made it to the position of Executive Officer of Markham's Marauders, where his fortunes would be made for life. And now, he's decided it is time to get back into the cockpit for a little action.


1	Details	The saying 'Nice guys finish last' has some truth to it sometimes; at least in the case of Gavin Oikos at any rate. He certainly plays at being a nice guy, and he's not shy about honestly admitting he finished last in his class at the Legionary Training Academy. But he finished, he likes to quip. He takes a quiet pride in his homeworld of Andurien, and is less quiet about his love of Capellan jokes. He gets as well as he gives though, and prides himself on having never started a barroom brawl. He'll joke that he's finished a few though.

Zed gets his callsign from his graduating class; they dubbed him 'Zed' because he was always last place in everything, even if at the same time he never really failed at anything either. He'll jest about all the best callsigns having some truth to them, of course. Unfortunately his cheerful exterior is the shimmery wrapping paper around a very sad little box. It's no mean task to check his records, and see that he went to the academy because his family, down to a person, died in an outbreak carried to his locale on Andurien by an offworlder, and the money he spent to do so was what remained of their financial legacy. There isn't anything or anyone left now but Zed, and his quirky sense of humor. He can't seem to stop being last.


1	Details	Virago hails from the other side of the Sphere, and from the wrong side of the war. At least, that's what everyone, including her, says. She makes most folk uneasy with her size and her origins in equal measure, as she's a veteran of the Clan Jade Falcon invasion force. An Elemental, to be precise. How it is she ended up in the Rimward Periphery looking for a mercenary outfit is anyone's guess, but broken noses and worse are the typical fate of those who ask. Might be a worthwhile mercenary hidden in there behind all the odd mannerisms and patterns of speech. Clan lingo is weird, to say the least, and that's not even going into their abhorrence of contractions. Makes an odd duck odder in a place as frontiersy as the Periphery.

As she tells it, she's been working as an exoskeleton operator in cargo bays to make ends meet, but she's tired of being out of the fight, and wants a shot at real combat again. Barfights, apparently, don't appeal when you're a head taller than the next biggest person in the room

.
1	Details	Pistol doesn't like to talk about her childhood. Her story starts with the first time she went to prison, which she proudly hails as 'growing up'. After that, her life was a blur of petty crime, thuggery, and gang time. Unlike a lot of the roughs she ran with, Pistol used her head. She was smart, and ruthless, and someone with her capabilities wasn't long for petty crime. Pirates eventually swept her away to a life of cargo theft, raiding stockpiles, and fleeing the authorities in multiple systems. The pirates were more wily than the low-rent crooks she'd been with, but her savvy kept her fingerprints off most of their heists.

After a duel with a member of a rival pirate crew got blood on her hands for the first time, Pistol started getting a tattoo for each mark she knocked off; often times double-tapping by collecting bounties on the riff-raff as a side gig. That sort of work suited her tastes, and the criminal aspects of things started to fall to the wayside. The other pirates noticed, and not wanting to lose their share of her bounty takes, they offered her a spot among the few 'Mech jocks they had. She was put at the controls of a primitive, derelict Shadow Hawk, and her eye for killing only grew sharper. She found that she equally enjoyed hunting targets with her autocannon or her sidearm, and unfortunately for the rest of the rabble, her resolve to leave the pirate life only got stronger.

Pistol snuck away one evening when the rest of the pirates were in a drunken stupor, left word of their whereabouts to the authorities, and collected the bounty. She used the cash to get off-world, and register with the MRB as a pilot-fore-hire, hoping to shack up with a more reputable lot who favored bounty hunting as much as she did. Amusingly, having to register with the MRB forced her to use her real name (which she hates), so any potential commanders might take care not to use it in casual conversation.


1	Details	Hannah Yamashita hails from the Draconis Combine, and it shows. She expresses that very Japanese tendency towards perfection in all that she does, from pruning the bonsai she keeps in her very orderly quarters, to negotiating narrow alleyways and streets in her preferred BattleMech, the Firestarter. She has a penchant for urban combat, light 'Mechs, and anti-infantry operations, and when given the opportunity, gladly partakes in all three. She also has the habit of writing haikus on the side of her 'Mech after each engagement; beautiful little poems describing and entire conflict in three simple lines.  And many of her 'Mechs have read like compilations.

Something troubling seems to follow her, however; she has a mien like a black cat, and she often makes the more superstitious of her colleagues uneasy. It's hard to say why, but it could be the smile she wears after a particularly eventful day stalking the city, rooting out entrenched opposition.


1	Details	When asked, Dermot Laughlin is content to simply tell people he is from the far side of the Magistracy of Canopus, and leave it at that. He might continue that he served in a militia, piloting a Wasp that had a couple of flamers installed in the leg in place of the missile rack, and that he didn't do much beyond some minor scrumming with pirates, and some civil engineering using his 'Mech as a substitute crane.

But the manner in which he carries himself, and especially the way he talks, tell a different story - and it's one that doesn't come anywhere near matching the words that come out of his mouth when you can get him to talk about himself. One look at the bookshelf in his quarters confirms he has some pretty serious investment in the workings and histories of ancient empires, specifically the Romans. And this seeming obsession is reflected in his demeanor on the battlefield; he will bark orders and make calls if his commanding officer is too slow to respond to changing battlefield conditions, and brush off any reprimand after the fact. But when paired with a mind like his, he is efficient and supportive, and he will echo commands to the rest of his compatriots, helping keep operations orderly and regimented.


1	Details	Once House Arano regained their throne, and Lady Kamea Arano reclaimed her crown, the Restoration efford ended, and so did the flow of money from the Centrellas. The fate of those displaced by the end of a war rarely gets shared in any history book, this war included, and many loyal MechWarriors and vehicle crewfolk were left without prospects. The Magistracy has new politics to attend to now, and former Aurigan soldiers like Clinton have to do what they can.

Dubbed 'Plato' by his lancemates due to a penchant for debate over off-hours drinks, MechWarrior Knox is otherwise a fairly unremarkable soldier, aside from the bittersweet loyalty he has towards his old outfit and nation. He feels betrayed, but at the same time proud of his role in re-securing the Arano heritage, wearing that weight like a veteran would. He gets on well with most crews, and has little or naught to say about much, unless there's an open beer and a friendly conversation at hand. He seems content to follow orders and serve his contract; quietly continuing to be a good soldier for whoever cuts his checks.


1	Details	Jackson Harker always wanted to fly. And he'd been born in the right place for it; the Outworld Alliance. Famous for their aerospace forces, which rivaled those of the Successor States themselves, the OA was the fork to Harker's spoon; the butter on his toast. He joined up as soon as he could, and excelled in his preliminary testing. Like many aero recruits, he passed out during high-g training. Again, and again. But he never stopped passing out, which means he inevitably washed out. His recruiting officer suggested he try for BattleMech training; after all, jump jets might be a poor substitute for actual thrusters, but who knows? He might luck out and fall into assignment with one of the few remaining LAMs still in service. And with that, Harker put his nose to the grindstone, and graduated.

He lived on the high ground in training, and in service, and he patently refused any assignment to a machine that didn't have jump jets. But that golden ticket never came, and after his assignment was over, he packed up and headed rimward, through the Taurian Concordat, looking for an outfit still sporting one of those rare gems: the Land-Air BattleMech. They might not be masters of the skies, but they came about as goddamn close as any machine with two legs aught to. One still needs to pay the bills, however, and so Ridgeline gladly takes any duty with mercenaries having the same sort of free spirit and thirst for adventure he enjoys. And being huge fans of, or owning, a LAM certainly helps those prospects.


1	Details	Thiago never set foot in an actual military academy, and he's proud of that fact. He'd hitched a ride as a boy with a rough-and-tumble outfit that'd come in to protect the mining outpost where he was born, and where his parent died. He doesn't seem too broken up about it; his mother was a drunk and his dad was a gambler, and between ol' pops wasting what little money they had left on dicing in the alleyways after his ma drank most of it up, he figures the pirates did him a solid. He'd started in the mess, washing dishes, and as a gofer for the crew. He tried learning from the techs, from the pilots, from the officers... anyone who'd give him a lesson. He had no designs on peeling potatoes and fetching bad coffee for the rest of his life.

As he grew up, he learned about 'Mech combat, and it took a lot longer for him to get behind the wheel, so to speak, than it did for him to grasp the basics of tactics and strategy, since the latter didn't involve any risks to the outfit's hardware. His callsign, Rhino, is a bit of an in-joke. Turns out just because he's built like one doesn't mean he's anywhere as tough as one. Bit of a glass jaw. Not that you'd want to let a tactical mind like his get bounced around in his skull in a bar fight, mind.


1	Details	Not every person behind the controls of a 'Mech chooses to be there. Sometimes their options are limited due to the circumstances of their birth. Annabelle Geates was born in the officer's quarters of a Leopard-class DropShip en route between planets in the Free World's League. Her mother was the CO of a mercenary group; her father a pilot. They had been trying to get to a proper hospital, but the trip from the jump point in-system was a long one, and Annabelle ended up being born a few days early. Her entire childhood was spent aboard the ship, with the crew and techs and pilots being her aunts and uncles. She learned about PPCs, and about KF drives, and jump jets, and tactics. She had few toys, but several of the mercs had books, so she read a lot as soon as she was able. Books became her escape when the hull of the Leopard rumbled from meteorites or weapons fire and she was afraid. They taught here everything she learned that didn't have a military application. Her parents wanted her to learn the family business, but she wanted to go into the arts. She loved writing, and would read her prose to anyone that would listen to her.

As she grew up, she found herself behind the controls of her mother's Phoenix Hawk, learning the ropes. It was the last place she wanted to be, but she had few other choices. Her parents were worried about leaving her someplace to study, only to be kidnapped or worse by someone upset with the unit. So Annabelle became a MechWarrior.

Her parents eventually had a falling out, and the group dissolved. Both parents joined different outfits, and she chose to live with her father for a time, but the group he'd signed up with were too rowdy for her tastes, so she left. She missed the more family-like environment of her old unit. She met up with her mother, but she was bitter about Annabelle choosing her father first, and they had a falling out. Left with few prospects, Geates put her name out looking for a new outfit; one that she hopes has a quiet corner for her to read and write in between contracts. And maybe, a new kind of family more like her old one.


1	Details	Born on Coromodir to a pair of high-ranking military officers, Blue had little choice in her upbringing or career path - joining the Aurigan Coalition's military was her destiny from the moment she was born, and though she did as her parents bid, it was with smouldering resentment rather than enthusiasm. This won her few favors with her fellow officers in training, and after an incident in 'anger management' that left another trainee in the hospital, she was quietly shuffled off to join with the rowdier - and rather less sheltered - crowd of young MechWarriors.

With her parents' patronage, she was given into Raju Montgomery's care. Here, for the first time, she found something she was both good at and enjoyed. She quickly acquired the callsign Aether, through her ability to remain untouched, seemingly intangible and ephemeral, through a hail of incoming fire. Though not important enough socially to rub shoulders with the heir to the Coalition, sharing a common teacher often led to Blue sharing training with Kamea Arano. When it became clear that Blue was becoming rather inappropriately enamoured with the royal lady, she was again - quietly - transferred to the furthest reaches of the Reach. There was only so far her parents' reputation could go.

Tragedy struck, as both of her loyalist parents were killed in the opening moments of Espinoza's coup. With Kamea and Raju reported dead, her parents gone, and the Directorate heading in a direction she was unwilling to support, Aether took advantage of the chaos to simply disappear. She's back now though, and ready to seek revenge upon those who destroyed her life - and who threatened, exiled, and hunted her liege.


1	Details	Born on Atreus, the capital world of the Federated Suns, Jack had a complicated history from day one. His father was a noble diplomat from the Lyran Commonwealth and his mother a prominent officer in the New Avalon Crucis March Militia. Their relationship was initially viewed with suspicion by factions within both Houses and life was difficult for Jack as he grew up between worlds. Ironically, years later his family would be lauded as an important step in the improving relations between the two realms. But, this would not come in time to make Jack's life any easier.

From a very early age, Jack showed an aptitude for VR combat simulation games, often taking units known to be underpowered, yet somehow finessing them to victory. This eventually led him to seek a career with the military - much to his mother's delight and father's grudging tolerance. He was soon enrolled at the newly formed New Avalon Institute of Science, but life there was no picnic - all his classmates believed him to be there based on his parent's accomplishments and not his own merits. Nevertheless, Jack was determined to prove himself, and would never back down from a challenge.

After graduation, his mother offered to help him gain a position in the March Militia, but Jack continued to want to forge his own destiny. Accepting a junior officer position with the 33rd Avalon Hussars, he left New Avalon behind, yet the spectre of his family continued to follow him.

Always a risk taker, Jack found he much preferred the role of the scout - both for the solitude and the opportunities it provided him to show what he could accomplish. Through sheer determination, he rose to the rank of Leftenant, but still yearned for a chance to step out from his parents' shadow. Not long after, he would have his chance in spades.

In 3022, the 33rd was part of an expedition to retake Galtor III from the Draconis Combine in what became known as one of the bloodiest campaigns in the later part of the Third Succession War. During that campaign, Leftenant Britcher's lance was instrumental in scouting out the enemy forces, helping the Federated Suns to eventually retake the planet.

Jack felt for the people of Galtor III, who were suffering horrendous losses. It was during an information gathering mission, when Jack saw the atrocities being committed by the Combine Troops on the citizenry and, despite orders not to reveal themselves, he took matters into his own hands and attacked the DCMS forces. The sheer wildness and bravado of the attack threw the Combine Soldiery into disarray and, believing that Lt. Britcher's lance was a spearhead for a larger force, they withdrew. While he had saved these poor souls, what he saw that day caused him to resign his commission and seek ways to help the people.


1	Details	Born on Atreus, the capital world of the Federated Suns, Larry had a complicated history from day one. His father was a noble diplomat from the Lyran Commonwealth and his mother a prominent officer in the New Avalon Crucis March Militia. Their relationship was initially viewed with suspicion by factions within both Houses and life was difficult for Larry as he grew up between worlds. Ironically, years later his family would be lauded as an important step in the improving relations between the two realms. But, this would not come in time to make Larry's life any easier.

From a very early age, Larry showed an aptitude for VR combat simulation games, often taking units known to be underpowered, yet somehow finessing them to victory. This eventually led him to seek a career with the military - much to his mother's delight and father's grudging tolerance. He was soon enrolled at the newly formed New Avalon Institute of Science, but life there was no picnic - all his classmates believed him to be there based on his parent's accomplishments and not his own merits. Nevertheless, Larry was determined to prove himself, and would never back down from a challenge.

After graduation, his mother offered to help him gain a position in the March Militia, but Larry continued to want to forge his own destiny. Accepting a junior officer position with the 33rd Avalon Hussars, he left New Avalon behind, yet the spectre of his family continued to follow him.

Always a risk taker, Larry found he much preferred the role of the scout - both for the solitude and the opportunities it provided him to show what he could accomplish. Through sheer determination, he rose to the rank of Leftenant, but still yearned for a chance to step out from his parents' shadow. Not long after, he would have his chance in spades.

In 3022, the 33rd was part of an expedition to retake Galtor III from the Draconis Combine in what became known as one of the bloodiest campaigns in the later part of the Third Succession War. During that campaign, Leftenant Thornet's lance was instrumental in scouting out the enemy forces, helping the Federated Suns to eventually retake the planet.

Larry felt for the people of Galtor III, who were suffering horrendous losses. It was during an information gathering mission, when Larry saw the atrocities being committed by the Combine Troops on the citizenry and, despite orders not to reveal themselves, he took matters into his own hands and attacked the DCMS forces. The sheer wildness and bravado of the attack threw the Combine Soldiery into disarray and, believing that Lt. Thornet's lance was a spearhead for a larger force, they withdrew. While he had saved these poor souls, what he saw that day caused him to resign his commission and seek ways to help the people.


1	Details	Dakotah was the son of a noble baron of a small city in the Fronc system. While life was hard on the frontier, the support given to the colonists by both the Magistracy and the Taurians gave them hope of a prosperous future. Dakky's father was a retired Taurian MechCommander who had been gifted the posting to Fronc with the understanding that he was to form the nucleus of that province's militia. Lord Brumagin sadly passed away under mysterious circumstances, and the young master Dakotah was suddenly thrust into the hereditary position of Lord.

Surprising everyone - aside from himself - Dakotah took to the role adeptly and, leading by example, made great strides towards stabilizing the province. This Lordling was not afraid to get his hands dirty: he was willing to work the fields, take his turns on patrol, did not shirk from any responsibilities that came his way. But his greatest love was working on the family 'Mech, and he spent many hours working with the MechTechs learning their trade.

It was near his coming of age that he met the woman that would become his wife - but their wedding was both the best and worst day of their lives. On the day of the ceremony, a pirate band struck, killing most of Dakotah's family, sacking the city and stealing his family 'Mech. With the city in ruins, many of the survivors moved to other provinces or returned to their homeworlds. But the young Lord had a thirst for vengeance. Setting off on the first JumpShip off-world with his new wife, he took to the life of a mercenary to build up his coffers so he might one day hunt down and wipe out the pirates that attacked his home.

Now, though, he is out of C-bills and looking for work.


1	Details	Born on Atreus, the capital world of the Federated Suns, Evan had a complicated history from day one. His father was a noble diplomat from the Lyran Commonwealth and his mother a prominent officer in the New Avalon Crucis March Militia. Their relationship was initially viewed with suspicion by factions within both Houses and life was difficult for Evan as he grew up between worlds. Ironically, years later his family would be lauded as an important step in the improving relations between the two realms. But, this would not come in time to make Evan's life any easier.

From a very early age, Evan showed an aptitude for VR combat simulation games, often taking units known to be underpowered, yet somehow finessing them to victory. This eventually led him to seek a career with the military - much to his mother's delight and father's grudging tolerance. He was soon enrolled at the newly formed New Avalon Institute of Science, but life there was no picnic - all his classmates believed him to be there based on his parent's accomplishments and not his own merits. Nevertheless, Evan was determined to prove himself, and would never back down from a challenge.

After graduation, his mother offered to help him gain a position in the March Militia, but Evan continued to want to forge his own destiny. Accepting a junior officer position with the 33rd Avalon Hussars, he left New Avalon behind, yet the spectre of his family continued to follow him.

Always a risk taker, Evan found he much preferred the role of the scout - both for the solitude and the opportunities it provided him to show what he could accomplish. Through sheer determination, he rose to the rank of Leftenant, but still yearned for a chance to step out from his parents' shadow. Not long after, he would have his chance in spades.

In 3022, the 33rd was part of an expedition to retake Galtor III from the Draconis Combine in what became known as one of the bloodiest campaigns in the later part of the Third Succession War. During that campaign, Leftenant Zanos' lance was instrumental in scouting out the enemy forces, helping the Federated Suns to eventually retake the planet.

Evan felt for the people of Galtor III, who were suffering horrendous losses. It was during an information gathering mission, when Evan saw the atrocities being committed by the Combine Troops on the citizenry and, despite orders not to reveal themselves, he took matters into his own hands and attacked the DCMS forces. The sheer wildness and bravado of the attack threw the Combine Soldiery into disarray and, believing that Lt. Zanos' lance was a spearhead for a larger force, they withdrew. While he had saved these poor souls, what he saw that day caused him to resign his commission and seek ways to help the people.


1	Details	Wulf Hardy is Draconis affiliated, sporting a rough past from the Kesai liberation. While suffering from a weak constitution and bad allergies, he is dependable - and overall uplifting to be around. The accent of his homeworld leads him to insist it should be spelled Wulf or not at all. He's picked a moniker from coring WFH and WVR infidels of all makes.

Wulfbanes adopts cats when planetbound - and as a result there may have been an incident with some SRMs due to a chase in the cockpit. He likes naps, going fast, and hearing the cacophony of missiles taking flight. He doesn't like plant life, getting hit, or anything that messes with the gyro. Nobody wants to disturb a lounging cat, and nobody wants a repeat negligent discharge.


1	Details	"To achieve victory, we must make the enemy blind and deaf by sealing his eyes and ears."

Raised on the Periphery world of Fronc, Sam spent many years serving as an infantryman in the Colonial Marshals, defending colonists from pirates. When his promotion finally went through, he was shipped off to the Institute of War in Canopus for MechWarrior training. There he specialized in signals warfare, and developed a fascination with cat ears.

Sam's time in the Institute was cut short however, when the news reported that back home a group of Colonial Marshals had taken hostages and demanded independence for the colonies. Rather than wait and see if he'd be declared guilty by association, Sam took the first JumpShip out of system and struck out on his own, offering his skills to mercenary outfits throughout the Periphery.


1	Details	Artemus left his birthplace as a young man to pursue the life of a mercenary. He spent years traveling around the Inner Sphere and saw combat in various engagements - facing mostly pirates, but also the Clans on a few occasions.

When the hostilities cooled, Artemus took the opportunity to travel to Canopian space to relax for a few years. It didn't take long for things to heat back up though, and during a pirate raid he fired up a nearby BattleMech to take the fight to the local pirates.

Now he is traveling the stars once again as a merc, occasionally designing new 'Mech variants for clients - and looking for interesting times.


1	Details	Born on Terra, Adam joined ComStar as an Acolyte at a young age. After years of training on Terra, he continued to serve the Blessed Blake as a HPG technician on a fairly backwater world in the Taurian Concordat know as Argos (new Acolytes have to learn somewhere). For several years, he labored at his duties without much distinction or notice.

Near the close of the Third Succession War, the HPG station was attacked by a group of extremely bold (if not more than a little stupid) pirates. ComStar put out a call to the local militia while their meager security force held the pirates at bay as best as they could. However, the pirates soon overwhelmed the ComStar base, and several of them exited their vehicles to begin looting the compound. It was at this moment that Adam's life took a turn. Making a rash decision to do whatever it took to protect the blessed HPG and technology of old, Adam climbed into a vacated 'Mech and powered it up. Despite a lack of actual training, he found that the controls matched the simulation pods that he enjoyed playing with in his off hours. With his purloined 'Mech lurching into motion, he managed some lucky shots, destroying a pirate APC transport and crippling two tanks. He even managed to knock over one of their Stinger light 'Mechs as he careened off to the side in an ungainly attempt at a charge. Between this unexpected resistance, and the sudden appearance of the local militia, the tide was turned and the pirates were soon in full retreat.

With the battle over, the Precentor in charge of the HPG noted Adam's deeds and encouraged him to walk the missionary's path, believing that Blessed Blake had a higher purpose in mind for him. Adam was to learn the way of the MechWarrior while also spreading the Word of Blake amongst the stars, searching out other like-minded warriors of faith. Calling in some old favors, the Precentor sponsored Adam and had him sent to a Concordat training academy. Wishing him well, the Precentor gifted Adam with a rare printed copy of Jerome Blake's writings to help guide him through this new future and keep him on the path, and it would become one of Adam's most cherished possessions over the following years.

Adam now travels the stars, preaching the good word of Blake and fighting for good causes that champion the little folk who so often get forgotten by the larger powers - but not by the little mercenaries.


1	Details	Originally from the Duchy of Andurien in the Free Worlds League, James Pato grew up tinkering with anything he could get his hands on. He was drawn to an apprenticeship as a MechTech, starting with AgroMechs and moving on to BattleMechs after being called upon to help the local garrison with a broken 'Mech crossing his family's property.

Working for the militia, he quickly rose through the ranks and became the local subject matter expert on the coding for 'Mech's Targeting and Tracking Systems (TTS) and internal diagnostic computers. More than once his custom adjustments have led to his unit's MechWarriors nearly dying in the field, almost costing him his position. He found himself putting in countless hours behind the command couches of BattleMechs in order to understand what his pilots experience, eventually earning his own title as MechWarrior.

His ability to find work as either MechTech or MechWarrior has granted him freedom to travel around the Rimward Periphery, searching for LosTech - with an eye out for Star League era TTS. He's heard rumors there was once a totally autonomous BattleMech drone project run in secret, but has yet to find any real evidence. If he were to find such a LosTech cache, it would allow him to establish his own brand of TTS that would rival the best the Inner Sphere has to offer.


1	Details	Nathaniel Stoyanov, known by his callsign TheChronicToast (or Toast for short), is a character with a mysterious past and an unequalled love of toaster pastries. Many pin him as affiliated with the former Periphery mercenary company "Absolution's Gap", which gained notoriety by assisting Kamea Arano's coalition forces in the Aurigan Reach; though whether this is true isn't something he's likely to comment on.

His upbringing is a familiar one for a MechWarrior in the Rimward Periphery. Born to an immigrant family that had positioned itself powerfully as agricultural barons on Heliat, his family was betrayed by those that deemed them outsiders to the local, insular culture. Evading his captors, his family missing and their holdings destroyed, he fled off world. Hiring on as a novice pilot he, continued life as a merchant guard; providing himself a taste of dealing with tactical situations in underpowered and poorly maintained 'Mechs.

It was in these formative years he realized that, with unexpected but surprisingly reckless tactics, an underdog could get an edge on a superior foe - even more so if one was willing to risk everything to accomplish the mission at hand. With this knowledge firmly grasped, his piloting skill and deployment count grew, eventually winning seats in various mercenary outfits. He earned his keep but never stayed in one place for long, as he always gained a reputation for burning through his 'Mechs if it meant a mission success; company finances be darned.

Eventually he got pulled into the historic events surrounding Kamea Arano and the civil war with the Directorate, but that is a story for another day - if you can get him to tell it. As it stands, he's a solid pilot with a few tales to share.

"Every action has a cost on the battlefield. Make the sacrifices needed for victory a personal endeavor, and your lancemates will thank you when it's over."


1	Details	Doyle is a seasoned mercenary pilot who started his career with the Ghost Warriors Brigade. He quickly got frustrated with their lack of drive and ambition, and soon found himself signing up and fighting with the Steel Jaguars, a merc unit that prided themselves on their dedication to tough training, hard work and excellence in the field of battle. Before too long, Doyle had become an integral part of the battalion he fought for. He found himself fighting in every available mission, building up a wealth of knowledge and experience, and eventually he was given a promotion. But it was his next promotion, the one that he never wanted, that would end up shaping his future.

One day, their Commanding Officer walked away after deciding that he was unable to continue in his position. The CO quitting the life of a mercenary left Doyle to take on his post. Doyle didn't want this position but, after looking around and deciding that if he left it to someone else they would probably get him killed, he decided to take the job. He led the battalion through a series of successful missions, but never truly saw eye to eye with the company's owner. There were many straws but - as they say - the last one finally broke the camel's back, and Doyle decided to leave the Steel Jaguars to form his own company from the ground up.

What he didn't expect was for the vast majority of his former battalion to follow him, but so they did. Finding himself in possession of almost a full battalion's worth of seasoned merc pilots, he struck out with his new company after naming them The Sanguine Tigers. Years later, a merge with a friendly fellow merc unit - known as 9th Blood and Fire - saw the company renamed to The 9th Sanguine Tigers, and they spent many happy years taking contracts and kicking ass. Until, one day, Doyle decided he needed a change of pace. To give up the life of a merc and to settle down. Which he tried to do, but not before a brief but lucrative spell as a Solaris VII jock...

Old habits die hard, however, and it turned out the peaceful life wasn't for him after all. He set out once more to find the thrill of the battlefield, working for any company that was happy to take on a grizzled old veteran pilot - as long as they promised to never give him a promotion.


1	Details	Having grown up on All Dawn - a backwater agricultural world - Nathan worked on a farm raising Dutch Pygmy Rabbits and knew nothing of combat. That is not to say he wasn't familiar with the violence that came with living on the fringes of the Inner Sphere. With All Dawn being on the outskirts of Steiner-controlled territory, he was no stranger to regular harassment from pirates.

After a series of increasingly brutal raids on their settlement, Nathan finally worked up the courage to defend his home. Rallying together a local militia, they managed to give the raiders a taste of their own medicine with improvised explosives made from one of the most readily available resources on the world - fertilizer. But, the victory would prove to be pyrrhic: Upon returning to his farm, he found the pirates had set fire to his farmhouse - with all of his little fuzzy friends inside.

In light of such a loss, Nathan picked up what few belongings remained and left to join a small-time mercenary outfit where he endeavored to shape himself into the bulwark upon which Hell itself would break.

In memoriam of his lost friends and the hope and joy that Nathan believed they brought to the world, he took on the callsign: HBFT - Happy Bunny Fluffy Toes.


1	Details	Originally a ground-pounder NCO for a support unit in the 2nd Robinson Rangers, Paul was stationed on Breed for garrison duty along with an up-and-coming mercenary unit called the Steel Jaguars. Part of what made the Jaguars stand out was their rigorous training regimen which involved a lot of wargames. During the time stationed on Breed, the Rangers and Jaguars participated in multiple exercises - at first pitting each unit against each other, and later performing mixed unit operations. It was during one of these exercises that Paul's life would take an unexpected turn.

During an exercise, Paul's company lost their Command Squad, but he was unwilling to concede defeat and organized a trap to even the score. Luring the Jaguar scout lance into a geothermal valley, Paul's squad signaled the mock trigger for his unit's SRM Inferno rounds, which had been placed along the most likely trail the OpFor lance would take - the combined heat overload from the geysers and Infernos shut down 3 of the 4 'Mechs, with the final 'Mech being dispatched with overlapping fire from Paul's 2 remaining squads. The mercenary command staff were so impressed with Paul that their CO, Doyle, offered him a billet in the Steel Jaguars when his tour with the Rangers was complete. It was at this point that he took on the nickname Haree - some say it is because no matter how hairy the situation gets, he can turn it around and make it hairier for the enemy.

Despite having very little BattleMech experience, Haree joined up with the Jaguars a year later, and quickly adapted to the life of a MechWarrior. His natural combat and leadership abilities helping to propel him through the ranks, it seemed like Haree had barely moved into his locker when he was granted command of a scout lance and then the company - expedited somewhat by his predecessor taking an AC/10 round through the cockpit.

Under Haree's guidance, the Steel Jaguar battalion became one of the premiere units to hire when you absolutely had to get the job done. During his tenure as Captain, his company failed a contract only once - just prior to Haree retiring his mantle. Despite appearances to the contrary, it wasn't this failure that made him stand down, though. Rather, it was the draw of his life-long dream to take the money he had earned and settle down on his home world of Robinson. Haree yearned to feel the grass between his toes instead of the burn of melting BattleMech armor in his nostrils.

Recently, Haree has seen his savings become just another casualty of the Succession Wars, and has been forced into trying to find an employer - with one eye still on the dream he holds on to.


1	Details	Garrison is a true son of Arcturus, the one-time capital system of the Lyran Commonwealth - and like any good citizen of the Commonwealth, he joined the military as soon as he was of age. He tested well in the VR pods and was promptly sent to Coventry Military Academy. There he excelled in his tactics classes and was put on a fast track to being assigned to a line unit as a replacement to the ever increasing losses caused by the Third Succession War. Being given an early commission with the severely depleted Sixth Arcturian Guards, Garrison was sent to Starshine at the age of 21.

On Starshine, he was assigned to be First Leutnant of a support lance, and he was able to make excellent use of his academy training against pirate raiders and Free Worlds League units.

"Where is Starshine?", you may ask. Well, don't bother looking for it on star maps, it's a dead world now. What about the Sixth Arcturian Guards? They no longer show on the rolls of active units for the Commonwealth - yet Garrison was there at the end of both.

Barely a year into his new assignment, Garrison was thrust right into action. During the Marik Civil War of 3014 (also known as Anton's Revolt), the Commonwealth decided to take advantage of the situation and sent the Sixth in to raid Griffith. With the chaos of Anton's Revolt, the 1st Fusiliers of Oriente were slow to respond and the Sixth's raid was considered a rousing success. During the fighting, Garrison would bait the enemy into terrain of his choosing to allow his support lance to pepper the opposing force with indirect fire while performing slow withdrawals toward the other lances in his company. The Hauptmann of the company took to saying the OpFor got 'Garrisoned' and it wasn't long before it stuck as his callsign.

Returning to their post on Starshine, the Sixth was celebrating their victory in one of the larger domed habitats when the Fusiliers got their revenge. Performing a Hover-Drop Maneuver, a mobile force of Fusiliers attacked, catching the Sixth completely unaware. Scrambling to get back to his 'Mech, Garrison found he was cut off by the Fusiliers forces. Over the next few days, he bided his time until opportunity knocked in the form of a Fusiliers Hunchback 4P that was left in the old Sixth depot area for repairs. Subduing the technicians, Garrison took control of the 'Mech and made his escape. There are many stories about what happened next, but the one thing every story has in common is that the depot was set off, causing a chain reaction that destroyed the Star League era air purifying system that kept the planetary domes habitable. This ultimately led to the world being abandoned in the next few years - another casualty of the Succession Wars.

While the 1st Fusiliers of Oriente made it off-world mostly intact, the same could not be said for the Sixth. Between their losses during the surprise assault, and the destruction of the depot - the Sixth ceased to be a solvent unit. Garrisoned was one of the few to escape with his life and his new 'Mech. But, even this bit of luck didn't last. While in transit to the Jump Point, the Black Raiders pirates took advantage of the chaos and attempted to capture the DropShip ferrying Garrison and his 'Mech. During a strafing run by a Black Raider AeroSpace Fighter, a freak accident occurred with the restraint system in the MechBay, and the LRM pods on the Hunchback triggered. It seemed that the techs had forgotten to remove the load during the frenzy to get off-world. The explosion caused a systematic failure resulting in the loading bay door opening and all unsecured equipment being blown into space, including Garrison's HBK-4P. While the DropShip was able to escape, Garrison was now without a unit, without a world and without a 'Mech.

Considering his past - knowing that both the world and unit he last served on have passed from existence - many believe Garrison to be jinxed. And considering how he wound up dispossessed and in the hiring halls, there may be something to it. But Garrisoned is a skilled tactician, and he has a plan to get back in the game - even if he has had to take his lumps as a merc for nearly a decade.


1	Details	Kalida Hossein grew up on the ocean world of Athenry, amidst the salt spray of the sulfurous oceans and the jagged cliffs of the scant landmasses that dotted the planet. During her childhood, the planet was brought low by a mercenary group known as the Blue Star Irregulars, under contract with House Steiner. The invaders ingratiated themselves to the populace, becoming local celebrities before the Draconis Combine chased them off-world a year later. Their tenure there left a lasting impression on many of the Athenry youth, and so when she came of age, Kalida joined the PDF, hoping for a chance to sign up with an outfit like the BSI.

Unfortunately, living on a water-bound planet means unless a Great House decides to use it as a staging ground for further conquest, you aren't likely to experience much in the way of excitement. Locally produced algae proteins and toxic seawater aren't particularly appealing to pirates, so Kalida found herself very bored most of the time. She also had another issue: tours on surface patrol craft revealed she was direly prone to seasickness. A transfer to underwater welding detail curtailed her seasickness issues a little, and gave her time at the controls of IndustrialMech, which she hoped would translate to a career with a mercenary company at some point.

After her tenure in the PDF was up, she had enough money saved to transfer off-world, wanting nothing more than to get away from all that water. Unfortunately, BattleMech neurohelmets trigger her seasickness, which she discovered during her first contract, so any outfit that employs her better keep extra dimenhydrinate on hand just in case.


1	Details	Farah calls you to the <i>Argo</i>'s Command Center, where you find the viewscreen overflowing with grainy Holo images and dossiers. "Multiple sources confirm that an unknown spacecraft crashed into a saltwater lake on [[DM.BaseDescriptionDefs[Lore],Mantharaka]] about a month ago. Her surviving crew was medevaced to an orbiting station, where they were all found to have suffered misjump-induced injuries."

"That's the [[DM.BaseDescriptionDefs[LoreDobrev],<i>Dobrev</i>]]!" Farah pumps her fist, her smile radiant with triumph. "It has to be!"

Darius nods. "Yes, and that was the good news. The bad news is, we're not the only company on the derelict's trail. The [[DM.BaseDescriptionDefs[LoreBlackWidow],Black Widow]] has been carving a bloody trail across the Frontier, burning out black market sites on over a dozen worlds. And I have reliable information that she's moving toward Mantharaka."

Sumire shakes her head. "If we fight the Black Widow, she's gonna end us. This is a bad idea, Commander."

Farah shrugs. "So we move fast. If we recover the <i>Dobrev</i>'s navigation logs before she gets there, we won't even need to fight."
1	Details	You nod at Sumire. "Okay, Meyer, your lead sounds promising. Follow up on it. For the time being, this is your top priority."

Later, she calls you to the bridge. You find her standing by the viewscreen, a weary half smile on her face. "Found it. Long story, I'd rather not get into it—whiskey and cigars were involved. But the <i>Dobrev</i> is on [[DM.BaseDescriptionDefs[LoreAppian],Appian]]. I've marked it on the star map already. We can get going whenever you want. "

You nod. "Good work, Sumire. Our hunt for the <i>Dobrev</i> is back on, thanks to you."

She rolls her eyes. "Don't remind me."
1	Details	You nod at Farah. "Your lead sounds promising. Follow up on it. For the time being, this is your top priority."

Later, Farah calls you into Engineering. You find her standing in front of a terminal, a huge smile on her face. "I did what you asked—you know, dug for information—and I've found it! The patients, all of whom had substantial criminal histories, shared a common point of origin: [[DM.BaseDescriptionDefs[LoreAppian],Appian]]. I've already told Sumire, and she's marked it on our star map."

You nod. "Good work, Farah. Our hunt for the <i>Dobrev</i> is back on, thanks to you."
1	Details	You let your voice take on a hard edge. "I'm not afraid of Natasha Kerensky. {COMPANY.CompanyName} beat the Black Widow Company back on [[DM.BaseDescriptionDefs[LoreAppian],Appian]]. And if it comes to a fight, I will <i>gladly</i> do it again."

Darius crosses his arms over his chest. "The Commander is right. We can beat the Black Widow. All we need to do is be prepared."

Sumire's lips tighten, but she says nothing. Eventually, she sighs. "I'll mark Mantharaka on the star map, but we'd better not go before we're ready. When I land us there, we're gonna be committed to seeing this job through to the end."
1	Details	Darius provides an update. "I was able to get the details of the contract Commander."

He hesitates for a moment. "That Wolf's Dragoons company was pulling garrison duty on Repulse when their commander snapped. No one knows exactly why, either. But after the dust settled. They'd wiped out the entire settlement down to the last man, woman, and child. Needless to say, the Cappies are anxious or payback. They tracked the outfit to the planet Dicon. Which is where we'll need to head for the contract, Commander."
1	Details	Darius pulls up beside you in a hurry. "Commander you have to come to the Command Center. You're not going to believe it. We're on C.B.S"

Darius smiles as you both make your way to the Command Center. 

"This is a C.B.S. Breaking News Alert...The Capellan Confederation has extended an open bounty to five mercenary companies to hunt down and eliminate a rogue company of the Wolf's Dragoons for war crimes against the Confederation. The companies named by our exclusive source are Broadsword Legion, Gray's Ghosts, Lone Star Regiment, The Knights of Caerbannog  and {COMPANY.CompanyName}. The amount of the bounty has not been disclosed. But is reportedly very large."

Darius turns to you and asks. "So {COMMANDER.FirstName}, are we going wolf hunting?"
1	Details	You nod at Farah. "Dr. Murad is right. Like Darius said, the Black Widow is going planet to planet, destroying every black market operation the [[DM.BaseDescriptionDefs[LoreBaumannGroup],Baumann Group]] has touched. If we move quickly enough, we can get in and out before she even shows up."

Darius nods slowly. "Sure, that could work. But once we've committed to landing on Mantharaka, we'll be stuck there until the job is done. We'd better be prepared to fight her, just in case."
1	Details	"{SCN_MW.FirstName}... come with me." Such familiarity from {SCN_MW.DET} commanding officer brings {SCN_MW.OBJ} up short. {SCN_MW.SUBJ} {TGT_MW.Gender?NonBinary:follow|Default:follows} you into the hall.

"You clearly didn’t know that {TGT_MW.Callsign} took the battle with Gwydion company so personally. But you need to keep in mind just how small the Periphery can be. Every Noble House is represented on the <i>Argo</i>, and no small number of individual systems."

{SCN_MW.Callsign} looks at {SCN_MW.DET} feet. "Yeah, I didn't think it through. But I guess every contract we take might be attacking someone's cousin. Well shit, I'll go talk to {TGT_MW.Callsign} and apologize."
1	Details	"{TGT_MW.FirstName}... stop." Such familiarity from {TGT_MW.DET} commanding officer brings {TGT_MW.OBJ} up short. {TGT_MW.SUBJ} {TGT_MW.Gender?NonBinary:turn|Default:turns} around, fists still clenched from the argument with [[SCN_MW,{SCN_MW.Callsign}]].

"You need to calm down, pilot. {SCN_MW.Callsign} didn't know how personally the battle with Gwydion company affected you. Keep in mind, when {SCN_MW.SUBJ} {SCN_MW.Gender?NonBinary:complain|Default:complains} about unnecessary risks, {SCN_MW.SUBJ}'{SCN_MW.Gender?NonBinary:re|Default:s} thinking about <i>your</i> safety and the safety of the rest of the company."

The MechWarrior shakes {TGT_MW.DET} head. "Sometimes... I don't know, just, this mercenary life feels so empty. Just once we need to do something for more than just money. I want to know that risking my life out there is worth it."

Not waiting for an answer, {TGT_MW.SUBJ_C} {TGT_MW.Gender?NonBinary:turn|Default:turns} on {TGT_MW.DET} heel and strides away.
1	Details	Raised voices echo down the barracks hallway and you arrive to find [[TGT_MW,{TGT_MW.Callsign}]] facing off with [[SCN_MW,{SCN_MW.Callsign}]].

"That's just not how it's done!" {TGT_MW.Callsign} says. "We may be mercenaries, but we shouldn't have abandoned the Gwydion Company like that."

"You're right, we <i>are</i> mercenaries. We go where the money is." {SCN_MW.Callsign} sneers. "You'd rather that we'd faced that Steiner strike team?!? One of US could be dead instead."

{TGT_MW.Callsign} erupts. "<i>My cousin</i>  was in the Gwydion Company, and he was a better MechWarrior than YOU'LL ever be!" {TGT_MW.SUBJ_C} {TGT_MW.Gender?NonBinary:stalk|Default:stalks} from the barracks.

In the silence that follows, the room finally notices that you've arrived.
1	Details	[[SCN_MW,{SCN_MW.Callsign}]] sprints into the Command Center, excitedly waving a [[DM.BaseDescriptionDefs[LoreMRBC],MercNet]] bulletin.

"Commander, a bounty was just posted against a paramilitary group known as The Raptors, and it appears they're here in this system. I've always suspected they were really pirates and it looks like they finally crossed the line. For years I've hoped to have a chance at taking them down, but they've always proved too clever. No more."


[[DM.BaseDescriptionDefs[TooltipSimGameCharacterDARIUS],Darius]] looks over the bulletin, his eyes twinkling as he gets to the numbers at the bottom. "Say the word Commander, and we'll hit the Raptors hard and collect this bounty. Should be a pretty good payday! The bounty is set at 250,000 c-bills on top of whatever we can salvage on-site."
1	Details	Yang calls you to the MechLab, where you find him standing in the shadow of an enormous ferro-aluminum crate. "I don't think that the [[DM.BaseDescriptionDefs[LoreBountyHunter],Bounty Hunter]] realized what he was giving us, Boss. What we've got is one third of a mothballed assault 'Mech—mostly the guts, so it doesn't look like much to the untrained eye. But what I can tell you is that this 'Mech is <i>strange</i>. Never seen anything quite like it."

Farah raises her hand. "And I think I have a lead on the [[DM.BaseDescriptionDefs[LoreDobrev],<i>Dobrev</i>]]. An old colleague of mine contacted me about a group of patients at the hospital she administrates. They were suffering from what appeared to be [[DM.BaseDescriptionDefs[LoreMisjump],misjump]]-induced injuries. I think it's worth investigating." 

Sumire rubs her temples. "I can't believe I'm saying this, but I've got one, too. A [[DM.BaseDescriptionDefs[LoreJumpShip],JumpShip]] operator I used to hang with has been running his mouth about a big job he just did for Notker Baumann. Want me to follow up?"
1	Details	Darius calls you to the bridge. "My contacts came through, {COMMANDER.FirstName}. I've got a lead on the [[DM.BaseDescriptionDefs[LoreDobrev],<i>Dobrev</i>]]." A grainy image fills the viewscreen. "What you're looking at is a [[DM.BaseDescriptionDefs[LoreBaumannGroup],Baumann Group]] distribution center on [[DM.BaseDescriptionDefs[LoreIndependence],Independence]]. Every scrap of exotic contraband that's been turning up on the black market has gone through this site."

Sumire nods thoughtfully. "Sounds good, XO. I'll mark it on the star map. When we're ready to check it out, just let me know."

"One other thing, Commander." Darius pulls up a dossier on the viewscreen. "For 50,000 C-Bills, I can arrange for a portion of Baumann's security team to call in sick on the day of our arrival. Could save us some trouble when we follow up on this."
1	Details	"Everyone saddle up; looks like we're going bounty hunting! By the way, [[SCN_MW,{SCN_MW.Callsign}]]...what are they even doing here?", [[DM.BaseDescriptionDefs[TooltipSimGameCharacterDARIUS],Darius]] asks.


"Their latest scheme seems to involve some kind of Salinization Facility on the planet surface. It seems they're trying to convert the entire planet into salt so they can sell it an organization known only as "R.T"... Rogue Traders maybe? It's an ambitious scheme, but I guess they got so caught up in whether they <i>could</i>, they never bothered to ask if they <i>should</i>." [[SCN_MW,{SCN_MW.Callsign}]] replies."


<b>A unique contract named Clever Girl has been added to the Command Center.</b>
1	Details	Darius nods, and makes the order.

"Alright Commander I understand. We won't be getting our 15 minutes of fame on C.B.S. It's a shame. I think I'd look good on Holo-Vid."He says with a chuckle.
1	Details	Most folk from the Outworlds Alliance favor peace above war, and isolationism over opening themselves up to the outside world. After the Reunification War, people in the Periphery largely just wanted to be left alone, and the OA was no exception. Droves of people who hadn't fit in within the confines of the Great Houses had fled or migrated there to live simple lives, with several small groups of Luddites and other fringe thinkers making their homes among the like-minded, or at least the like-willed. This is the part of the story where you'd expect to be told about the 'wolf among sheep' or the 'problem child' who stood out through her addiction to thrills and violence. LeFay's story is no such tale. Anha's simply a MechWarrior who sought to keep the peace, and so trained for war in the hopes to never really have to fight. Her main talent lies in coaxing her sensors to perform better than most, making her very adept at calling down fire from friendly Aero assets onto the heads of the pirates that tended to beleaguer the Alliance. She got her callsign because of her 'wizardry' with sensors, and the fact that her assigned ride was a Merlin, both in training and in combat, so her lancemates found it funny. Her own personal style doesn't help though; with her heavily shadowed eyes and dark hair, she looks every part the witch and, to some unlucky pirates, maybe she was.

She came to be among the many mercenary pilots-for-hire because her ride was shot out from under her in a raid, and as her command simply couldn't afford another one, she left. All she really knew was piloting 'Mechs, and farm work didn't sound like much of a life after that. So, she threw her name in the proverbial hat, and waited patiently for a merc command to give her a shot.


1	Details	Avelynn Dupré was born knowing she wanted to be a star. From the time she could walk she danced, and from the time she could talk she sang. All through school she was that kid who stayed after class to hound the music or drama teachers to give her extra lessons, or watch her perform a piece. As her family was not of very high standing within the Federated Suns, someone like her had to grasp for every opportunity possible. With each begged-for lesson or guilt-tripped critique her talents grew, and so did her knowledge that all it would take was being discovered, and she'd become the new media darling of Davion space; maybe even beyond.

In her later teen years, Avelynn saw something that would change her life, and her plans; she bore witness to the agility and grace possible in a BattleMech while watching a vid of the Noisiel Summer Games. From this came her obsession with BattleMechs, and combining them with music and dance to create something she thought would take the Inner Sphere by storm; a choreographed show of nimble 'Mechs set to music of her own production. It couldn't lose. Her devotion to the idea drove her though school, and into the ranks of the nearby Regional Training Battalion, where she hoped to gain the skills needed to bring her to center stage, and make her a star. And it might have happened had she not been caught utilizing Davion property practicing her routine, nevermind being the ringleader of a small group of cadets she'd schmoozed into working with her, promising them a share of the spotlight. It was too much for her commanding officers, and so she was summarily discharged. With few prospects, and no saftey net, she hitched rides on whatever DropShips and JumpShips she could, until her journey unceremoniously plopped her in the Periphery and opened her eyes to the potential for a second chance. All she had to do was to find some bleeding heart who'd support her vision; for a cut of the profits and a share of the limelight, of course. But only a share. Center stage belongs to Glam, after all.


1	Details	There's a normal life, then there's an extraordinary life. Then, of course, there's a miserable life. And then there's Freakshow's life, which there isn't enough time or alcohol to sit through in one telling. We're going to have to do this in bullet points, basically.

Freakshow was born; we know that much, probably. He grew up among the folk of one of the many traveling Canopian circuses that made the rounds in the Rimward Periphery, bringing merriment, debauchery, and just a little weirdness to worlds both rich and poor. He says he got his first tattoo at the age of eight. It's a cartoon elephant. He'll show you sometime. At some point when he was a teenager he discovered that he was both a glutton for punishment and enjoyed fighting. A lot. For both. Then came the piercings, and the torn-out piercings, and the bruises and broken noses and knocked-out teeth. Swishing with whiskey to disinfect after losing an incisor lead him to realize how much he liked whiskey too. And then there were pirates. He liked those guys, so he ran away with them. Yes, he ran away FROM the circus. Because of course he did. He's Freakshow.

While with the pirates, he discovered how much more he liked drinking and fighting and tattoos and piercings and having piercings torn out and cartoon elephants. And he added women and boxing for cash to that list. Then he added boxing in 'Mechs to that list, because after a raid went south, the crew needed someone to step up and pilot the barely-functioning Javelin that they'd mostly scraped clean after said spoiled job. It was then that Freakshow discovered he piloted better drunk, because neurohelmets gave him a headache, and he loved to scrap toe-to-toe with other BattleMech pilots. So that's what he does now. His crew all died except him and a few other stragglers, so he hires himself out as a "distraction". We'll leave you to decide what that actually means.


1	Details	Born and raised on Larsha, one of the hubs of Periphery activity in the Confederation, Yue Doyle grew up a military girl. Her father served in the 5th Confederation Reserve Cavalry, piloting a Locust 1M. All through her youth, she listened to his stories about training and chasing off pirates.

When she turned 18, she enrolled in the Duchy Regional Training Center on Zanzibar so she could fight beside her father in the 5th Reserve Cav. Just before she graduated, she heard news that he'd been killed during a raid by unmarked forces originating from Taurian space. That same week, she received an official dispatch assigning her to the 5th back on Larsha, placing her in her father's old company. When she arrived, she was assigned to his Locust; a painful reminder of her recent loss. She proved to fill his boots more than adequately, and she turned down every promotion to a heavier machine. Yue preferred her role as rapid response fire support, and she wasn't ready to give the chair over to someone who wouldn't appreciate the 'Mech's history. Eventually the brass informed her she had no choice when the next promotion offer came; upgrade or opt out. It's an easy guess what she chose, and it's just as easy to wager why she'd want to sign on with a mercenary outfit with cause to venture out into the Rimward Periphery.


1	Details	Every man and woman able to do so performs four years of compulsory service in the Taurian Defense Force, and Holden Tagart was no different. Unlike many of his contemporaries however, he excelled in his training, and it resonated with him, so he joined up full-time, and was transferred from his local canton to Taurus to attend the prestigious École Militaire. There, he hoped to stand above the rest, and enrolled in the MOS most likely to get him into the Taurian Ministry of Intelligence. But, he was ill-suited for covert work, and washed out.

Recirculated back into the stream of standard trainees, his superiors suggested he try for tank command or MechWarrior. He chose the latter, preferring not to be directly responsible for so many other soldiers. Part of the appeal of spec ops to him had been the chance to work alone, and shine alone, and he chaffed at the notion of working alongside anyone that might hold him back. His superiors knew this was the reason he'd never have made a good member of the TMI, but they kept it to themselves. Tagart did well in his training, and was soon assigned to a recon lance, piloting a Commando. He did his time, retired with little fanfare, and moved on to the greater Periphery in general, hoping to secure a spot in a mercenary command where he could prove himself and shine brighter than he believed he ever could as just another face among rows of government troops.


1	Details	People like to talk about the pirate life as though it were some romantic, free-wheeling vacation where you stick it to the Man (the Inner Sphere, in this case), and live the high life, complete with blackjack and hookers. At least, that's what people who've never suffered from a pirate attack - or who've never tried living as one - like to dream. The reality is piracy is dirty, cruel, dangerous, and takes the right type of merciless cunning to make sure the only dagger is the one in your hand, not in your back. And Yessica Durant fits that bill.

The safest way to live in the Tortuga Dominions is not to spend too much time in the Tortuga Dominions, and Yessica knew the hallways and hidey-holes of most of the JumpShips in the Tortugan fleets better than she knew the way around the apartment she crashed in when she was forced planetside during down time. And she knew where all the best gambling was to be found. Which, naturally, is probably the reason she's now in the Rimward Periphery, looking for more "reputable" work. And if it is, she ain't saying. She knows her way around a 'Mech though, and as far as she tells it, that's all any potential employers need to know about her. That, and to just leave her alone, lest she bite the hand that feeds.


1	Details	Clayton Matauita is a crack shot, a pretty tough cookie, and an all-around decent sort of guy. At least, he tries. Most MechWarriors have fuzzy dice, pictures of family, or pictures of Natasha Kerensky in her prime gracing the instrument panels of their 'Mechs. Clayton has a pair of small athletic shoes, and they are the biggest reason he's a crack shot, a pretty tough cookie, and an all-around decent sort of guy.

The Matauitas grew up in Rasalhague space, proud of their little state, and completely oblivious to the oncoming storm. When the Clans struck, Clayton and his younger brother Max were far too small to fight, and his family were hardly warriors to boot. So like most, they fled. Or tried. Not everyone was lucky enough to make it off-world in the chaos, and Clayton's family was separated during evac, with he and his mother headed into one DropShip, and his father and younger brother into the other.

As one might guess, he never saw his father or brother again, and it took several years to get the official news of the fate of their transport. The last real conversation he'd had with his little brother had been full of tears, with the small boy vowing to become a great MechWarrior and come back to chase the Clans out. Clayton's path of exile took him far away from home, but he's content to stay, at least until he gets good enough to go back, and do what his little brother will never get the chance to: kick some Clan ass.


1	Details	Grigori Izzo wasn't born, he was built. At least, that what his father told him. "No kid as big as you came from anything but a box!", he'd exclaim, and Grigori would giggle. And he was a big kid. Not too quick on the uptake though. He spent a long time getting bullied before he realized what his size meant, but once he did, he used it to his full advantage. And the same thing applied to his schooling. Once he got his teeth into a subject, he absorbed it like a sponge. So when it came time to do something with himself after school, he wanted to go big. And nothing was big like a BattleMech. He wanted to make the Inner Sphere his playground, and so he enrolled in the Hero Training Institute; racking up significant debt, but determined to be a MechWarrior.

Training at HTI was spotty to put it politely, but after nearly being thrown out for getting into a fistfight with his Tactics and Strategy 112 "professor", he graduated along with a class of fourteen other MechWarriors, and promptly fell into the ranks of the Dispossessed. There were more men than machines, and even though Izzo had a talent for using every ounce of armor on his 'Mech to weather enemy fire, and a fair grasp of shooting straight, he was stuck waiting with so many others, hoping for his big break with a merc outfit in the Rimward Periphery.


1	Details	The Magistracy of Canopus may be blessed with its first proper martial academy in several centuries, thanks to the Trinity Alliance and its partners the Capellan Confederation and the Taurian Concordat, but not every MechWarrior is given the chance to attend. And some who qualify choose not to, thinking the new alliance to be a farce. Sharon is one of those latter folks. She graduated from a provincial academy, and received the very best, roughest, most experience-driven training the undefunded MAF could muster with scant subsidy. Her assignment had been to a Spider 5D, and she loved every moment of it. The speed was what appealed to her most, and it always will. She believes that not only is speed armor, it is also life.

Unfortunately for her, she talks as fast as she likes her 'Mechs to run, and her scathing opinions regarding the Capellan Confederation attracted the wrong sort of attention. She was discharged without pension (thought not dishonorably) to avoid any undue friction between the MAF and their new advisiors, and so struck out on her own, looking for like-minded soldiers to sign on with; preferably those who dislike the Confederation.


1	Details	BattleMechs may rule the day in 31st century combat, but the brick and mortar of many a militia - and even professional military - are the dedicated tread-heads; those men and women who willingly and ably fire up their trusty Vedettes or Galleons in defense of hearth and home, or for the glory of their ruling House. Being part of the conventional side of things is often a thankless, fruitless endeavor that leaves many crews bitter while the MechWarriors hog the spotlight. But sometimes, tankers get lucky. Sometimes they get the right shot at the right time, winning the salvage lottery, and joining the illustrious ranks of MechWarriors - the knights of the modern era. But sometimes, weird shit happens and you end up sitting in the cockpit of a Cicada, still wondering how all this could have happened.

That's Axle's story. She was the commander of one of the many Vedettes assigned to garrison duty on St. Andre, then in the Chaos March. As is often the case, her company was sent to engage raiders who sought to pick at the corpse of an ancient Star League base called Fort Ravengale. The battle was joined, and as the chaos set in, she was manning her cupola when an enemy Cicada suddenly bore down on her Vedette, landing a kick that threw her from her perch and detonated the autocannon ammunition stored in the tank. Only moments after, a friendly shot destroyed the head of the marauding 'Mech, sending it toppling down beside her wrecked tank. The friendly that made the shot was then obliterated by a stray particle cannon bolt, and the rest is a blur as she fell unconscious. When she woke, she was in the hospital with a concussion, broken ribs, and a ruptured disc, and found herself the sole remaining professionally trained person within 1000 klicks that had any kind of a shot at strapping into and utilizing the 40-ton war machine that had died right next to her. She didn't have a choice then, and still doesn't now - the bills won't pay themselves. The Capellans didn't want to keep her, so she struck out to the Periphery to make ends meet. And most merc outfits are too fancy for treads.


1	Details	There are those who grow up knowing what it means to want, and then there are those who are blessed like Diego Velazquez. The only child of a wealthy Lyran mercantile family, Diego dreamt of ruling the battlefield as a war hero, at the controls of a gilded Zeus; a legend in his own right. When his schooling revealed an easily distracted child with trouble navigating his lessons, his parents knew he would be ill-suited to inherit the family business, but never had the heart to tell him. When he said he wanted to be a MechWarrior, they knew he needed better grades, and more discipline, and didn't have the heart to tell him. In the end, money made everything right, and his parents secured him a BattleMech; a washed-up merc needed cash and they wanted the best for their only boy, so he was hired to train the teenage Diego to be a 'Mech pilot, and eventually turn his Blackjack over to the Velazquez scion.

Diego never did learn discipline, and never took no for an answer from his mentor. For two years the aging soldier tried to tutor the boy, and mold him into something resembling a MechWarrior. But more often than not, the two ended up butting heads, with the elder calling the younger a "stubborn goat", and the youth storming off to do something else less demanding. Eventually, the MechWarrior's health started to fail, and while resting in bed he officially turned his decrepit 'Mech over to Diego, handing him a set of dog tags with "Capricorn" stamped into them, and wishing him luck. Diego never saw the old man die, as he paid passage as soon as he could to Outreach, to find adventure and glory. Unsurprisingly, the headstrong, naive young man lost his 'Mech, and finally, his misplaced pride. Life had slapped him in the face, and now that his eyes were open to reality, he felt humble, and wished for nothing more than to actually earn himself a spot among a real mercenary command, and a chance to really earn that which was unfairly bought.


1	Details	Johannes Seville hates being the center of attention. He'd grown up a good-looking kid, always the target of the flirtations of the girls at school, and by the end of his education he'd had more than a few beaus. At the time he loved it; the adulation, the ease with which he could manipulate teachers with a smile, or get favors from classmates. Everyone liked him.

His sharp appearance turned out to be a double-edged sword however, and once he enrolled to serve a term in the MAF as part of a local cadre battalion, he attracted the attention of a noblewoman officer who was very, very interested in him. He did not reciprocate, and that's when the trouble started. He was caught in a catch-22; fraternizing with an officer was a punishable offense, but he didn't have the right to turn down a noblewoman. Instead of remaining trapped in the situation, he fled, schmoozing his way onto a cargo DropShip and offworld the first chance he got. Now he stays on the move, preferring to contract with mercenaries who stay clear of the Magistracy and the trouble he left behind. He's since developed an introverted personality, and is a quiet, asocial sort. He gets uncomfortable in crowds, and prefers the solace of his cabin when not in the cockpit of a 'Mech.


1	Details	It's easy to be the cream of the crop when the crop is harvested from a tiny field on a distant farm nobody knows or really cares about. Harrison Dumais's family were just such people; the fortunate few among few. They were successful traders, dealing in necessities brokered from far and wide, and even made enough money to employ their own small security detail. Just a few Scorpion tanks and an old, beaten-up Commando, but it was more than sufficient to keep any bandits or petty thieves at bay.

Setups like theirs didn't normally attract pirates, but eventually even the fattest dogs get hungry, and one day a small band of brigands came looking for food, water, ammunition, and more specifically, the family Commando. Harrison, being the eldest, stood to inherit the entire operation from his father, and in addition to learning the ins and outs of trade, was given command of the security forces, and the Commando. Sadly, that far in the middle of nowhere, good training was hard to buy, and those accustomed to conflict easily trumped those with plenty of heart but little skill. The Commando, the goods, and the family were all lost that day, and Harrison, along with a few workers and foremen, were all that remained. With no reason to stay, the now heir to nothing left his dusty world, taking on his current moniker, and sought mercenary employ.


1	Details	It's pretty easy to get Giselle Armand to open up about how she acquired her callsign, "Crash". She'll happily tell the tale of bravely running an old, beat-up Shadow Hawk into a pirate Stinger head-on, taking out the enemy 'Mech and chasing off a band of raiders on her home planet back in the Magistracy. It's a pretty good drinking story, honestly. But that's where the story always ends, and when pressed, Crash really doesn't have much else to say.

In fact, she doesn't like talking about her past much at all aside from that. She'll admit to working with some no-name band of mercs who you can't even find in the MRB database, saying that's where she learned to fight. And she's a decent pilot, but there isn't much military behind whatever training she got. Her trigger finger is twitchy. That can be fixed. She's not particularly tough, but that's nothing the regular exercise that comes from being stuck in transit between contracts won't help. She's got a decent mind for tactics, but it's more of a flash-in-the-pan sort of brilliance than the long-game sort of tack that a competent commander needs or looks for. No, there's just something about her that doesn't add up, but she hasn't gotten anyone killed yet, at least nobody on her team at any rate. So, all the typical jargon that comes with the job flying completely over her head just seems like an oddity more than a detriment. But it's hard not to wonder what her story really is, and if it's worth all the effort it'll take to get her up to snuff.


1	Details	Of the many wonders the Star League created, perhaps one of the most underestimated was artificial intelligence. Of these, perhaps the most important and forgotten was the seminal work of Project Rain.

Spanning the better part of a decade, Project Rain laid the framework and rails for the many AI that would be created in the latter years of the Star League. The end result of the project was the creation of the AI known as RogueBot.

While proving to be somewhat unstable, RogueBot was leaps ahead of its contemporaries and soon found itself busy taking over many of the more mundane tasks required by the Star League's bloated bureaucracy. By some accounts, RogueBot handled as much as 45% the paperwork required to keep the massive government working. Although the SLDF attempted to train the AI for combat, they were never able to succeed in much more than  making it useful for commanding a BattleMech.

Ultimately, despite its success and the role it played in history, RogueBot was largely forgotten by historians. As progress marched forward, other AI programs surpassed the bot, its monolithic architecture proving unfit to be adapted to newer technology.

Eventually, under pressure to keep pace with more advanced AI, the Star League initiated a project under the SLDF to commission a new AI to regain its edge, and began to shut down RogueBot. While they were successful, there are some whispers that suggest that the AI realized its fate and created a copy of itself - one that was never found and remains somewhere in the wild to this day.


1	Details	You consider. "Your base skills are fine, but if you want to do the work, I can direct you to some rather imaginative works that might give you a new perspective. Something to do while you're stuck in here."


"Sure," [[TGT_MW,{TGT_MW.Callsign}]] says without much enthusiasm. "Let's go with that."


But he doesn't really need more education in warfare, so after some thought, you provide him with the works of Arthur Conan Doyle.

A few days later, his mood has significantly improved, although not the way you'd hoped. "I'm learning to play the violin, Commander!" he says, waving a compad with a virtual instrument. The MedBay staff, wincing, nod.
1	Details	"[[TGT_MW,{TGT_MW.Callsign}]], you're thinking about this way too hard."

He stops in the middle of asking yet another question.

"A new motto won't protect you on the battlefield. You don't need more simulator time at this point in your career. And as for 'Mechs, you'll fight in whatever 'Mech I see fit to put you in, and you'll like it."

Dekker gulps at the tone of the conversation has taken a turn.

"Look, Dekker, you're a good pilot. Believe it. What you need is to get back out there and show those bastards that they can't keep you down."

A glitter appears in Dekker’s eyes. "Yes, Commander!" he barks, his salute a bit awkward with the tubes and wires in his arm.
1	Details	"You're doing fine, [[TGT_MW,{TGT_MW.Callsign}]]. We need people like you on the team. Just remember, when you get hurt, that's on me as your commanding officer. I'm grateful to have somebody like you doing what needs to be done. Most MechWarriors wouldn't stick around after what you've been through."


Dekker brightens noticeably. "That's true. Nobody takes a hit like me, right?"


"Right," you say. "Well done."
1	Details	"Piloting a 'Mech isn't for everybody. If you're having doubts, you need some time away, because obsessing about your failures in the cockpit is just going to get you killed. I'll arrange for you to have that time at our next port."


[[TGT_MW,{TGT_MW.Callsign}]] looks startled. "Commander? I didn't really..."

You frown at him. "And you aren't. You're going to get your head screwed on straight and get back here. Am I right?"


"Yes, Commander!"


You survey Dekker and feel confident he'll return a better MechWarrior.
1	Details	"Hm," you say. "So other pilots are letting you in. Well, it sounds like you've found a workaround for now. Doctor, try increasing the number of attempts before a lockout triggers. [[TGT_MW,{TGT_MW.Callsign}]], as long as you stay out of trouble, I don't think we need to be concerned."


Glitch shrugs stiffly. "Sure, Commander. It's not like I'm not used to it."
1	Details	"Well, clearly we'll have to abandon this plan. If it doesn't work for everybody, it's useless. Shut it down, Doctor."


[[TGT_MW,{TGT_MW.Callsign}]] grins as Dr. Murad protests. "But Commander, it was quite a bit of work getting the Argo systems to accept..."


"And good work it was, Doctor. But working with the Argo has always been two steps forward, one step back, hasn't it?"


With a sigh, Dr. Murad acquiesces.
1	Details	[[TGT_MW,{TGT_MW.Callsign}]] presents herself in your office as ordered, standing at something that passes for attention. "What's up, Commander?"


"According to the logs, you haven't been using the lounge lately. Yet according to eyewitness reports, you have been. What's going on?"


Glitch sighs. "The XO had Dr. Murad install that bioscanner on the lounge door, remember? So she could restrict troublemakers? Well, it doesn't work for me. I get locked out every time."


A quick call to the engineer confirms Glitch's report. "It's very vexing, Commander," says Dr. Murad. "I've recalibrated it for her three times but it never really takes. Something about her biochemistry, maybe."


Glitch has a patient, long-suffering look as she waits for your pronouncement.
1	Details	While inspecting the goods in a crowded marketplace, escorted by [[TGT_MW,{TGT_MW.Callsign}]] and several other MechWarriors, a berserker roar erupts behind you. You wheel around to see a huge, hairy, leather-clad man bellowing in apparent fury at your group. 

As you prepare for a brawl, Behemoth says, "Hey, Commander, let me handle this." She's grinning. "You can keep shopping if you want."

You step out of her way, but linger a moment.

Behemoth takes a wide stance, raises her fists in the air, and roars back at the berserker down the street. His eyes bulge out and he changes position, leaning forward like he's about to charge, and roars again. In response, Behemoth drops low and roars at the heavens.

Whatever is going on, she seems to have it well in hand.
1	Details	The MechWarriors welcome you to the lounge. The Holovid set is already playing a highlight reel from last year's Championship. [[TGT_MW,{TGT_MW.Callsign}]] hosts the event with commentary and personal anecdotes about fighting on Solaris VII. When the action gets intense, the MechWarriors cheer and shout, and you find yourself cheering and shouting right alongside them.

Ultimately, Gray Norton wins another Championship, but you're having too good a time with your MechWarriors to care.
1	Details	As you arrive in the lounge, you catch [[SCN_MW,{SCN_MW.Callsign}]] in mid-complaint. "Come on, we all know it's gonna be Norton again. It's never <i>not</i> Norton." 

[[TGT_MW,{TGT_MW.Callsign}]] elbows {SCN_MW.OBJ} to stop and nods to you. "We're just about to get started, Commander. Take any seat."

The Solaris Championship is about as one-sided as expected, but the real highlight of the evening occurs when {TGT_MW.Callsign} drunkenly explains exactly how <i>{TGT_MW.SUBJ}</i> would have beaten Gray Norton in a one-on-one duel.
1	Details	You do have business in the market to attend to, so you leave one of the other MechWarriors behind in case it gets out of hand, and move on.

Later, on the shuttle back to the ship, [[TGT_MW,{TGT_MW.Callsign}]] explains, with a hoarse voice, that the berserker was an old friend from her pirate days. "A garbage pilot, but nobody does intimidation like he does. He sure scared you away, didn't he, Commander?"

"Nah," you say. "I knew you could handle it." Behemoth grins.
1	Details	[[TGT_MW,{TGT_MW.Callsign}]] is recuperating in the MedBay, again, and has asked to speak with you. When you arrive, Decker waves wanly. "Hi, Commander. I didn't do so hot, did I?"


"You did take a big hit, Dekker," you say. "Any battle you can walk away from though, eh?"


He sighs. "Yeah, but I'm starting to wonder if maybe I need a different motto than that. Do you have any advice for me, Commander? What can I do better? Do I need a different 'Mech? More training? Or am I just not cut out for this business?"
1	Details	It looks like too much fun to resist. After the next exchange of postures, you step up and start roaring yourself.

After a series of increasingly unlikely and ridiculous poses, you start laughing and the impromptu contest concludes. The berserker joins you and [[TGT_MW,{TGT_MW.Callsign}]], demanding to know who you are.

"This is my Commander," Behemoth explains.

"Aha! I'd heard you went straight!" The berserker gives you another one of those eye-bulging looks.

"I didn't!" protests Behemoth. "Not really."

"Aw, well, it's okay if you're working for somebody like this." The berserker hits you on the back hard enough to stagger you. "You're a good'un. Lemme buy you both a drink."

Later, on the way home, Behemoth describes to the other MechWarriors every pose and bellow that you contributed to the contest. They can't get enough of it.
1	Details	As you watch, [[TGT_MW,{TGT_MW.Callsign}]] and the berserker strike a series of increasingly elaborate poses, shouting the whole time, until finally the berserker rushes Behemoth and sweeps her into a bear hug that would have dwarfed almost anybody else.

When he releases her, the berserker glances over at you, then says, "<I>Behemoth</I>! You went straight? I can't believe it!"

"Naw," says Behemoth. "Would I be here if I'd gone straight? I'm just taking the scenic route to hell. Commander, this is an old pal of mine, from before I joined up."

That seems to be it for the introductions, but there's still drinks to be purchased and unlikely stories to cackle over. On the way back to the ship, Behemoth is in ebullient spirits and filled with stories for her fellow MechWarriors.
1	Details	"How about a different kind of scanner?" you suggest.

"Say, a voiceprint?" [[TGT_MW,{TGT_MW.Callsign}]] brightens.

Dr. Murad sounds dubious. "You want me to set up a whole new system for this?"


"Keep them both. Let the pilots use whatever works. It's either this or removing the scanners entirely, Doctor. What would you prefer?"


Dr. Murad sighs. "I'll get started converting the algorithms."
1	Details	"We have a request to set up a live shooting range," Darius says in the staff meeting. "[[TGT_MW,{TGT_MW.Callsign}]] says the pressure-safe target pistols aren't sufficiently realistic to keep the MechWarriors' skills sharp. That said, I'm not sure if the <i>Argo</i> has an appropriate location for that kind of thing."

"For what, an indoor firing range?" Dr. Murad tilts her head, her brow furrowing. "I believe that I can find a spot in Gamma Pod. It's still a mess over there anyway. Use an armor plate as a backstop… yes, it should be fine if they're careful."

Her eyes shift to you. "Your MechWarriors are careful, aren't they?"
1	Details	You tilt your head toward [[TGT_MW,{TGT_MW.Callsign}]]. "I'm sorry, but I can't keep bailing you out every time you endanger yourself and the entire outfit. It's not fair to the rest of the crew. I have to give you up."

"You're <i>abandoning</i> me to these creeps? After all we've been through?" {TGT_MW.DET_C} eyes bulge, mouth curling into a snarl.

"We've been through a lot, it’s true. You're a good MechWarrior, maybe even a great one, but I should have cut you loose sooner. You're going to get someone—or all of us—killed over a completely <i>avoidable</i> mistake. You did this to yourself." You climb into the Leopard, gesturing to Darius.

The XO follows suit, while {TGT_MW.Callsign} gapes for a moment. For once, {TGT_MW.SUBJ} {TGT_MW.Gender?NonBinary:don't|Default:doesn't} have a retort ready. The Leopard's bay doors start to swing closed. "You're making a <i>huge</i> mistake!" {TGT_MW.SUBJ_C} {TGT_MW.Gender?NonBinary:shout|Default:shouts} before the Leopard's doors snap shut and the engines roar to life.

You never see {TGT_MW.Callsign} again.
1	Details	You jerk your thumb over your shoulder, pointing to the Leopard. "Get in, MechWarrior. I've got half a mind to leave you with your new acquaintances, but you're worth a fortune on the battlefield."

As [[TGT_MW,{TGT_MW.Callsign}]] scrambles into the Leopard, you keep an eye on the stranger. He waves nonchalantly, flashing bright white teeth. Once you're all inside the Leopard, 

{TGT_MW.Callsign} drops into a seat. "I half-expected that creep to pull out a gun."

Darius shakes his head as he adjusts his shoulder straps. "They wouldn't be that sloppy. A public shootout isn't good for business. These guys are professionals. They'll spread the word across their networks. Kiss any favor we had with pirates goodbye."

"And your privileges," you add. "Look {TGT_MW.Callsign}, you should know better by now. You keep choosing to put yourself and the rest of us at risk by extension. That's unacceptable."

{TGT_MW.Callsign} mumbles an excuse, but Darius cuts {TGT_MW.OBJ} off. "Forget about shore leave privileges. You'll be on probation until you can prove yourself trustworthy."
1	Details	You break Dr. Murad's stare. "Unfortunately, caution isn't really their strong suit. [[TGT_MW,{TGT_MW.Callsign}]] with {TGT_MW.DET} military background is one thing, but some of the others… well, let's not tempt fate with live fire. Darius, tell {TGT_MW.Callsign} {TGT_MW.SUBJ}'ll just have to show the others how to improve with indoor target pistols."

Darius nods, and moves on to the next item on his list.
1	Details	You're almost finished with the morning briefing when Darius glances up at you. "One last thing," he says as he scrolls his datapad. "A research facility here in {TGT_SYSTEM.Name} has put out an open request for MechWarriors to test some modified 'Mech components. It pays ¢50,000 for two weeks onsite."

Darius looks over the current roster. "If you're interested, we could send an experienced pilot like [[TGT_MW,{TGT_MW.Callsign}]]. Or I suppose that we could approach the more junior MechWarriors and ask for a volunteer…" He shrugs. "Your call. What do you think?"
1	Details	You nod at Dr. Murad. "[[TGT_MW,{TGT_MW.Callsign}]] is ex-military. If {TGT_MW.Gender?Male:he's|Female:she's|NonBinary:they're} running this, there shouldn't be any real risk. Darius, make it happen, but stress to {TGT_MW.Callsign} that final responsibility lies with {TGT_MW.OBJ}."

As soon as {TGT_MW.SUBJ} {TGT_MW.Gender?NonBinary:get|Default:gets} the go-ahead, {TGT_MW.Callsign} starts organizing the shooting range. The MechWarriors produce a wide variety of small arms, some of which rather stretch the definition.

When Darius catches [[SCN_MW,{SCN_MW.Callsign}]] toting a [[DM.BaseDescriptionDefs[LoreGyroslugRifle],Gyroslug Rifle]] and explosive ammunition through the corridor, he calls {TGT_MW.Callsign} in for a heated dressing-down. Afterward, the shooting range becomes pistols-only, and locks appear on all Gyroslug Rifle cases.
1	Details	You nod at Dr. Murad. "[[TGT_MW,{TGT_MW.Callsign}]] is ex-military. If {TGT_MW.Gender?Male:he's|Female:she's|NonBinary:they're} running this, there shouldn't be any real risk. Darius, make it happen, but stress to {TGT_MW.Callsign} that final responsibility lies with {TGT_MW.OBJ}."

It doesn't take long for the MechWarriors to get the shooting range set up and start using their auto-pistols. {TGT_MW.Callsign} manages the range well. There are no immediate problems.
1	Details	After a moment's thought, you return the couple's call and spend a half hour sharing stories about [[TGT_MW,{TGT_MW.Callsign}]].

The old man sheds some tears and the old woman is stoic but proud. Neither of them want you to tell their son about the call. 

"If he's doing well, there's no reason to complicate things. He's got to live his own life," says the old man. "We didn't understand that then, but we figured it out eventually. Thank-you for the news, Commander {COMMANDER.LastName}."
1	Details	After the video finishes, Sumire comes back on the screen, a questioning look on her face. "Well?"

"Sumire, if [[TGT_MW,{TGT_MW.Callsign}]] isn't talking to his family, he probably has his reasons. I'm going to respect that. Please send a polite non-reply citing a company policy about respecting crew privacy."

Later in the week, you see Sumire and Medusa in the mess hall, heads together. It's clear that she couldn't resist bringing up the subject.

Medusa waves you over. "No worries, Commander. You made the right call. I don't have any regrets. It's best to leave the past in the past."
1	Details	Sumire interrupts your morning rituals with an unusual communication from planetside. "Commander, you'll want to see this message."

As the video playback comes through, you see an older man, grizzled and hard-worn, with an equally-tired looking woman beside him.

"Uh, hello? This is a message for Commander {COMMANDER.LastName}. We wanted to thank-you for what you've done here in {TGT_SYSTEM.Name}."

He pauses and with encouragement from his wife continues. "And ah... we've heard that our boy is working for you. He goes by [[TGT_MW,{TGT_MW.Callsign}]]? We were hoping you could contact us and tell us how he's doing. When he left us, we didn't really part on the best of terms. He hasn't talked to us for a long time. But recent events... well, you know. We miss him and we'd really appreciate it if you could give us a little bit of news."
1	Details	Instead of returning the old couple's call, you summon [[TGT_MW,{TGT_MW.Callsign}]] and play the message for him. His jaw tightens as he watches. When it's done, you say, "What would you like me to do?"

Clearly agitated, he says, "I don't know. They wanted me to stay on Katinka and when I refused, they disowned me. Like I wanted to inherit that collapsing prospector outfit anyhow. Why are they calling now?"

"Maybe the war made them rethink some things?" you suggest. "It's been known to happen."

Medusa sits down suddenly. "Shit. I didn't even think about that. I wonder..." He trails off, staring off into space worriedly.

"In my experience it's better to know than speculate. Why don't you give them a call yourself?"

Medusa nods slowly. "I'll do that."

When you see him the next day, he's quieter than usual, but he gives you a thumbs-up when you catch his eye.
1	Details	You shoot [[TGT_MW,{TGT_MW.Callsign}]] a warning look. "If you weren't an ace in the cockpit, we wouldn't even be entertaining this idea… but, given your talents, my hands are tied. I'll pay off your debts with the company's funds—this one time."

Darius shakes his head, but says nothing. {TGT_MW.Callsign}'s eyes widen and a big smile splits {TGT_MW.DET} face. "Really? Thanks—"

"Don't thank me yet," you interrupt. "You're on probation until you prove you can be trusted—if ever. And if you pull a stunt like this again, I'll wrap you in a bow and deliver you to whoever you piss off next myself."

{TGT_MW.Callsign} sags, color draining from {TGT_MW.DET} face. "Message received."

Darius smirks. "And you can report to me once we're on the <i>Argo</i>. I've got a long list of duties for you to tackle while you pay back this debt you owe us."

"I guess this beats getting stuck with those boogeymen… " {TGT_MW.Callsign} trails off.

"That's one hell of an understatement." You incline your head to Darius. The XO walks off to arrange the payment. Your gaze falls back on {TGT_MW.Callsign}. "Now get back on the Leopard. We need to find a spot on [[TGT_SYSTEM,{TGT_SYSTEM.Name}]] where you haven't made enemies."
1	Details	[¢2,000,000]
1	Details	A stranger with slicked back hair and a tailored suit shoves a compad at Darius, while you're loading up the Leopard on [[TGT_SYSTEM,{TGT_SYSTEM.Name}]]. The XO stomps over, pulling you and [[TGT_MW,{TGT_MW.Callsign}]] aside. "Unbelievable! Today, {TGT_MW.Callsign} racked up a huge debt—two million C-bills—at a crime syndicate’s gambling ring and had the gall to run out on 'em."

"I don't know what you're talking about." {TGT_MW.Callsign}'s gaze flickers toward the stranger.

Darius points to a video feed on the stranger's compad. On the screen, {TGT_MW.Callsign} climbs out the window of a seedy industrial structure. "They want their money, but they'll accept {TGT_MW.Callsign} in lieu of cash. It's 'strictly business,' he assured me."

"I can't afford to pay that back. Let's take off!" {TGT_MW.Callsign} blurts out. "Forget this creep."

Darius grabs {TGT_MW.Callsign} by the arm. "Pipe down, Card Shark. This is the Commander's call. These <i>gentlemen</i> are tied to pirates all over the Periphery. We might piss off a whole slew of bad guys if we bolt."
1	Details	As you arrive in the lounge, [[SCN_MW,{SCN_MW.Callsign}]] is saying, "Come on, we all know it's gonna be Norton again." 

[[TGT_MW,{TGT_MW.Callsign}]] elbows {SCN_MW.OBJ} to stop and nods to you. "We're just about to get started, Commander. Take any seat."

The Solaris Championship is about as one-sided as expected, but the real highlight of the evening occurs when {SCN_MW.Callsign} and {TGT_MW.Callsign} get into an alcohol-fueled argument over the relative merits of the 'Mechs involved.
1	Details	You respond to the attitude by breaking up the meeting. "MechWarriors have more important battles to fight. Get back to work—especially you, [[TGT_MW,{TGT_MW.Callsign}]]! Don't test me."

That evening, a group of miners visit the shuttle. A weathered beast of a man, clearly worried, speaks for them.

"Commander, your soldier {TGT_MW.Callsign} fought in our arena. {TGT_MW.Subj_C} didn't rightly understand the rules of the fight, and we didn't know until it was too late to put a stop to it." With a gesture from the craggy old man, the miners bring forward {TGT_MW.Callsign}'s bloody, battered corpse.

Darius barks commands intended to stop the other MechWarriors from doing anything rash, as you rest your hand on {TGT_MW.Callsign}'s head.
1	Details	You respond to the attitude by breaking up the meeting. "MechWarriors have more important battles to fight. Get back to work—especially you, [[TGT_MW,{TGT_MW.Callsign}]]! Don't test me."

That evening, {TGT_MW.Callsign} arrives at the shuttle, bloodied and battered. {TGT_MW.Subj_C} {TGT_MW.Gender?NonBinary:try|Default:tries} to board the ship as if nothing's amiss, until Darius raises his voice. "Commander, I seem to recall that you disapproved of the local fighting ring."

You say, "I'm glad <i>someone</i> heard me."

Darius smiles grimly."Our MechWarriors did. But this isn't a MechWarrior. {TGT_MW.SUBJ_C} must be a member of the kitchen staff… for the next month or so, anyway."
1	Details	You respond to the attitude by breaking up the meeting. "MechWarriors have better battles to fight. Get back to work. Especially you, [[TGT_MW,{TGT_MW.Callsign}]]! Don't test me."

That evening, just as the shuttle warms up its engines, {TGT_MW.Callsign} arrives, bloodied and battered, but waving a wad of currency, "¢10,000 for the winner, Commander!"

Stifling a reluctant grin, you turn to Darius, "Darius, deposit that in the company account, and keep this insubordinate soldier out of my sight."
1	Details	You watch the medical team clustered around [[TGT_MW,{TGT_MW.Callsign}]] and [[SCN_MW,{SCN_MW.Callsign}]] as they work to bandage the MechWarriors' wounds.

Dr. Murad taps you on the shoulder. "Commander, when I took those MedTech courses, the instructor was fascinated by the <i>Argo</i>. He gave me some ancient components in exchange for information on how they functioned. I've determined that they could dramatically speed up our treatment speeds, but they'll burn out after a couple weeks. Would you like me to activate them in this emergency?"
1	Details	"That's clear thinking, Ms. Meyer. I believe that we can spare [[TGT_MW,{TGT_MW.Callsign}]] for a week. And, by all means, please accompany {TGT_MW.Obj}. Wouldn't want {TGT_MW.Obj} to get eaten by a predator along the way."

Sumire bites back a wider smile. "Yes, Commander. Right away, Commander."

As Sumire begins to leave, you have one last request. "Please do take some pictures, Sumire. I think everyone would appreciate seeing what you've seen, if only secondhand."
1	Details	Sumire turns to you. "Commander, that Periphery seminar I took mentioned this system. It's famous for some ancient ruins on the primary planet. I've seen breathtaking pictures."

She's clearly leading up to something. "[[TGT_MW,{TGT_MW.Callsign}]] and [[SCN_MW,{SCN_MW.Callsign}]] have been moping around a lot lately, and it's starting to get on my nerves. Banishing them to these ruins for a week would give them something new to think about."

A smile flickers across her face. "Of course. I'd fly them down there, supervise them, and get them home on time, because I think those ruins will be even more amazing in person."
1	Details	A weight lifts off your shoulders. "An excellent suggestion, Dr. Murad. We can't change the mistakes of the past, but we can certainly make the most of the opportunities of the present—and preserve the lives and careers of some good MechWarriors. So… get to work!"

Dr. Murad brushes past you to enter the MedBay, a small smile on her face. "You're welcome, Commander."
1	Details	While acknowledging the pent-up desire for violence, you still lay down the rules. "Go ahead. But if you get hurt, I'll finish killing you myself."

All but [[TGT_MW,{TGT_MW.Callsign}]] suddenly recall pressing business elsewhere. {TGT_MW.Callsign} lingers, lost in thought. Then, with a grumble, {TGT_MW.Subj} finally {TGT_MW.Gender?NonBinary:stomp|Default:stomps} off to join the others.
1	Details	While acknowledging the pent-up desire for violence, you still lay down the rules. "Go ahead. But if you get hurt, I'll finish killing you myself."

That evening, just as the shuttle warms up its engines, [[TGT_MW,{TGT_MW.Callsign}]] arrives, bloodied and battered. When {TGT_MW.Subj} {TGT_MW.Gender?NonBinary:try|Default:tries} to board the ship as if nothing's amiss, you say "I don't need more dead weight on the <i>Argo</i>. I need MechWarriors." Your words bring {TGT_MW.Obj} up short. "Next time you fight, you win. Remember that."
1	Details	While acknowledging the pent-up desire for violence, you still lay down the rules. "Go ahead. But if you get hurt, I'll finish killing you myself."

All but [[TGT_MW,{TGT_MW.Callsign}]] suddenly recall pressing business elsewhere. {TGT_MW.Callsign} lingers, lost in thought. A lack of confrontation has clearly taken the shine off the idea, and after a moment {TGT_MW.Subj} {TGT_MW.Gender?NonBinary:shuffle|Default:shuffles} off to join the others.
1	Details	In response to the attitude, you lay down the law. "You're only allowed to bleed if it's in a 'Mech. Get back to work."

All but [[TGT_MW,{TGT_MW.Callsign}]] suddenly recall pressing business elsewhere. {TGT_MW.SUBJ_C} {TGT_MW.Gender?NonBinary:linger|Default:lingers}, clearly torn. Finally, with a stiff nod and a twisted grin, {TGT_MW.Subj} resolutely {TGT_MW.Gender?NonBinary:walk|Default:walks} off to join the others.
1	Details	You respond to the attitude by breaking up the meeting. "MechWarriors have better battles to fight. Get back to work. Especially you, [[TGT_MW,{TGT_MW.Callsign}]]! Don't test me."

All but {TGT_MW.Callsign} suddenly recall pressing business elsewhere. {TGT_MW.SUBJ_C} {TGT_MW.Gender?NonBinary:remain|Default:remains}, staring at you, fire in {TGT_MW.Det} eyes. Finally, with a twitch, {TGT_MW.Subj} {TGT_MW.Gender?NonBinary:drop|Default:drops} {TGT_MW.Det} gaze, shuffling off to catch up to the others.
1	Details	You respond to the attitude by laying down the law. "You're only allowed to bleed if it's in a Mech. Get back to work. "

All but [[TGT_MW,{TGT_MW.Callsign}]] suddenly recall pressing business elsewhere. {TGT_MW.Callsign} lingers, staring at you, fire in {TGT_MW.Det} eyes. Finally, with a twitch, {TGT_MW.Subj} {TGT_MW.Gender?NonBinary:drop|Default:drops} {TGT_MW.Det} gaze, shuffling off to catch up to the others.
1	Details	You lay down the law. "You're only allowed to bleed if it's in a 'Mech. Get back to work."

That evening, [[TGT_MW,{TGT_MW.Callsign}]] arrives at the shuttle, bloodied and battered. {TGT_MW.Subj_C} {TGT_MW.Gender?NonBinary:try|Default:tries} to board the ship as if nothing's amiss, until Darius raises his voice. "Commander, I recall you giving explicit orders to our MechWarriors not to fight outside a 'Mech."

You say, "How nice that <i>somebody</i> heard me."

Darius smiles grimly."The MechWarriors did. But this isn't a MechWarrior. {TGT_MW.SUBJ_C} must be a member of the kitchen staff… for the next month or so, anyway."
1	Details	"That's clear thinking, Ms. Meyer. I believe we can spare [[SCN_MW,{SCN_MW.Callsign}]] for a week. And, by all means, please accompany {SCN_MW.Obj}. Wouldn't want {SCN_MW.Obj} to fall into a pit along the way."

Sumire bites back a wider smile. "Yes, Commander. Right away, Commander."

As Sumire begins to leave, you have one last request. "Please do take some pictures, Sumire. I think everyone would appreciate seeing what you've seen, if only secondhand."
1	Details	"I know this wasn't your idea, [[TGT_MW,{TGT_MW.Callsign}]]," you say. "So whose was it?"

{TGT_MW.Callsign} explains, "It all started when [[SCN_MW,{SCN_MW.Callsign}]] got a letter from {SCN_MW.DET} sister…"

"{SCN_MW.Callsign} doesn't <i>have</i> a sister, {TGT_MW.Callsign}."

"Wait, then whose lifesaving medical operation are we trying to raise money for?"

"Take the still apart and try to stay out of trouble for a change. Now, if you'll excuse me, I'm going to have a chat with {SCN_MW.Callsign}."
1	Details	You task [[TGT_MW,{TGT_MW.Callsign}]] with moving the still to the kitchen, and {TGT_MW.SUBJ} {TGT_MW.Gender?NonBinary:do|Default:does} so with enthusiasm.

For a week, the mess is crowded with so many crewmembers and MechWarriors that you cannot find a place to sit without pulling rank, and the stink of Rustgut is everywhere.

When the crew start showing up to shifts hung over, one day the kitchen staff arrive and the still has been mysteriously dismantled. In the daily briefing, Darius and Yang share a knowing look at the news.
1	Details	You task [[TGT_MW,{TGT_MW.Callsign}]] with moving the still to the kitchen, and {TGT_MW.SUBJ} {TGT_MW.Gender?NonBinary:do|Default:does} so with enthusiasm.

For a few days, {TGT_MW.Det} Engine Room Rustgut is available on the mess deck in moderate amounts. Sadly, the consensus opinion is that it is completely undrinkable. 

Nevertheless, {TGT_MW.Callsign} finishes off the final batch by {TGT_MW.REFL} before the kitchen staff takes the still apart.
1	Details	On the <i>Argo</i>, Yang flips through the bill of lading. "Funny, I don't see these Medium Lasers on the customs forms…"

He cocks an eyebrow in the direction of Darius and [[TGT_MW,{TGT_MW.Callsign}]], then holds up a small, black box. "Next time you decide to rob a group of sketchy weapons dealers, try to disable <i>all</i> of their tracking devices, okay? Whoever these lasers were supposed to go to won't be happy that we stole from them."
1	Details	You politely decline the invitation; you have already learned the results of the tournament, and Gray Norton's victories are no longer a surprise.

The following day, [[TGT_MW,{TGT_MW.Callsign}]] is still enthusiastically talking about the match.
1	Details	Darius stops by your quarters to recite an invitation. "On behalf of our Barracks denizens, I am formally charged with requesting your attendance at an assembly of the MechWarriors in the Lounge this evening. Libations will be consumed alongside a screening of the recent Solaris Championship. "

In a less official tone, Darius adds, "[[TGT_MW,{TGT_MW.Callsign}]] managed to pick up an official Holovid somehow. I expect that our MechWarriors are going to watch the fight and get very, very drunk."
1	Details	"Yeah, why just make this a one-off deal?" [[TGT_MW,{TGT_MW.Callsign}]] asks, "It sounds like what they need is a partner."

Later, {TGT_MW.Subj} {TGT_MW.Gender?NonBinary:report|Default:reports}that the merchant's eyes practically glowed with dreams of future riches, right up until {TGT_MW.SUBJ} started negotiating the fee.
1	Details	Later in the day, you shake [[TGT_MW,{TGT_MW.Callsign}]]'s hand. "We all appreciate your service, {TGT_MW.FirstName}. Good luck on your next assignment."

{TGT_MW.SUBJ_C} {TGT_MW.Gender?NonBinary:give|Default:gives} you a wary look. "Sure. Whatever you say, <i>Commander</i>. Anyway, I'll be leaving the <i>Argo</i> at the next opportunity. Until then, I'll stay out of your way."
1	Details	Later in the day, you shake [[TGT_MW,{TGT_MW.Callsign}]]'s hand. "We all appreciate your service, {TGT_MW.FirstName}. Good luck on your next assignment."

{TGT_MW.Callsign} says, "Thanks, Commander. That means a lot. Good luck to you, too."
1	Details	"That's clear thinking, Ms. Meyer. I believe that we can spare both [[TGT_MW,{TGT_MW.Callsign}]] and [[SCN_MW,{SCN_MW.Callsign}]] for a week. And, by all means, please accompany them. Wouldn't want them to trigger any ancient traps along the way."

Sumire bites back a wider smile. "Yes, Commander. Right away, Commander."

As Sumire begins to leave, you have one last request. "Please do take some pictures, Sumire. I think everyone would appreciate seeing what you've seen, if only secondhand."
1	Details	"I want [[TGT_MW,{TGT_MW.Callsign}]] off my ship as soon as possible," you tell Darius. "If the others keep seeing {TGT_MW.OBJ} in the barracks and on the mess deck, it's just going to make things worse."

Darius slowly nods. "I see your point. I'll make arrangements, but it could be a bit before we can get rid of {TGT_MW.OBJ}."

"I'm sure you'll make it work."
1	Details	Dr. Murad's voice calls out to you from across the hall. "Over here, Commander. Near the lockers." When you round the corner, you find her, [[TGT_MW,{TGT_MW.Callsign}]], and something that looks suspiciously like a moonshine still.

Dr. Murad looks up at you, a slight frown on her face. "This MechWarrior was just explaining to me how {TGT_MW.SUBJ} came to build a device to make—what was the term?—<i>Engine Room Rustgut</i>."

{TGT_MW.Callsign} looks chagrined, but defends {TGT_MW.REFL} with, "I was just trying to make some money, and maybe have a bit of fun. We're all going a little stir crazy."
1	Details	You bring the crew and the MechWarriors together in the <i>Argo</i>'s lounge to give [[TGT_MW,{TGT_MW.Callsign}]] a proper send-off. Darius makes a speech, and Yang presents {TGT_MW.Callsign} with a framed 'Mech repair bill.

Then the drinking begins in earnest.

By the end of the night, the mood is bittersweet.

You shake {TGT_MW.Callsign}'s hand. "Take care of yourself, {TGT_MW.FirstName}. We might need you again."

This provokes a genuine smile. "Sure thing, Commander."
1	Details	You bring the crew and the MechWarriors together in the <i>Argo</i>'s lounge to give [[TGT_MW,{TGT_MW.Callsign}]] a proper send-off. Darius makes a speech, and Yang presents {TGT_MW.Callsign} with a framed 'Mech repair bill.

Then the drinking begins in earnest.

By the end of the night, the mood is bittersweet.

"Thanks for everything, Commander," {TGT_MW.Callsign} finally says to you.
1	Details	[[TGT_MW,{TGT_MW.Callsign}]]'s family is willing to accept a shorter visit from their beloved heir.

The next day, as the MechWarrior prepares to board the shuttle, a few other members of the crew arrive in the shuttle bay to see {TGT_MW.Obj} off. It sounds like they have a few requests for special souvenirs to be slipped through customs.
1	Details	[[TGT_MW,{TGT_MW.Callsign}]]'s family expresses their gratitude for your flexibility.

The next day, as the MechWarrior prepares to board the shuttle, a few other members of the crew arrive in the shuttle bay to see {TGT_MW.Obj} off. It sounds like they have a few requests for special souvenirs to be slipped through customs.
1	Details	While [[TGT_MW,{TGT_MW.Callsign}]]'s family regrets your refusal, you detect in their reply a touch of pride that their heir is so valued by {TGT_MW.Det} employer.

{TGT_MW.Callsign} is, however, greatly disappointed to be missing the family reunion.
1	Details	[[TGT_MW,{TGT_MW.Callsign}]]'s family is displeased with your decision, but they accept a shorter visit. That does mean a smaller reimbursement, though.

The next day, as the MechWarrior prepares to board the shuttle, a few other members of the crew arrive in the shuttle bay to see {TGT_MW.Obj} off. It sounds like they have a few requests for special souvenirs to be slipped through customs.
1	Details	[[TGT_MW,{TGT_MW.Callsign}]]'s family seems indifferent on the details of your requirements, as long as you allow the leave.

The next day, as {TGT_MW.Callsign}'s shuttle departs, Darius thinks aloud, "Y'know, it's probably gonna be <i>way</i> more than a month before we see {TGT_MW.OBJ} again, regardless of what the family agreed to. The wealthy do like to get their money's worth."
1	Details	Apparently, to [[TGT_MW,{TGT_MW.Callsign}]]'s family, money is no object. They pay the higher fee without hesitation.

The next day, as the MechWarrior prepares to board the shuttle, a few other crew members arrive in the shuttle bay to see {TGT_MW.Obj} off. It sounds like they have a few requests for special souvenirs to be slipped through customs.
1	Details	[[TGT_MW,{TGT_MW.Callsign}]]'s family is indifferent to your requirements, as long as you allow the leave. They even deposit their reimbursement in full up-front.

The next day, as {TGT_MW.Callsign}'s shuttle departs, Darius thinks aloud, "You realize that we're probably not going to see {TGT_MW.OBJ} for a full month no matter what the family agreed to. We lose our leverage when that shuttle leaves."
1	Details	"[[TGT_MW,{TGT_MW.Callsign}]], you know better. Tampering with an airlock door would get you thrown off of most ships, and as for the [[DM.BaseDescriptionDefs[LoreEVA],EVA]]… " You shake your head. "Look, I get it. Spacewalking can be a profound experience. But it can also kill you if you aren't careful."

{TGT_MW.SUBJ_C} {TGT_MW.Gender?NonBinary:redden|Default:reddens}. "I know I was reckless. I was overwhelmed by nostalgia—I grew up in low gravity—we'd go out on 'star walks' nearly every day. That's no excuse though."

"Exactly. If you can't control yourself here, how am I supposed to trust you in a 'Mech?"

{TGT_MW.Callsign} meets your gaze. "I'll tell you how I did it. Every hatch on this ship is connected to an actuator. If you know where to look—it only takes about eight pounds of pressure to force it open. Cover the panelling with some spot welding and it'll be secure."

"You just bought yourself a break, MechWarrior. I'm giving you to Dr. Murad for a week. After this exploit has been patched, you'll return to active duty, but if this ever happens again… "

{TGT_MW.Callsign} shakes {TGT_MW.OBJ} head. "Don't worry. It won't."
1	Details	You level your gaze at [[TGT_MW,{TGT_MW.Callsign}]]. "Here's the deal. You're going to tell Dr. Murad exactly what you did to that airlock door. In return, I'm going to let your behavior slide—but only this once. Mess up again, and we'll have a very different conversation."

"Thank you, Commander." {TGT_MW.Callsign} nods eagerly. "You won't regret this, I promise."

Two weeks later, you're jolted awake by the scream of klaxons. The comms buzz with the XO's voice. "We've got an oxygen leak. Sensors say that something's attacking the ventral airlock—from the outside."

Cursing, you pull on your uniform. "Some people never learn, do they, Darius?"

"Afraid not, and this time, the airlock's hatch isn't cooperating. Dr. Murad's got a team on it, they'll fix whatever's broken and bring {TGT_MW.Callsign} back inside. You want me to read {TGT_MW.OBJ} the riot act?"

"Put the fear of god into {TGT_MW.OBJ}." You collapse back into your bunk. "And Darius? Tell {TGT_MW.OBJ} that if this ever happens again, we'll just let {TGT_MW.OBJ} stay out there. The <i>Argo</i> could use a new hood ornament."
1	Details	"You're not wrong, Darius. But in the end, nobody got hurt." You fix your gaze on [[TGT_MW,{TGT_MW.Callsign}]]. "I'm willing to look past this, MechWarrior. But you're going to tell me how you opened that door, and from now on, you're going to appreciate the stars from a safe distance."

{TGT_MW.SUBJ_C} {TGT_MW.Gender?NonBinary:nod|Default:nods} gratefully. "Absolutely, Commander. Thank you."

The next morning, before your first cup of coffee has even cooled, Sumire's voice echoes from the comms. "{TGT_MW.Callsign} won't leave the navigation room. Apparently, {TGT_MW.SUBJ} thinks that {TGT_MW.SUBJ} has your permission to spend all {TGT_MW.DET} downtime staring wistfully at the star map."

Darius rubs the bridge of his nose, frowning. "Miscommunication. I'll deal with it." He gives you a sidelong glance. "Hopefully, {TGT_MW.SUBJ} doesn't wind up back in the brig this time."
1	Details	You shake your head, regarding [[TGT_MW,{TGT_MW.Callsign}]]. "Of all the MechWarriors in this company, <i>you</i> should know better. Tampering with an airlock? Going on an unauthorized [[DM.BaseDescriptionDefs[LoreEVA],EVA]]? It's like you're <i>trying</i> to get yourself killed."

"And yet, here I am, alive and kicking." {TGT_MW.SUBJ_C} fixes you with an irritated stare. "It's almost as if I know what I'm doing, Commander."

Darius snaps. "Watch your tone, MechWarrior. Remember who you're talking to."

{TGT_MW.Callsign} blinks, and all at once, {TGT_MW.OBJ} composure cracks. A wave of self-doubt washes over {TGT_MW.OBJ} face. "I'm sorry, Commander. That was out of line."

"Damn right. I can't afford to remove you from active duty, but for the next month, you're gonna sleep in this box we're calling a brig." You pause and let the message sink in. "Now. If you show Dr. Murad <i>exactly</i> what you did to that airlock door, I <i>might</i> consider accepting that half-assed apology of yours. You wanna try your luck?"

{TGT_MW.SUBJ_C} swallows, hard. "I'll get right on it, Commander. This won't happen again."
1	Details	While [[TGT_MW,{TGT_MW.Callsign}]]'s family regrets your refusal, you detect in their reply a touch of pride that their heir is so valued by {TGT_MW.Det} employer.

{TGT_MW.Callsign} also takes this as a gesture of appreciation, which takes the sting out of missing the family reunion.
1	Details	You rub your forehead for a moment. "We spent a lot of money getting the Low-G Pool fixed up, [[TGT_MW,{TGT_MW.Callsign}]]. Why don't you knock this off and try stargazing from there?"

{TGT_MW.SUBJ_C} {TGT_MW.Gender?NonBinary:lick|Default:licks} {TGT_MW.DET} lips as {TGT_MW.SUBJ} {TGT_MW.Gender?NonBinary:consider|Default:considers} your proposal. "Uh, yeah. That's a good idea, Commander."

"Of course it is. I gave it to you." You narrow your eyes at {TGT_MW.OBJ}. "Now. I want you to tell Dr. Murad what you did to the airlock door. Offer whatever assistance she needs to close the security loophole you exploited. You do that, and you can spend as many off-hours as you like floating around in there. Deal?"

The next time you bump into {TGT_MW.Callsign}, your nostrils are assaulted by a concentrated blast of chlorine. {TGT_MW.SUBJ_C} {TGT_MW.Gender?NonBinary:snap|Default:snaps} to attention, offering you a crisp salute that's only slightly undercut by the wet towel draped across {TGT_MW.OBJ} shoulders. 

There are no further incident reports regarding the ventral airlock or any other.
1	Details	You cock your head, regarding [[TGT_MW,{TGT_MW.Callsign}]]. "Tell you what, MechWarrior. You show Dr. Murad what you did to the airlock door and I'll let you off the hook. Hell, we can go out spacewalking together, one last time."

After {TGT_MW.SUBJ} {TGT_MW.Gender?NonBinary:agree|Default:agrees} to your terms, you suit up and meet in the airlock. The outer hatch opens and {TGT_MW.Callsign} glides into the twinkling darkness. Tethered, you follow {TGT_MW.OBJ}.

Spinning slowly, {TGT_MW.Callsign}'s faceplate reflects a swirling nebula of blue and gold. {TGT_MW.DET} voice comes over internal comms. "Out here, you're just a tiny speck of sentient dust in an endless sea of stars. It's a relief, in a way, to be reminded of your own insignificance."

You allow yourself to drift. "Sure, I get it. But the <i>Argo</i> isn't some existentialist thought experiment. On this ship, every decision you make has weight. A tiny slip-up can have disastrous consequences for the entire crew."

"You're right. You know, I'm pretty fond of our corner of the universe," {TGT_MW.Callsign} says. "I won't put it in jeopardy again, Commander."
1	Details	Banging noises draw you to the shared MechWarrior Barracks, where you find [[TGT_MW,{TGT_MW.Callsign}]] disassembling one of the Leopard's internal walls. There are already several panels neatly stacked beside {TGT_MW.OBJ}.

{TGT_MW.SUBJ_C} {TGT_MW.Gender?NonBinary:pause|Default:pauses}, then {TGT_MW.Gender?NonBinary:explain|Default:explains}. "There's a few cubic meters of dead space back here. I'm making room so we can stretch without hitting the bunks."

As reasonable as this sounds, the banks aren't going to like you modifying their property.
1	Details	You're on the Leopard's bridge with Sumire, Yang, and Darius for the daily staff briefing. Darius says, "We received three messages from the banks—"

"Loan sharks," Sumire cuts in.

"—From the people who are financing us," Darius continues. "They're considering rewriting the terms of our loans, so it will be easier to seize this ship if we miss a payment. As usual, they're only doing this because they believe we can't fight it in court."
1	Details	Over the next several days, everyone helps move the least critical Mech Bay supplies to other parts of the Leopard.

But emotions get heated over the next week. [[SCN_MW,{SCN_MW.Callsign}]] gets particularly upset when {SCN_MW.SUBJ} {SCN_MW.Gender?NonBinary:trip|Default:trips} over an unexpected box of tools.

Before long, Yang and his technicians reclaim their supplies. His mood, at least, is much better than everyone else's. When you arrive in the Mech Bay, he's grimly satisfied with the amount of reorganization he managed in the short period of time.
1	Details	"Chief, we're all trying to make things work in less than ideal conditions, I hate to say it, but you'll just need to tough it out for now."

Yang looks like he might argue the point further, but as he strokes his scraggly beard, he gets a thoughtful look in his eyes. "Maybe…"

Darius says, "If it helps, I'll just tell the MechWarriors not to get shot on the next contract. How about that?"

That gets a chuckle from the room, and you know the leadership team is going to get through this latest rough patch. For now.
1	Details	"I'll deal with it," you say. Later, you record a response.

In it, you sternly remind your lienholders that as financial institutions operating on Detroit III, they must abide by local contract law. You even cite the relevant sections of legal code from memory.

Then you point out that, as you've kept records of all payments and correspondence concerning the loans, you will be able to demonstrate in court that their proposed revisions to the agreed-upon terms would represent such a gross violation of the law that you would undoubtedly be awarded a second DropShip at the banks' expense.

Once the camera is off, Sumire says, "There's no way they push you on this. Too bad—I like to see loan sharks grovel."
1	Details	Lesser known than the mysterious "Bounty Hunter", but perhaps even more feared, is the enigmatic Jamie Rayson. Next to nothing is known about this elusive figure - including if he even exists.

What few details are consistent place him as originating from the Deep Periphery, somewhere past the Vela Sheet. References to him go back to at least the early Second Succession War and a few more cryptic ones as far back as the beginning of the Reunification War, which has lead to questions of whether he is real or if a series of MechWarriors have assumed the identity over the decades.

Either way, many acts have been attributed to this shadowy figure, most of them acts of mass destruction, war crimes or battlefields with no survivors where no enemy forces were known to be active. Needless to say, this has made Jamie a boogeyman amongst the armed forces of the Inner Sphere. Said to have been behind some of the Second Succession War's most barbaric incidents, it would appear that Jamie relishes the chaos and destruction he leaves in his wake.

The rare survivors who encounter him on the battlefield are generally left broken - and those who do speak of the experience tell of a heavy 'Mech of unknown make, adorned in all black with no unit markings present. Usually only spotted moments before the brunt of his assault, MechWarriors find their sensors and targeting computers failing or going blank just before weapons of fire scorch their 'Mechs until they shut down or suffer catastrophic engine failure or ammunition explosions. Then, just as quickly as it appeared, the 'Mech vanishes before their eyes, the air shimmering momentarily where it once stood.

Oddly enough, there seems to be a pattern to reported sightings of Jamie: Once spotted, many more sightings occur over the next couple of years, seemingly heralding periods of greater strife within the Sphere. Then, as the fires of war cool, the sightings simply stop - with no more occurring for at least the next decade.

Some of the strangest rumors and legends interweave Jamie's with sightings of the equally elusive "Mr. Bubbles", painting grand conspiracies - including attempts to burn worlds largely untouched by the devastation of the Succession Wars, such as New Avalon.


1	Details	Carl "Cargo Vroom" Vranich was born on Alpheratz in the Outworlds Alliance, and is often regarded as one of the most prolific vehicle designers to have ever lived.

Growing up in a rather spartan household typical of the Periphery, Cargo opted out of school in an early age with necessity forcing him to work as soon as he was able to help support his family. Initially Cargo learned the family trade as a run-of-the-mill vehicle mechanic, but it quickly became obvious that Cargo was meant for more as he showed a knack for not just fixing vehicles, but improving upon them.

By his 21st birthday, Cargo found himself drafted into the Alliance Borderers as a tank mechanic. There Cargo quickly rose through the ranks of the unit's engineering corps, proving not only hard-working but able to diagnose and and fix issues that even mechanics with 30 more years of experience with the same models could not.

By age 25, Cargo found himself the head mechanic of a detachment of the Borderers stationed on Cerberus, when fate struck in the form of a deep raid by DCMS troops. The Kuritan forces struck the base, scattered the battalion defenders, and began tearing through the hangars, destroying vehicle after vehicle. Provoked into rage from watching days of his hard work going up in smoke, Cargo grabbed a few of the nearest fellow mechanics by their shirts and shoved them into the tank closest to them. Taking charge, Cargo then proceeded to lead the completely green crew in fierce defensive action. Cargo and his makeshift crew not only held out while crucial reinforcements arrived, but also succeeded in crippling two 'Mechs and outright destroying one.

For his quick thinking and heroic efforts, Cargo was awarded some of the nation's most prestigious military service awards. When offered monetary awards however, he turned them down. Instead, he requested he be allowed to bring his beloved pet ferret with him to work, a request the rather stunned high command accepted.

For the next decade, Cargo served the Borderers in the dual roles of both head mechanic and tank commander in its command company before largely retiring from frontline service. This was at the behest of the Alliance high command, who had come to value his ever-increasing skill at designing vehicle variants that were both cheap to produce and extremely cost-effective.

Now heading a design bureau, Cargo has become one of these most despised people alive to many MechWarriors. So terrifying are the designs he has produced that many a MechWarrior has called them "bullshit" or decried that 'Mechs, not tanks, are supposed to be the kings of the battlefield. Perhaps it is not surprising then that when Cargo makes trips to the field for studies, he does so primarily amongst other tank crews.


1	Details	Of the many Word of Blake operatives, few are as feared as Alicia "Lady Alekto" Sebrle. Born on the world of Sarna, the brash and outspoken Alicia often found herself at odds with Capellan authorities, while being carefully watched at the same time for having all the potential to make an excellent Maskirovka agent.

This was all put to an end with the Fourth Succession War. When Davion invaded her homeworld, the 23-year-old Alicia found herself pushed to the frontline as a member of a resistance cell defying the Federated Suns occupation. Here Alicia found herself rising though the ranks until she was the leader of the most active cell on the planet. While estimates vary, most historians estimate her activities as having claimed 1500 - 2900 occupying Davion lives.

After a particularly gruesome attack on a Davion regional headquarters, the FedSuns troops had had enough and began retaliatory strikes against the population. Fearing for the lives of her loved ones, Alicia used her contacts in the Maskirovka to arrange for them to be smuggled off-world so that she could continue her campaign against the FedSuns occupiers. Unfortunately for Alicia, one of the citizens killed by the Davion retaliation was a distant relative of the Chancellor himself. As such, the Maskirovka decided to avenge the Chancellor and to deal with a citizen they viewed as becoming too popular. So they betrayed Alicia, shooting down the DropShip carrying everyone Alicia had ever truly cared for and selling out the location of her cell's headquarters to a local Davion commander.

Davion jumped at the chance to deal with this thorn in their side once and for all and mercilessly bombed the entire village that housed her headquarters. Badly wounded, Alicia somehow survived the attack, dragging her ruined body several miles before collapsing near a remote, secret ComStar listening post. Found by a patrol, Alicia was smuggled off-world - the local ComStar Demi-Precentor seeing her potential as an operative for them. Despite the scars now covering her body, Alicia fully recovered thanks to cybernetic implants that were surgically embedded in her.

Filled with hatred for all the Successor Lords, it was of little surprise that Alicia - now going by the code name "Lady Alekto" - sided with the Word of Blake when the schism within ComStar occurred. When the Jihad broke out, Alekto soon made a terrifying name for herself. Unafraid to order even the largest scale war-crimes imaginable, Alekto brilliantly masterminded numerous devastating strikes against the Successor Lords over the years of the brutal war. In addition, it was found that she had a knack for designing BattleMech loadouts that, while appearing odd, turned out to be highly effective and virtual nightmares to face. Her personal 'Firebird' was so completely devastating that it was said to be able to ignite entire forests and overheat lances in a single pass.

Alekto's fate remains unknown, as she vanished in the chaos that was the aftermath of the Jihad. While some claim she is dead, she remains on virtually every state's most wanted list in the Inner Sphere, and some captured Blakists have stated that Alekto would one day return to bathe the Sphere in cleansing fire one last time.


1	Details	You look [[TGT_MW,{TGT_MW.Callsign}]] in the eye. "You know how the chain of command works. You have to clear changes like this before you start."

{TGT_MW.SUBJ_C} {TGT_MW.Gender?NonBinary:shrug|Default:shrugs}. "Well? Can I?"

You look over {TGT_MW.Callsign}'s work. It's cleanly done, with no hazards. "Take a break until I make a decision."

During a chat with Darius, you compare the cost of the fines to the benefit for the MechWarriors and decide it's worth it.
1	Details	[¢20,000]
1	Details	"You have to clear changes like this before you start, [[TGT_MW,{TGT_MW.Callsign}]]. You know that we don't <i>own</i> this Leopard, right?"

"Well?" {TGT_MW.SUBJ} {TGT_MW.Gender?NonBinary:look|Default:looks} at you expectantly. "Can I?"

"No! We'll be fined more than your monthly paycheck. So unless you want the XO garnishing your wages for a year, you'll rebuild this wall."

{TGT_MW.Callsign} tries to read your expression for a moment, and then sighs. "Alright, alright, Commander. Maybe someday we can get a ship with fewer strings attached."
1	Details	You look over [[TGT_MW,{TGT_MW.Callsign}]]'s work. "This is a temporary change, yes?"

{TGT_MW.Callsign} blinks and quickly nods. "Yes, Commander. You say the word, and I can have this back the way it was in… ninety minutes. One-twenty tops. Good as new."

You nod. "Good. Carry on. However, in the future, you will get sign-off before you start anything like this again. Are we clear?"

"Yes, Commander," {TGT_MW.SUBJ} {TGT_MW.Gender?NonBinary:say|Default:says}.
1	Details	"Make way," you say, pushing past the MechWarriors to get to the coffee pot. There's just enough coffee to fill your cup. You turn around and take a sip.

The coffee is terrible, but you're committed now. As they watch you, [[TGT_MW,{TGT_MW.Callsign}]] makes a face and [[SCN_MW,{SCN_MW.Callsign}]] heaves a sigh.

"Don't pout," you chastise. "If you bring back your 'Mech with all its limbs intact, we'll have plenty of C-Bills for more coffee. Now get to your bunks and get your heads in the game."

After they leave, Sumire stares forlornly at the empty pot. "Excuse me while I go discuss shopping priorities with Darius."
1	Details	Exasperated, you squeeze your way past them into the galley and take two cups. Pouring the coffee equally into both, you say, "If you can't act like adults, we'll have to resolve this like you're children."

You hand one cup to [[TGT_MW,{TGT_MW.Callsign}]] and one to [[SCN_MW,{SCN_MW.Callsign}]]. "Drink up. The next time I send you planet-side, I expect you to make every single shot."

After they leave, Sumire sighs as she stares at the empty pot. "That better have been worth it. Now excuse me while I go discuss shopping priorities with Darius."
1	Details	On your way to the Leopard's galley, you run into Sumire heading the same way. "Commander, it has been a <i>long</i> week. I know I can't make more hours in the day, but I can make more coffee!"

When you enter the cramped galley, you find [[TGT_MW,{TGT_MW.Callsign}]] and [[SCN_MW,{SCN_MW.Callsign}]] in a tense stand-off in front of a nearly empty coffee pot.

{TGT_MW.Callsign} sees you. "Commander, this is the last of the coffee! The XO says we won't have any more until the next supply run."

{SCN_MW.Callsign} shoves {SCN_MW.DET} way forward. "I got here first, and {TGT_MW.SUBJ} almost stole it while I was looking for my favorite mug."
1	Details	Darius jabs a finger at [[TGT_MW,{TGT_MW.Callsign}]], who sits sulking in a makeshift brig. "Yang caught this one sneaking through the <i>Argo</i>'s ventral airlock last night. From the <i>outside</i>."

{TGT_MW.Callsign} averts {TGT_MW.DET} gaze.

"Apparently, {TGT_MW.SUBJ} managed to jimmy the door open without alerting anyone." The XO's lip curls into an angry frown. "How about it, MechWarrior? Care to explain why you took an unauthorized [[DM.BaseDescriptionDefs[LoreEVA],EVA]]?"

{TGT_MW.Callsign} sighs. "I just had to, Commander." {TGT_MW.SUBJ_C} {TGT_MW.Gender?NonBinary:search|Default:searches} your face for a reaction. "It's so peaceful out there—floating free, just me and the stars. No explosions, no sweltering cockpit. Just calm and quiet."

Darius shoots you a sidelong glance. "This little stunt could've gone wrong in a hundred different ways. Chuckles here is lucky {TGT_MW.SUBJ} didn't get anyone killed. How do you think we should handle it?"
1	Details	"Negotiating in a hallway is not how this is done, [[SCN_MW,{SCN_MW.Callsign}]]," you say. "Lucky for you, I was just going over the budget with Darius and I think we can allocate a few more C-Bills to MechWarrior payroll this month. <i>Only</i> this month."

{SCN_MW.Callsign} nods in grim satisfaction and [[TGT_MW,{TGT_MW.Callsign}]] looks pleasantly surprised.
1	Details	"Negotiating in a hallway is not how this is done, [[SCN_MW,{SCN_MW.Callsign}]]," you say. "Lucky for you, I was just going over the budget with Darius and I think we can re-allocate a few C-Bills in your direction."

{SCN_MW.Callsign} nods in grim satisfaction and [[TGT_MW,{TGT_MW.Callsign}]] looks pleasantly surprised.

Later in the week, however, news of the good fortune of the two MechWarriors ripples through the barracks. They have not been quiet, and now it's clear that you've just borrowed more trouble.
1	Details	"Negotiating in a hallway is not how this is done, [[SCN_MW,{SCN_MW.Callsign}]]," you say. "Lucky for you, I was just going over the budget with Darius and I think we can re-allocate a few C-Bills in your direction." You look at [[TGT_MW,{TGT_MW.Callsign}]]. "Both of your directions."

{SCN_MW.Callsign} nods in grim satisfaction and {TGT_MW.Callsign} looks pleasantly surprised.
1	Details	"Negotiating in a hallway is not how this is done, [[SCN_MW,{SCN_MW.Callsign}]]," you say.  "Lucky for you, I was just going over the budget with Darius and I think we can allocate a few more C-Bills to MechWarrior payroll this month. <i>Only</i> this month."

{SCN_MW.Callsign} nods in grim satisfaction and [[TGT_MW,{TGT_MW.Callsign}]] looks pleasantly surprised.

Later in the week, after the announcement has been made, {SCN_MW.Callsign} goes so far as to take credit for it and basks in the gratitude from {SCN_MW.DET} fellow MechWarriors.
1	Details	[[TGT_MW,{TGT_MW.Callsign}]] arrives at your quarters, looking for some advice.

What had started as a competitive training exercise in the Training Module has since evolved into a shipwide tournament, with mixed Lances of MechWarriors and other crew. {TGT_MW.Callsign} and [[SCN_MW,{SCN_MW.Callsign}]] have been competing together.

"But Commander, {SCN_MW.Callsign} hasn't been pulling {SCN_MW.Det} weight, and my other two teammates are looking to me, as Lance captain, to do something about it. I'm feeling a bit stuck here. What should I do?"
1	Details	Even before you enter the mess hall you can hear the palpable buzz of grumbling.  [[TGT_MW,{TGT_MW.Callsign}]]'s voice rises above the clamor.

"Radishes? <i>Radishes</i>?! I swear, if I ever see another radish on my plate, I'm going to jump out an airlock and hope the next DropShip to come along has a better cook!"

The echo of agreement that follows suggests a rising disenchantment with the mess hall's current menu.
1	Details	"Negotiating in a hallway is not how this is done, [[SCN_MW,{SCN_MW.Callsign}]]," you say.  "Lucky for you, I was just going over the budget with Darius and I think we find a way to give everyone a one-time bonus."

The two MechWarriors recover from their initial surprise and thank you for your generosity.

Later that day, Darius does not have the same reaction. "Commander, I know morale is a bit low right now, but we can't spend our way out of this problem every time. They're going to eventually expect changes like this to become permanent…"
1	Details	"Yes, Commander?" [[TGT_MW,{TGT_MW.Callsign}]] knocks and enters your office.

You offer {TGT_MW.OBJ} a seat. "A research company here in {TGT_SYSTEM.Name} requests a seasoned MechWarrior to do some testing at one of their facilities for two weeks. I'd like to send you."

{TGT_MW.Callsign}'s expression never changes . "I'd rather not, Commander. To be honest, that sounds really dull."

"The perils of being a senior pilot, {TGT_MW.Callsign}. I know you'll do your job even if you don't like it. Consider it training for having your own command someday."
1	Details	"Yes, Commander?" [[TGT_MW,{TGT_MW.Callsign}]] knocks and enters your office.

You offer {TGT_MW.OBJ} a seat. "A research company here in {TGT_SYSTEM.Name} requests a seasoned MechWarrior to do some testing at one of their facilities for two weeks. I'd like to send you."

{TGT_MW.Callsign} salutes and says seriously, "I'd be honored, Commander. You can rely on me."
1	Details	"Yes, Commander?" [[TGT_MW,{TGT_MW.Callsign}]] knocks and enters your office.

You offer {TGT_MW.OBJ} a seat. "A research company here in {TGT_SYSTEM.Name} has requested a seasoned MechWarrior to do some testing at one of their facilities for two weeks. I'd like to send you."

{TGT_MW.Callsign} grins. "I go where you send me, Commander."
1	Details	Later that week, in the daily briefing, Darius delivers an update. "I'm just going to read this aloud. <i>'[[SCN_MW,{SCN_MW.Callsign}]] is professional, engaged, and stands alone as the single best tester we've ever had. {SCN_MW.Subj_C} not only helped us tune our instruments, but also suggested better testing techniques and procedures.'</i> They even threw in some extra C-Bills for the additional help."

"When {SCN_MW.Callsign} volunteered, I didn't expect much," Yang offers. "You made a good call, Boss."
1	Details	"I'm not going to be negotiated with in a hallway, [[SCN_MW,{SCN_MW.Callsign}]]. We'll review our finances at the end of the month, like we always do."

[[TGT_MW,{TGT_MW.Callsign}]] puts a hand on the other MechWarrior's shoulder, silencing whatever unwise thought was working its way through {SCN_MW.Callsign}'s head to {SCN_MW.DET} mouth.

Satisfied that this discussion is over, you continue down the hallway and they make way for you. You call back over your shoulder, "Prove yourself on the battlefield. That's how you get paid."
1	Details	It's been a long day of arguing with Darius about dwindling supplies and you're finally on your way back to your quarters.

Around the bend of the corridor you hear a sudden exclamation: "They pay their MechWarriors <i>how much</i>?!" This is immediately followed by an urgent shushing.

Just then [[TGT_MW,{TGT_MW.Callsign}]] and [[SCN_MW,{SCN_MW.Callsign}]] come around the corner and see you. {TGT_MW.Callsign} looks abashed, but {SCN_MW.Callsign} sticks out {SCN_MW.DET} chin. "Commander, we need a raise!"
1	Details	Later that week, in the daily briefing, Darius delivers an update. "I'm just going to read this aloud, so you can appreciate their… tone. <i>'Thank you for trying to help us with testing, but [[SCN_MW,{SCN_MW.Callsign}]] has not fit in with our team. {SCN_MW.Subj_C} not only insulted our researchers, but has also refused to take part in some of the testing, and in one case actually broke our equipment.'</i> And that, by the way, is why they're not paying us."

Sumire shrugs. "Look on the bright side, at least {SCN_MW.Callsign} will be back soon. A few days, tops."

Yang chuckles. "And that's a <i>good</i> thing?"
1	Details	[[TGT_MW,{TGT_MW.Callsign}]] nods. "You're right, I just couldn't bring myself to do it. I suppose leadership requires tough decisions like this."

Later that week, you visit the Training room and check the leaderboards. {TGT_MW.Callsign}'s Lance has fallen in the standings.

{TGT_MW.Subj_C} {TGT_MW.Gender?NonBinary:walk|Default:walks} up behind you. "I may have to do that again. Next time, remind me to get a replacement who's actually an improvement."
1	Details	You clench a fist. "Thank you, Darius. I want to see {TGT_MW.Obj}, to say goodbye. {TGT_MW.Subj_C} {TGT_MW.Gender?NonBinary:deserve|Default:deserves} that."

Darius accompanies you to the MedBay, where you take a seat beside the MechWarrior's bed and wait. After a few hours, other MechWarriors look in, sigh, and move on. An hour after that, [[TGT_MW,{TGT_MW.Callsign}]]'s shallow breathing deepens and {TGT_MW.Det} vital signs start to improve. Darius returns, summoned by a MedTech.

"You might as well rest now, Commander. {TGT_MW.Gender?Male:He's|Female:She's|NonBinary:They've} made it through this crisis. With luck there won't be another one."
1	Details	You sit down heavily in your chair. "All right. Thank you, Darius. I'll put together what I need to record a message for {TGT_MW.Det} next of kin. Perhaps something to say to the crew."

After a few hours, Darius returns, a weak smile peeking through his tired face. "[[TGT_MW,{TGT_MW.Callsign}]]'s vital signs have started to improve, Commander. {TGT_MW.Gender?Male:He's|Female:She's|NonBinary:They've} made it through this crisis. With luck there won't be another one."
1	Details	You sit down heavily in your chair. "All right. Thank you, Darius. I'll put together what I need to record a message for {TGT_MW.Det} next of kin. Perhaps something to say to the crew."

Late the next afternoon, Darius arrives at your quarters with the bad news. "[[TGT_MW,{TGT_MW.Callsign}]] has died. I'm sorry, Commander."

Looking down at the words you've written, they seem wholly inadequate. But you know that the MechWarriors will appreciate hearing something from their Commander. A reminder that the passing of a life will not go unnoticed.
1	Details	You clench a fist. "Thank you, Darius. I want to see {TGT_MW.Obj}, to say goodbye. {TGT_MW.Subj_C} {TGT_MW.Gender?NonBinary:deserve|Default:deserves} that."

Darius accompanies you to the MedBay, where you take a seat beside the MechWarrior's bed and wait. After a few hours, other MechWarriors look in, sigh, and move on. An hour after that, [[TGT_MW,{TGT_MW.Callsign}]]'s shallow breathing stops. Darius returns, summoned by a MedTech.

"You might as well rest now, Commander. You did what you could. When you wake, you can record the message for {TGT_MW.Det} next of kin."
1	Details	"That's bullshit," you snap at Darius. "We have every damn fancy machine in the Periphery in that Hospital Bay of ours. I refuse to accept that [[TGT_MW,{TGT_MW.Callsign}]] will die."

"Commander…" begins Darius, before stopping himself. He follows you as you stalk over to the Hospital Bay, where you yell at the MedTechs, yell at {TGT_MW.Callsign}, and generally clarify that death is not an option. The stressed MedTechs scurry around trying every risky solution they can think of.

A few hours after you arrive, {TGT_MW.Det} vital signs improve markedly. Just as exhausted as the MedBay staff, you allow Darius to shoo you off to rest. Another battle won.
1	Details	"That's bullshit," you snap at Darius. "I'm going over there. [[TGT_MW,{TGT_MW.Callsign}]] is too important to just write off like that."

"Commander…" begins Darius, before stopping himself. He follows you as you stalk over to the MedBay, where you yell at the MedTechs, yell at {TGT_MW.Callsign}, and generally clarify that death is not an option. The stressed MedTechs scurry around trying every risky solution they can think of.

A few hours later, however, {TGT_MW.Det} vital signs continue to decline, and finally {TGT_MW.Det} shallow breathing stops.

Darius puts a hand on your shoulder. "You did what you could, Commander. Everyone did. You should get some rest now."
1	Details	"That's bullshit," you snap at Darius. "I'm going over there. [[TGT_MW,{TGT_MW.Callsign}]] is too important to just write off like that."

"Commander…" begins Darius, before stopping himself. He follows you as you stalk over to the MedBay, where you yell at the MedTechs, yell at {TGT_MW.Callsign}, and generally clarify that death is not an option. The stressed MedTechs scurry around trying every risky solution they can think of.

A few hours after you arrive, {TGT_MW.Det} vital signs improve markedly. Just as exhausted as the MedBay staff, you allow Darius to shoo you off to rest. Another battle won.
1	Details	[[TGT_MW,{TGT_MW.Callsign}]] nods. "You're right. Now's the time for everyone to step up."

Later that week, you visit the Training room and check the leaderboards. {TGT_MW.Callsign}'s Lance has fallen in the standings.

[[SCN_MW,{SCN_MW.Callsign}]] walks up behind you. "Commander, I know you encouraged {TGT_MW.Callsign} to keep me around. I feel bad that I let {TGT_MW.Obj} down, but I think that I need the life-or-death adrenaline from a <i>real</i> battlefield. Anyway, please know that I won't let <i>you</i> down… not when it counts, anyway."
1	Details	Later that week, you visit the Training room and check the leaderboards. [[TGT_MW,{TGT_MW.Callsign}]]'s Lance has fallen to the bottom of the standings.

The current match finishes and {TGT_MW.Callsign} emerges from one set of pods and immediately charges over to confront [[SCN_MW,{SCN_MW.Callsign}]] who has emerged from the other team's pods. Taunting, recriminations and accusations ripple through the entire room.
1	Details	[[TGT_MW,{TGT_MW.Callsign}]] nods. "You're right, I just couldn't bring myself to do it. I suppose that leadership requires tough decisions like this."

Later that week, you visit the Training room and check the leaderboards. {TGT_MW.Callsign}'s Lance has risen in the standings.

{TGT_MW.Subj_C} {TGT_MW.Gender?NonBinary:walk|Default:walks} up behind you. "Thanks for the advice… I just wish I'd done it sooner. We might've made it into the finals. Maybe next season, though."
1	Details	[[TGT_MW,{TGT_MW.Callsign}]] nods. "You're right. Now's the time for everyone to step up."

Later that week, you visit the Training room and check the leaderboards. {TGT_MW.Callsign}'s Lance has risen in the standings.

{TGT_MW.Subj_C} {TGT_MW.Gender?NonBinary:walk|Default:walks} up behind you. "Thanks for the advice. I just wish I'd challenged the team even sooner… we may have made it into the finals. But next season we've got this, for sure."
1	Details	Later that week, you visit the Training room and check the leaderboards. [[TGT_MW,{TGT_MW.Callsign}]]'s Lance has risen to the top of the standings.

The current match ends. A grinning {TGT_MW.Callsign} exits from one pod and pounds another, from which [[SCN_MW,{SCN_MW.Callsign}]] emerges in triumph. Cheers and congratulations ripple through the entire room.
1	Details	You study the MechWarrior. "I'll bet that you already know what to do."

[[TGT_MW,{TGT_MW.Callsign}]] hesitates. "Well, I have some ideas, but… I suppose I should step up as captain. All right. I'll bring this team together!"

Later that week, you visit the Training room and check the leaderboards. {TGT_MW.Callsign}'s Lance has risen in the standings.

{TGT_MW.Subj_C} {TGT_MW.Gender?NonBinary:walk|Default:walks} up behind you. "Thanks for the advice. I wish I'd stepped up to my responsibilities earlier, we may have made it to the finals. Maybe next season."
1	Details	Later that week, you visit the Training room and check the leaderboards. [[TGT_MW,{TGT_MW.Callsign}]]'s Lance has risen to the top of the standings.

The current match finishes and a grinning {TGT_MW.Callsign} exits from one pod and pounds on the adjacent pod. [[SCN_MW,{SCN_MW.Callsign}]] emerges, laughing. Cheers and congratulations ripple through the entire room.
1	Details	[[TGT_MW,{TGT_MW.Callsign}]] considers for a moment, then reluctantly nods and leaves your quarters.

Later that week, you find [[SCN_MW,{SCN_MW.Callsign}]] arguing with {TGT_MW.OBJ} in the mess over the misdirected letter and {TGT_MW.Callsign}'s apparent dishonesty. They're both upset about what happened, and everyone else in the mess is carefully looking at their own plates.

At the sight of you, {SCN_MW.Callsign} says, "Forget it," and stomps off.
1	Details	Zachary Shiseo-Yen grew up as the foster son of his father's commanding officer in the Draconis Combine. He was one of many. Along with his foster brothers, he was enrolled in a special institute set up for the orphaned offspring of the Arm of the Dragon, and taught that the only way to avenge his loss was with blood. He did not question, for it was all he knew.

As an infantryman deployed in support of BattleMech units, he displayed an unusual tenacity that earned the personal attention of one of the senior 'Mech pilots. Over the course of the following decade, the bond between the young soldier and the elder pilot grew, and as the MechWarrior was transferred between assignments, he made sure to bring his favorite foot soldier with him.

In time, at his mentor's request, Zachary was removed from the front lines and made the MechWarrior's personal aide and technician. He learned a great deal in this time, absorbing not only his mentor's piloting wisdom, but his jaded attitude about life in the Draconis Combine.

And then, one day, his mentor died. It wasn't even an honorable death in battle, but in his sleep. While the death was declared to be heart failure, cohort opinion turned against Zachary. When his celebrated mentor had lived, nobody had dared express their jealousy over his status, but now that he was gone, that jealousy became suspicion and then outright accusations of murder.

As Zachary was trying to decide how to defend his honor and cope with his grief, he discovered a final message from his mentor ordering him to flee the Combine to find a new life. Zachary chose to obey that final order. Now he wanders the Periphery, putting to use everything he learned at his mentor's side, and hoping to once again find a place where he is valued.


1	Details	Thomas Hayes, the son of teachers, was raised on the Vagabond School the <i>Sorbonne</i>, in the Federated Suns. Far better educated than the school's students, he was pressed into service early as a tutor, sometimes to children notably older than him. He was good at it, and initially had no higher ambition than following in his parents footsteps. But they wanted him off the poorly maintained JumpShip and as soon as he was old enough, they used all the credit they'd earned serving on the <i>Sorbonne</i> to get him into a military academy.

He couldn't not do well at the academic part of the curriculum, and he was found adequate at the less intellectual parts of the training as well. After he graduated, he was offered a commission as a navigator, but turned it down to return to academia. He spent several years earning an advanced degree in military history, which gave him an uncomfortable familiarity with the slow decline of civilization in the face of constant warfare.

When a round of conscriptions started, he was ordered back to service, and placed in a BattleMech. He did his duty, but he was a little too aware of the big picture for his superiors' comfort. As soon as a potential peace loomed on the horizon, he was mustered out. To avoid a repeat conscription when war inevitably began again, he headed out to the Periphery, where he found work as a mercenary pilot to pay the bills while he worked on a book about the Third Succession War.


1	Details	Donovan Gerhard was born on Hardisey's Haven in the Circinus Federation. The youngest son of a teacher and a Circinus DropShip captain, he was an explorer from his earliest days. Before he was ten, he was camping alone in the wilderness near his small town, and taking apart household appliances to see how they worked. Yes, he got lost; yes, sometimes the appliances never worked again. The important thing was that now he knew.

In secondary school, he wondered what would happen if he started an AgroMech racing league. He found out - and was suspended. He wondered what would happen if he provoked others who quailed at challenges. He found out - and came in third instead of first. After he graduated, having thoroughly explored his small town and the local spaceport, he headed to Circinus. Based on his father's wary endorsement, he was accepted into the Black Warriors as a MechTech. He then promptly wondered what would happen if a MechTech went along on a raid. He found out - and got to pose as ground crew to steal a 'Mech.

His commanding officer appreciated his fearless willingness to stick his nose into anything... most of the time. He brought 'Mechs home to Circinus without any interest in keeping them, which made up for the trouble he got into. But one day he stumbled into his commander's personal life. That abruptly ended his career with the Black Warriors, and he left the Circinus Federation with a bounty on his head and an enthusiastic interest in seeing the rest of the universe. Now he gets by taking what mercenary work he can, especially work that lets him see new things.


1	Details	The son of a renowned Davion diplomat, Phaelon Halder spent his early childhood traveling with his mother as she went on the many missions created by the Third Succession War. He grew up steeped in intrigue and court drama, and learned early to confound those who were willing use children to get an edge in their negotiations.

When he was old enough, he was sent to the New Avalon Institute of Science, where he was enrolled in both the College of Military Science and the elite College of Finance. Once he graduated, he went onto the position waiting for him at the Ministry of Ways and Means.

However, five years into his ten year contract, he realized that if he spent any more time at a desk job there would be 'an unhappy Incident even Mother couldn't smooth over'. To forestall this, he manipulated his supervisor into terminating his contract. Then he promptly bought his way into a Davion-aligned mercenary company, where he enjoyed himself thoroughly until the Third Succession War ended.

When his unit was disbanded, he was still unready to settle down. He headed out to the Periphery where there was still plenty of mercenary work to be found. He stays in regular contact with his family, and will certainly return home again if there is ever a real need for him. Meanwhile, he continues to pursue the adventurous lifestyle.


1	Details	Llana Huxley was raised to be loyal to her planet of New Hessen, rather the the Capellan Confederation that claimed it. Her wealthy father was a 'Mech enthusiast who volunteered his own BattleMech for local militia use. From age 8 she rode with him in the cockpit, becoming an informal mascot for the militia. But as she grew, her role as mascot worked against her. She wanted to be taken seriously as a future leader of the militia, but despite their affection, her seniors gave her no credit for actual ability.

So Llana tried to prove herself through enlistment. But her first deployment was more than she bargained for, and a part of her simply broke. During what she would later recall as the darkest time of her life, Llana joined other deserters from her unit on an interplanetary crime spree. It wasn't until her father personally tracked her down and confronted her that she started coming to terms with what she'd done and what she was willing to do.

She wanted to turn herself in to her original unit, but her father convinced her to come home again instead. She no longer had a legal identity in the Capellan Confederation, but her father's militia welcomed her anyhow. Once again she sat in the cockpit of a 'Mech, defending the home she loved — all the way up until her father died. Then the lawyers came for her father's 'Mech, and her continued existence was discovered. Once again, she wanted to stay and face her fate, but the militia members who had watched her grow up couldn't bear it, and forced her to flee her home. Now she wanders the Periphery, taking mercenary jobs and hoping to one day put together her own company that she can lead back to the defense of New Hessen.


1	Details	"Crime doesn't pay, Teo Navarro", said his Mama. "You just keep your head down and work hard and be glad we're in the Federated Suns and not in any of those other places." Crime doesn't pay... except when it does. Crime paid for his Mama's heart surgery and his little sisters' schooling. Crime put food on the table when Mama couldn't get enough work and basic benefits were cut once again so the military could build yet more war machines.

Crime does pay... until you get caught. And even then, the House Davion military industrial complex wanted to <i>recruit</i> him, not punish him. That was what the Third Succession War had driven proud House Davion to.

He wanted to spit in their faces and accept the execution they offered him as an alternative. But would the criminal organization continue to take care of his family if he died for them? Sometimes they did, and sometimes they didn't. Best, he decided, was to <i>appear</i> to die. To do what the Federated Suns asked him to do.

So he did, for a while. He tracked and brokered and assassinated. Until Mama died anyhow, at the bottom of an endless waiting list for another surgery. He walked away that night, collected his two youngest sisters and his orphaned nieces, and took them all out to the Periphery, away from the corrupt, treacherous Inner Sphere. Now, they live someplace safe. He still sends them most of the money he makes as a mercenary, and his kit is covered in photos of his family. The older ones are somber, but the younger ones smile. Mama would, finally, be proud.


1	Details	The Steiner-affiliated mercenary unit that raised Aaron Morrow told him his parents had died heroes. It wasn't until he was older that he learned they wouldn't have had to die heroes if House Steiner had sent the reinforcements they'd promised. It was at the same time he learned about the elaborate, long-term revenge ploy his commander had been pursuing.

Young Aaron had already been on half a dozen missions at this point. He was involved romantically with an LCAF regular. When he learned that the Steiner had betrayed his unit and his family, and that in return, years later, his unit was about to betray House Steiner — well, some young men might have chosen revenge. Others might have chosen love. Aaron Morrow, torn between his heart and his history, chose neither. He warned his lover what was planned, explained why, and walked away.

In the Periphery, he continues performing the only trade he knows. He travels light, his only valuable possession a wrecked SLDF neurohelmet his lover gave him right before he left. He keeps it, he says, to remember the past.


1	Details	Marcus Dubroski grew up on the streets of Cluff's Stand. While he didn't always get enough to eat, he managed to find ways to make himself useful to local tradesmen who wanted him to have a future. They clubbed together to send him to the best technical school in the system.

He graduated with honors but even that can't create opportunities out of thin air. Without any other options, he enlisted in the planetary military. Unfortunately, he enlisted approximately one year before the entire military organization collapsed due to lack of payroll. Markus stole a truck full of hardware, sold it via a friend on the streets, and headed off-planet to Solaris VII. There he signed up for an apprenticeship at a stable with openings, went through comprehensive training with other rookies, and survived his first public bout.

He soon realized that he wasn't a fan of people cheering when he lost. As soon as he paid off his training debt, he moved on from Solaris VII to the Periphery, where he now makes a living as a mercenary. He makes friends easily and finally seems content with the life he's made for himself.


1	Details	Alioth is a scion of a deposed Outworld Alliance noble house, or possibly the youngest son of a Periphery crime lord, or a war orphan created by a border skirmish. The story changes each time he tells it. Some digging reveals a surname of Liadar, but he never uses it. Nor will he say the name of the planet his noble family ruled, for he vowed to forget in exchange for his freedom.

He is broadly educated, with several general tech certifications that promise he's unlikely to break things. He can pilot small shuttles and aircraft as well as a 'Mech. He's comfortable in low gravity. He has dozens of stories about his time as an assassin for varying Periphery powers. And he has an uncanny knack for showing up unexpectedly, usually right behind somebody talking about him. It's just possible that everything he claims is true. But is it likely?


1	Details	James Adalwulf started life as a farmboy in the Lyran Commonwealth. He grew up in a close and loving family, spending time with nature and animals. As he matured, he began to feel the pressures of the endless Third Succession War, and joined the military to defend his home and people.

After enlistment and basic training, James was assigned to a ship's crew for his first tour. While serving as a crewman, he developed a reputation inspired by his quiet nature and firm manner that made him a shoo-in when the LCAF was looking to replenish its supply of special operatives. Shortly after starting service in spec ops, he fell in love with one of his support team.

As soon as his tour ended, he mustered out of the LCAF along with his new spouse, and the two of them settled down in the same place that he'd grown up. For all too short a time, he enjoyed a renewal of that close family life in a peaceful agricultural region. But then the war he'd thought he left behind found him once again. While traveling on farm business, his small town was caught in-between raiders and Lyran defenders. His entire family was wiped out.

James had kept in touch with all of his old military friends and contacts. He could have called on any of them. But it was too late for his family, too late for his faith in House Steiner, and probably too late for him. All he had left was revenge, and the only way he knew to get it was to join a mercenary company and keep his eyes sharp for justice.


1	Details	Todd Stevenson grew up in his father's shipping fleet on the edge of the Free Worlds League, learning how to shine up old tech so it looked — and hopefully worked — like new. He also learned the importance of making sure you always got something out of every deal. When a government crackdown confiscated his father's fleet in lieu of back taxes, and his father simply accepted it, Todd rebelled.

Stealing one of his father's ships, he continued trading, now doing smuggling for the black market. Fearless and boastful, he accepted all the riskiest runs — and on one of them, he struck gold. On a moon well off established trade routes, he found a derelict military DropShip, with several trashed BattleMechs in the bay. He spent several years piecing together the equipment and learning how to use it. A number of ill-advised decisions during that time meant that eventually a coalition of dissatisfied customers tracked him down — and he was only able to buy his life with his makeshift 'Mech. And the way he tells it, it almost certainly fell apart the first time somebody other than him tried to fire its weapons.

His reputation as a black market trader in shreds, he made his way to the Periphery, to look for whatever work he could get. He now gets work as a junior MechTech or a 'Mech pilot, whichever his employers need. His equipment is always very, <i>very</i> shiny.


1	Details	A good father always wants his son to live his own life, not repeat his father's mistakes. But Jeremy Bloodstone couldn't bear to send his infant son away after his wife died. The child grew to adolescence under the watchful eye of his father's mercenary company, permanently stationed on The Edge, in service to the Lyran Commonwealth.

Finally, when young Jeremiah was 15, and talking about formally joining his father's unit, the elder Bloodstone did what he knew he should have done years ago. He sent his son away, spending his life savings to enroll him in the Blackjack School of Conflict and qualify him for a commission in the LCAF.

Jeremiah excelled at Blackjack, bonding easily with his fellow cadets, many of whom came from similar circumstances. His quick wit, humor and love of practical jokes earned him the nickname 'Jester' amongst friends. Upon graduation, Jeremiah earned his commission and was assigned to oversee the training of green units on Hesperus II, the site of Defiance Industries.

Eventually, he saw real combat when the Free Worlds League attacked Hesperus II. His unit successfully repelled the invasion and, as a reward, he was transferred to a BattleMech unit. He continued serving for another five years, until he received word that his father had been killed in action, still on assignment on The Edge. His father's company, the family that had raised him, had been scattered and killed.

As soon as his tour was up, he left the LCAF and headed first to The Edge, and then to the Periphery, tracking down what remained of his father's company. He hopes to one day bring them back together again under a new banner, and meanwhile, he works and networks, just like his father did before he built his own company.


1	Details	The Godfrey family was once originally a cadet branch of a ruling Federated Suns family, but before Joshua Godfrey's birth, they emigrated to the Capellan Confederation and purchased citizenship and Sheng titles there. Joshua, as the pampered youngest son of a large family, was gently guided through all childhood challenges, and encouraged to find something he enjoyed that would support the rest of the family in their political and business affairs.

While he was at Sian University, though, tragedy struck. A decades-old grudge had resurfaced to punish his family for their defection from the Federated Suns. While the culprit was an old business rival and the ultimate motivation financial gain, the damage was the same. Joshua's parents and eldest siblings were all assassinated in a single horrifying week - and the Liao would make no response except polite sounds of commiseration.

Against the advice - and pleadings - of his remaining brother and sister, Joshua left the university before graduation. Recalling a childhood fascination with BattleMechs, he traveled to the Periphery to find an apprenticeship as a MechWarrior. He fully intends on learning the ins and outs of the mercenary trade, and then leading a command of his own home again, there to defend what remains of his family.


1	Details	Whitney was born into a Taurian military family with roots stretching back to the Reunification War. The tradition of serving as a MechWarrior was long a part of Whitney's family, but although traditions lingered, the family had since drifted into poverty and obscurity. Perhaps because of this, Whitney chose a military life out of family loyalty, not her duty as a Concordat citizen.

She enrolled in the Taurian École Militaire on Taurus and, despite some challenges related to her small size and bookishness, she immediately gravitated toward 'Mech combat. While examinations showed deficiencies in CQC, she displayed an aptitude for long-range and hit-and-run engagements. These earned her the moniker of 'Whisper' for her knack of striking from unexpected directions.

Upon graduation and being commissioned at 20, she served in a regular line regiment as a Cornet for three years. Despite seeing action in repelling Canopian raiders and pirates, her term of service was less eventful than she had hoped - and news from home was growing more concerning. Desiring something more for her family's sake, she left her post with one goal in mind - a career as a mercenary.


1	Details	Aidan McRae was the only child of the commander of a Davion mercenary unit assigned to monitor Mendham Electronics after it was liberated from the Capellan Confederation. His mother was only a minor noble, but during the time her company was under contract to House Davion, they were one of the wealthiest families on Mendham. Aidan received every advantage in education and training, including attending a prestigious military academy, before returning to his mother's house to take his place in the BattleMech that had been reserved for him since birth.

Unfortunately, that BattleMech belonged to House Davion, just like much of the company equipment. And unfortunately, Aidan's mother had no income stream other than her mercenary contract, and a decided taste for living in the style of her noble childhood. All would have been well if the Mendham contract had continued past the company's probationary period. It might still have been well if House Davion hadn't formed an alliance with House Steiner. But alas, Mendham Electronics was deemed trustworthy, and peace broke out, and so the McRae mercenary company that was to be Aidan's inheritance was scattered.

But peace never lasts forever. There's always somebody, somewhere, looking for mercenaries. While Aidan's mother remains in her new, much smaller home in the Federated Suns, Aidan travels the Periphery, working, networking, and saving money, so that one day the Sons of Grace might rise again.


1	Details	Duncan Bronski claims he was born an old man. The son of working class parents in the Duchy of Oriente while it was still part of the Free Worlds League, he grew up knowing the value of hard, skilled work. He earned excellent marks in his primary schooling, and his references all commented on his maturity and responsibility. Despite this, he was refused entrance to the Princefield Military Academy. His family, his planet, his entire Duchy lacked the status to compel Princefield to accept him. Hard work was valuable, but not to the elite.

In retaliation, he anonymously drew caricatures of many of the figures associated with the school that had rejected him, and the local net went wild over them. When offended nobles started sending investigators to find out who had mocked them, Duncan quickly enlisted, reasoning correctly that it was the best place to hide in plain sight.

In basic training, nobody cared about his cartoons as long as he did as ordered. They cared even less when he volunteered for anti-'Mech and insurgency training. Once again, he was in a place where hard work mattered, and soon he was assigned to SAFE, the Free Worlds League intelligence arm. They found his artistic skills and the keen perception that went with them quite useful. He did not, of course, make a name for himself, because his work was never signed, but even after he was injured and transferred back home again, some of his cartoons were used as an unofficial currency among the members of the Analysis Branch.

He remained on his home planet until it was attacked and annexed by the Capellan Confederation. After escaping the invasion with his family and seeing them resettled elsewhere in the Duchy, he made his way to Galatea to earn a living as a mercenary. He still draws his cartoons, still never signs them, but the junior pilots and crew who receive one after a blunder know exactly who they come from and, if they're smart, they treasure them.


1	Details	Chris Winzar's mother cleaned the houses of the rich on Chara III while Chris played in the back streets nearby. Richer children went to private schools, while he struggled to keep his place in a rundown two-room public schoolhouse. And eventually, they went off to lucrative jobs, while he stayed at home to take care of an increasingly ill mother, reading her books. After she died in their leaking apartment, he enlisted the next day. It was the only way off Chara III for him, and the only way he could make sure his future children would have a better childhood than he did.

After basic training, he served a five-year tour at Hesperus II, where almost anybody could get cockpit experience in a BattleMech. After his tour was over, he left the LCAF and headed to Solaris VII, hoping, as so many hoped, to do well enough that he could build up a nest egg for a brighter future.

He landed on his feet on Solaris with Lion City Stables. They treated him well, but while his skills were adequate to keep him alive, he didn't have the personality to shine. After several years, his manager advised him to give up on Solaris while he still could. He was advised to head out to the Periphery where he would do well as a mercenary. His manager even provided him with a list of companies to try to join, and a letter of recommendation that spoke highly of his even temperament and marksman skills.


1	Details	Lantalia Metke was the eldest child of one of the Counts of Galax, in the Federated Suns. She was a bright, but deeply withdrawn child. After a standard battery of psychological testing indicated a need for medical intervention, she was sent to New Avalon and her younger brother replaced her in the stressful position of Metke heir.

While she was primarily on New Avalon for assistance with her gender transition, the early treatment encouraged her to overcome her withdrawal and soon she found a place as the protege of a noted AI researcher. After graduating from her academy early, she chose to return to Galax to do avionics development for Boeing and was assigned to a roaming DropShip recovery team.

When her team was attacked while on assignment, she was the only survivor, and dying of dehydration herself when a mercenary company boarded the drifting ship and rescued her. After bonding with the mercenaries, she decided to stay with them for a while. They trained her as a backup pilot. Unfortunately, when a crisis came that required her skills, she alone was not enough to save the day. While the civilians her company was defending survived, her friends did not.

Now she drifts around the Periphery, intermittently working as a mercenary pilot. She has an invitation to work at the New Avalon Institute of Science with her mentor, a standing offer from Boeing to work for them again, and a family that misses her. But she has lost two crews, two sets of friends, and she is not yet sure what she's ready to lose next.


1	Details	The pilot called Christoph Nick came from... somewhere. Everybody comes from somewhere, after all. And the people he spent most of his time working with were particularly notorious for not giving a damn about somebody's past. He showed up one day on Tortuga Prime, and he knew his way around, and that was all that mattered.

For years, he worked in various pirate bands out of Tortuga, raiding and stealing, but refusing to enslave anybody. For him, being a pirate was about freedom, not power, and he had the skills to back up his point of view. As a result he had an antagonistic relationship with the ruler of Tortuga. He managed to avoid her intermittent assassination attempts and never came in direct conflict with her until he at last decided that life under Dame Trevaline no longer fit his ideals. In one very busy night, he freed two hundred slaves, stole three ships, and burned down four of Dame Trevaline's stashes... possibly all by himself.

He doesn't tell this story himself, of course. But the dregs of society in every port city recognize his name, and whispers surround him when he goes out for a drink. As for Christoph himself? He likes to stay on the move, and only works with mercenary companies without a fixed contract.


1	Details	Lars was born on Arcturus, the original capital of the Lyran Commonwealth, in one of the metropolises reclaimed by the ecosystem after the capital moved to Tharkad. As a result, his childhood an odd mix of the urban and the rural. But like many other Arcturans, Lars was raised with near fanatical devotion to the Commonwealth. When he was old enough, he enlisted in the LCAF.

On his first tour in the LCAF, he was assigned to the infantry, trained in anti-'Mech operations. He spent most of his tour living in harsh environments, avoiding being stomped on or shot by enemy 'Mechs. After his first tour ended, Lars used his earnings from his enlistment to attend the Blackjack School of Conflict, training to become a MechWarrior.

The unconventional methods taught at the Blackjack School of Conflict made Lars a perfect fit for the 6th Lyran Guards. But after surviving the 13th Battle of Hesperus II, Lars decided his life and skills were worth more than a government paycheck and left the LCAF to find wealth through his trade as a Solaris VII gladiator.

He had a promising start on Solaris, but an embarrassing defeat found Lars relegated to fighting small-time matches in The Reaches. After racking up some serious debt through gambling and expensive living, Lars decided to sell his skills as a mercenary to pay off his debts... before someone comes collecting.


1	Details	Michael Dark was born on Coventry in the Lyran Commonwealth, the son of an overseer of Coventry Metal Works. He worked hard in school and graduated from the Coventry Military Academy near the top of his class. He was then assigned to the LCAD Sixth Guards on Hesperus II, where he saw combat against Wolf's Dragoons.

After his tour with LCAF was up, he chose to become a mercenary. Early in his mercenary career, he met Cecilia Bowens, who was serving as a MechTech and general support staff for the second company he worked for. They fell in love and married, but as they both enjoyed the mercenary lifestyle they decided to stay in the business. Now they have two children, Hugh and Julie, and Michael Dark often pitches his family to prospective employers as a package deal. Although children are unusual on a mercenary DropShip, his are well-trained and manage to make themselves useful. They're cute, too. It tends to be a good bargain.


1	Details	Garrat Dardai was born on Erod's Escape in the Periphery years before its official colonization by Jacob Erod. His family was part of group of slaves from a pirate planet who had escaped on a stolen ship and stumbled onto the Escape's verdant lushness. Unfortunately his own parents had both died from disease by the time he was ten years old, and he was taken in by a local orphanage run by a man who had picked up his moral code from pirates.

Young Garrat spent his teenage and young adult years picking pockets, casing houses, and fleecing the occasional visitors to the Escape who stopped to resupply. It wasn't his preferred life and he often dreamed of escape, but could never work out a way out of his situation... until one day he messed with the wrong mercenary company. Or, from a long-term perspective, the right one. After being caught red-handed stealing from the company, the commander had him thrown into their DropShip's brig and, once he was off planet, demanded he repay what he stole through hard labor. He did so, and so cheerfully that he was soon simply one of the crew. When his term with that company was up, he was free to make his own way in the Periphery, with plenty of legitimate skills to keep himself fed.


1	Details	Lorenzo Raldoron grew up in a working class family of mechanics in the Federated Suns. While his parents and aunts worked on urban vehicles and passenger aircraft, they had a family love of BattleMechs, watching holovids of the Solaris games together and once enjoying a family trip to the legendary planet. In their spare time, they'd construct models together.

By the time Lorenzo was old enough to attend technical school, work as a MechTech was no longer an elite position for mechanics. Decades of war did that. When he graduated, he had his pick of positions, and chose to work on a DropShip so he could see other systems. After his first tour of duty was up, he realized that he could enjoy more freedom working for a mercenary company rather than the AFFS, and moved Rimward. This allowed him more time to continue working on the models that had been a lifetime interest. He enjoyed trying to recreate the look of LosTech designs even if the technology itself was beyond him.

Becoming a pilot was never a driving interest of his, but when his current employer ended up in a situation where pilots were needed more than techs, he stepped up and discovered how easy it was for him to maneuver BattleMechs. Now he accepts work in either position, but has found, on average, he has more time to pursue his hobby if he works as a pilot.


1	Details	Victoria Samson was born on Thule, in the Draconis Combine. The only daughter of a long line of infantry officers, she had a number of brothers, all of whom adored her. While her parents pushed her toward the traditional occupations of a Draconian girl, her brothers encouraged her in both mischief and combat training.

It was inevitable that as soon as she was of age, she enlisted. While she quickly proved her worth as an exceptional 'Mech pilot, her taste for mischief could not be satisfied so easily. She began dabbling in the barracks black market. During her first tour of duty, she piloted her Jenner with distinction - and ran the odd illegal substance along the way.

On her next tour, without any combat action, she started cozying up to the Yakuza. This, however, was not as much fun as she'd hoped, and she soon found herself looking for an escape from water that had gotten much too hot. With the aid of some Davion connections she'd made, she fled the Combine and headed straight to the Periphery. Now she hires herself out as a mercenary - and if she makes a little on the side moving things from here to there, well, it makes people happy. And isn't that what counts?
1	Details	Siegfried Krauss, born to a noble Lyran lineage, educated at the best Lyran school, and appointed to the most prestigious and safest of positions, has a nemesis.

It's his only explanation for how he could go from that most prestigious of positions, to enlisting in a BattleMech corps. It's his explanation for how he went from a ranking position in the BattleMech corps to wandering the Inner Sphere. It's even his explanation for how, once he settled on Solaris VII and built up his own stable, he threw it all away to become a mercenary in the Periphery.

Siegfried Krauss doesn't deal with breakups very well at all. But he can't seem to help falling in love. And, of course, who can resist falling in love with him? If only they'd <i>stay</i> in love. If only all sparkling-eyed brunettes would just... stay away. If only, once the relationship ended, he could stand to stay where once he'd had so many happy memories. But he can't. It simply hurts too much.


1	Details	Sabrewolf - he never uses 'Zebak Koga' - was born to explorers of the Periphery who simply didn't return one day from one of their expeditions. At least that's the story he was told. Perhaps they died, or perhaps they decided a child was an unwanted burden. He was passed around the small community his parents had been using as a base until he was old enough to be sent off to school, at which point he was promptly given to a passing mercenary company. 'Apprenticed', they called it. He does not say the name of the company, except to observe, with dark glee, that they no longer exist.

After escaping his original company as a young man, he continued to seek employment as a mercenary, first as ground support for BattleMech lances, and then as a BattleMech pilots. He has had many commanders, and does not always leave with good reports. Insubordination is a common complaint. It's not that he's rude. It's just that if he disapproves of a mission, or how it's being carried out, he will instead enact his own plan. But somehow, he stays alive and brings his 'Mech back, which is valuable enough in a pilot.


1	Details	Growing up on a Periphery planet repeatedly ransacked during the latter stages of the Third Succession War, Matthew Osis acquired an unusual taste for violence. He was adopted from the ruins of his home by the commander of a passing mercenary company. Seeing unusual potential in the boy, his proclivities were encouraged and indulged by his protector, right up until there was a mutiny and fourteen-year-old Matthew was abandoned once again.

He spent two years working his way across the Periphery, keeping his tendency toward violence in check until he finally arrived at Solaris VII — the destination his mentor had been aiming him toward all along. There he found one of the least respected gladiatorial stables and promised them that if they put him in a 'Mech, he'd take them to the top. Such was the force of his personality that they did. He kept his word.

While he wasn't as showy as some of the champions and he didn't have crowd-pleasing manners, excellence has its own charm, and savagery creates its own reputation. For fifteen years, he dominated one-on-one arenas, until eventually his stable had trouble finding opponents for him to fight. As part of a long-term strategy to set up an explosive comeback fight, Matthew's manager convinced him to take an extended sabbatical from the ring. Now, unable to relax unless he's fought something recently, Matthew is working as a mercenary in the Periphery. If baring his teeth counts as a smile, he smiles every time somebody recognizes his name.


1	Details	Jason Castro is the firstborn son of the Duke of Rio in the Draconis March of the Federated Suns, and as such he received all the best training available, and was taught to know his own value. He was one of the first graduates from the newly rebuilt Robinson Battle Academy, and was assigned a position of responsibility early.

Unfortunately, despite his lineage, his training and his confidence, he lacked the wisdom to lead his command well. Too soon after receiving his commission, he bungled an attack on a superior Draconis Combine force along the border. His entire unit was wiped out, and he barely escaped with his life.

Horrified, his father pulled strings to have him sent home to relative safety. While Jason accepted the opportunity to resign his commission, he refused to return to Rio, and instead headed out to the Periphery to pick up work as a mercenary. While he is still too arrogant to admit it, he is hoping to acquire the experience and wisdom he needs to somehow make up for the disaster of his first command. Meanwhile, he affects a hard-bitten cynicism beyond his years.


1	Details	Viona Heinrici was born on Hesperus II in the Lyran Commonwealth to a family with a long history of working in and around the famous Defiance Industries BattleMech factory. While her father and brothers worked in the factory itself, her mother and aunts were pilots serving in defense of the factory, so naturally, Viona followed in their footsteps.

However, while she was still in training, there was a particularly brutal attack on Hesperus II by the Free Worlds League. While the LCAF successfully defended Defiance Industries, a large portion of Viona's family were casualties of the assault. As a result, out of respect for her family's long service, Viona was allowed to finish her training but refused a combat assignment.

Disappointed at not having a chance to put her training to the test, Viona chose to go to Solaris VII, where she found work in a stable and survived her first bout. Later, while training, she was defeated by a rough-edged older pilot from the Federated Suns. Fascinated by his gruff attitude, she immediately adopted him as her mentor. When he abruptly left Solaris VII, she tracked him down and then followed him out to the Periphery, which turned out to be an even more interesting place than Solaris VII. Now she works as a mercenary, staying in contact with both her mentor and her remaining family on Hesperus II, and thoroughly enjoying life.


1	Details	Savarok grew up in comfort in a family that worked hard to pay their way with their AgroMech repair and maintenance company. This comfort bred complacency, contempt and a rebellious attitude. Despite having a natural aptitude for piloting he slacked off, bad-mouthed his parents to anyone who would listen, and ruined potential career opportunities for himself. This culminated when an ill-tempered rant about a prestigious landowner - who was going to give his family enough business for generations - was overheard. After that the contract was only going to be honored if Savarok was removed - not only from the family, but the entire planet. In just a few hours, he found himself aboard a transport to the Periphery with only a rucksack of clothes and a pocketful of C-bills.

On his trip, Savarok realised that an AgroMech pilot was going to struggle for work. So he lied, begged, and borrowed (sometimes permanently) for any work, at every opportunity, at every port. This always ended in trouble, however, until he was picked up by a pirate mercenary company as a repair tech. As the opportunity arose to pilot the ramshackle pieces of metal the pirates called BattleMechs, he grew in confidence quickly - too quickly.

His rebellious nature reared its ugly head again, and after a severe disagreement with the pirate leader he found himself stripped of uniform and heraldry - and in an airlock, about to be spaced. Just as the leader was going to press the release button for the outer doors, a local government militia ship that had snuck up boarded the pirate ship. The pirates were all killed, and the militia troopers stumbled upon him in the airlock. With some quick thinking, he was able to convince the militia he was not affiliated with the pirates, and he was spared. This was the defining moment for him, as he realised he had been granted a second opportunity to live. He vowed to not let any of his past bad habits continue. Savarok now travels between mercenary companies as a MechWarrior, looking for good, honest work.


1	Details	Known Info: MechWarrior identifies by the callsign Raza5. Actual name or identity currently unknown. Circumstances of their prior history are unclear, but they are known to have been on Great Gorge during the planetary disaster of '36. Cause of disaster still unclear, but rumours on planetary net - subsequently partially verified by independent sources - indicate a mysterious Black Marauder was seen on the planet in the hours before the disaster. Raza5 has claimed that the Black Marauder is sentient and of non-human origin and that it is responsible for the disaster (and numerous other events across the local region). They also claim to be a member of an unknown paramilitary unit unrelated to any faction - historical or current. ComStar and Interstellar Expeditions both maintain they do not recognise the insignia nor the so-called "Foundation" Raza claims allegiance to. However, Interconnectedness Unlimited has claimed that Raza5 was a past employee of theirs and has posted an open bounty of up to 250,000 C-Bills for their retrieval or elimination.

Regardless of the circumstances, Raza5 claims to be hunting the Black Marauder and that until recently their unit was operating from the independent DropShip known as the Raza. A DropShip known by that name was operating in the Periphery up until '26, but was lost with all hands under mysterious circumstances.

Recommendations: Do not hire, the inconsistencies in their prior history and far-fetched story aside; crossing a corporation like Interconnectedness Unlimited is not good for business.


1	Details	Natasha Jackson is our friendly neighborhood Black Marketeer. With her contacts, she can get us anything we need, if we are comfortable with her markups that is. Nicknamed Magpie for her love of shiny things, Natasha somehow manages to live a life of luxury even while on the run. Apparently her old network fell apart when she 'misplaced' a few packages, and she's been running from her creditors ever since. Apparently if we bring her aboard, she'll hook us up with a supply cache somewhere in-system. Even better, she claims to be a qualified mechanic and is licensed to drive a variety of ground crawlers. Maybe we could put her to use as a tank pilot?

XO's note: Boss, I hope you know what you are doing, letting Magpie on the ship. Anyone gets wind of her being on the ship before we are gone and we could have trouble on our hands.


1	Details	Dragon 66 was born Zin Ala in the Federated Suns, the child of a family of military bureaucrats. His stable, safe childhood left him craving more excitement than bureaucracy could provide, so when he was old enough, he enrolled in the planetary guards.

After boot camp, his aptitude tests placed him in logistical support roles — not that different from what his family did, but at least he was on the more exciting front lines. Through dedicated service and commitment, Zin worked his way up from driving supply vehicles to planning their routes to overseeing entire logistical operations.

All that changed when an operation he was involved with collapsed, leaving him one of the few able-bodied soldiers able to defend a key location. He did a hero's job, but when reinforcements won through, they came with military lawyers and wagging fingers over breaches of protocol.

As a result, he ended up on Solaris VII, where he stayed just long enough to establish a reputation. But knowing he had no future there, he moved on to the Periphery, looking for a chance to once again start at the bottom and work his way up.


1	Details	James Bixby was born on Arc-Royal in the Lyran Commonwealth to a wealthy family that, as new money, lacked many of the advantages of the titled aristocracy, most notably land and a family BattleMech. Because of his wealthy background, James was easily able to enter the Somerset Military Academy, where he scored in the top 15% of his class and won a coveted position in a Cadet Trade with House Davion's Albion Military Academy.

After graduation, he earned his callsign 'Arbiter' evaluating recently dispossessed MechWarriors to see if they were worthy of a replacement machine. This was just a stepping stone to getting his own BattleMech, however. He earned assignment to a Griffin after several years of writing up reports on other pilots and attending off-hours training sessions. He was assigned to the Storm Company in the Lyran Guard, where he served faithfully for a five year tour.

However, when he was overlooked for a promotion due to his lack of family connections, he realized he had no interest in spending the rest of his life as nothing more than a 'Mech pilot for the military. He cashed out his savings and war salvage and headed to the Periphery to see what he could do about acquiring a BattleMech of his own, and bringing his family the prestige it had always lacked.


1	Details	Reginald von Kaas was born and bred on Terra, the only child of ComStar Demi-Precentors. He grew up schooled in all the traditions and when he was of age, he joined the local defense force.

After some formal training, he was assigned to supervise BattleMech restoration, where he fell in love with the machines. Using his family connections, he had himself reassigned as a 'Mech pilot. He then proceeded to show such dedication to the use and care of 'Mechs that he was quickly promoted to the top of his local defense cadre despite the lack of combat opportunities.

After that, there's a blank spot in his record, the sort typical of those who have engaged in covert operations. He dropped out of sight for over five years. His next official record is in the Periphery on the MRB register, using the callsign VonKobra, and with several impressive shooting certifications under his belt.

According to those records, at one time he led a small mercenary unit of his own, but that unit dissolved without any recorded contracts. He now considers himself a freelance operative, although his personal intensity suggests the 'freelance' descriptor may be deceptive.


1	Details	A strange illness emptied the lance of damaged BattleMechs seeking refuge at the small, peaceful mining town of X, and superstitious fear kept them empty for years. But when raiders came, four young boys who'd been playing around the 'Mechs for years climbed into them to defend their home. They failed, of course, but the impressed leader of the raiders took the 'Mechs instead of their lives, and left their community enough to rebuild with.

Some kids would have taken that defeat hard, but not Archangel. He rallied his friends and came up with a plan. When the raiders came back a few years later for another 'harvest', Archangel and his team were ready. They didn't have BattleMechs, but they had mining equipment, AgroMechs, and a whole lot of time to practice.

They still lost, but they did no worse than they'd done with BattleMechs, and with far inferior equipment. That time, the leader of the raiders left the equipment, and took the young men. She split them among her ships, and Archangel hasn't seen his friends since. He wasn't the most malleable of recruits, but the raider leader had a gift for redirecting his fury and putting his stubborn recklessness to good use.

Eventually, just prior to her retirement, the leader kicked him out of her gang, telling him he'd be better off in a proper mercenary crew with somebody who could both point him in the best direction, and yank his balls out of the fire just in case Plan A failed, failed again, and failed a third time. It turned out she was correct. In the right team, Archangel is amazing.

These days, he's starting to miss his old town, and wondering if it or a place like it needs somebody to protect it. Somebody who will never give up; somebody like him.


1	Details	Originally from the Duchy of Andurien in the Free Worlds League, James Pato grew up tinkering with anything he could get his hands on. He was drawn to an apprenticeship as a MechTech, starting with AgroMechs and moving on to BattleMechs after helping the local garrison with a broken 'Mech crossing his family's property.

Working for the militia, he quickly rose through the ranks and became the local subject matter expert on the coding for 'Mech's Targeting and Tracking Systems (TTS) and internal diagnostic computers. More than once his custom adjustments have led to his MechWarriors nearly dying in the field, almost costing him his position. He found himself putting in countless hours behind the command couch of BattleMechs in order to understand what his pilots experience, eventually earning his own title as MechWarrior.

His ability to find work as either MechTech or MechWarrior has granted him freedom to travel around the Rimward Periphery, searching for LosTech such as Star League era TTS. He's heard rumors there was once a totally autonomous BattleMech drone project run in secret but has yet to find any real evidence. If he were to find such a LosTech cache, it would allow him to establish his own brand of TTS that rival the best the Inner Sphere has to offer.


1	Details	You look at [[TGT_MW,{TGT_MW.Callsign}]]. "What's in this pod? "Magpie frowns and leans over to check the sensor readings. "Honestly Commander, your guess is as good as mine. I never asked what my clients were hiding away and I don't plan on asking now."

 Darius starts to frown and starts paging through the sensors readings, visibly agitated."Commander, you have to get us out of here now, some lunatic booby trapped this pod. Sensors are picking up a live Fusion reaction. I think some crazy bastard wired up a Fusion Core as an improvised nuke."

Magpie looks startled and alarmed."It's certainly possible, my clients were dangerous people. I only supplied the pod and the coordinates. What they did with it was never my concern." 

Magpie continues,"I certainly have no plans to end up as a smear of mildly exciting debris out in the ass end of nowhere. I have a little cash left, let me arrange to have that transferred to you instead. It’s not much but it's better than nothing."

You give the order to abort approach much to the crews relief.
1	Details	You asked to be notified when we got to the coordinates? Turns out there's a supply pod tethered to an asteroid.

And it’s covered in hazardous material warnings.

Do you want to open it?
1	Details	Some men have easy, soft lives, full of comfort and joy. Hardball is not one of those men. Born to nobody parents on a backwater Crucis March world in the Federated Suns, Elias was destined for nothing his whole life. His parents, subsistence farmers, had five children of which Elias was the last. He was expected to work the farm, marry, have kids, and start his own farm, like his older brothers and sisters. But he wanted more. He dreamed of traveling the stars, seeing other worlds, and fighting for his fellows and their freedoms in the Federated Suns. When a recruiter for the AFFS came to his little town one year, he knew his chance had arrived and signed up without hesitation. However, he was too young and was turned away. Of course, stowing away in their truck fixed that... until he was discovered. However, his earnestness appealed to the recruiter who took an interest in the young man and decided to give him a shot, rules be damned.

Elias earned his callsign during training where he developed a bad habit of never playing fair or nice with the other recruits. Elias played to win and everything else was irrelevant. Despite this, his obvious skill in the cockpit got him assigned to a frontline command as a scout 'Mech pilot where he saw engagement against the Draconis Combine. After several incidents where he injured other soldiers who got in his way on the battlefield, he was discharged from service and even imprisoned for a time.

His record gets spotty after that, with various reports of prison time, murder charges, and an ugly divorce, all of which have left the once bright-eyed Elias a battered, rough man. Still, he can sling shots downrange and take orders like few others, ensuring he always gets a space on a dropship. For a while, at least, until his rough ways catch up to him again.


1	Details	Kodiak was always a studious sort, learning about all the famous Solaris fighters over the centuries and where they and their 'Mechs came from. His research led him into the sights of Interstellar Expeditions, who had realised his knowledge of maps and technology stockpiles from different databanks did not align with their own. During his brief foray working for IE, Kodiak added much knowledge - collated from numerous sources - into the planetary databases of the Inner Sphere and the Periphery, leading to numerous updates to navigational databases across known space.

Becoming moderately wealthy due to the commission from IE, he then received passage to the Princefield Military Academy where he studied the training 'Mechs that still remained there - and learned to pilot these ancient behemoths. After graduation, the cartography royalties have kept him in a comfortable but extremely boring lifestyle, thus leading him into mercenary work. Seeking an outfit using unusual 'Mechs, Kodiak is known for being a steadfast pilot but definitely has the potential to bore other MechWarriors with tales of far-off worlds.


1	Details	Yeah, but imagine that's you:

You get your first look at the 30 ton Trash Can as you move into an intersection. But the Urbie, he knew you were there a long time ago. He moves like a heavy 'Mech: stompy, bobbing his head. And you keep still because you think, maybe, with his cheap Periphery radar he'll lose you if you don't move. But, no. Not the UrbanMech. You stare at him, and he just stares back. That's when the attack comes - not from the front, no - from the side. From the other two Urbies you didn't even know were there.

An UrbanMech is a pack-hunter, you see. He uses coordinated attack patterns and he's out in force today. And he fires at you with an Imperator AC - a 12-ton anti-'Mech weapon - like a sledgehammer on the right arm. They don't bother to go for the cockpit like a Hunchback; they just shoot here, in the center torso and here, in the leg. Or, maybe, on the gyro, spilling you across the tarmac.

Point is: you're alive when they start to eat you.


1	Details	Born on Solaris VII, Chris "Harmony" Johnson was an aspiring MechWarrior as well as a match commentator. Getting his start in the more niche arenas that were not officially sanctioned by the Solaris VII board, Harmony grew in popularity among the crowds in the brutal sport of 'Mech combat both as a fighter and as a commentator.

However, once he had gotten enough experience to make it to the big leagues, his dreams were crushed when he was told that 'there's only enough room for one snarky sarcastic 'Mech jock in the business' by his agent. Disillusioned with the glimmer and glam of life in the city of gladiators, Harmony struck out into the Inner Sphere, determined to find the best match of all on a real battlefield.


1	Details	Tony Bono has no memory of his parents, who were a gladiatorial duo on Solaris VII, and who died particularly memorable deaths that are still occasionally referenced today. He was raised by the techs and other gladiators in the stable, growing up on stories of the valor and celebrity of his parents and other famous arena champions.

When he was eighteen, despite the wishes of his favorite auntie, he decided to officially join the stable as a gladiator instead of a tech. He was an excellent duelist, able to make any fight not just entertaining but actually exciting, but his temperament was too serious. He found he was unable to showboat in a way that garnered more than passing media attention, despite his family background.

Unable to convince himself to move from piloting a 'Mech to repairing them, no matter what his stable aunties hoped, he eventually withdrew entirely from gladiatorial life. After traveling a while on the farewell gift of his adopted family, he headed to the Periphery, where his grim focus on winning small-scale battles has served him well as a MechWarrior-for-hire.


1	Details	Adam Doochin has only a few fragmented memories of a glittering childhood spent in a Lyran Commonwealth palace, all overshadowed by a nightmarish memory of the night his family fell. He was rescued from his nursery by a roguish 'old friend' of his mother's, who fled with him to the Periphery.

His new guardian, while committed to keeping him alive, wasn't above teaching him how to pick pockets and con the gullible. As he got older, they moved into smuggling operations, working as a team until one job went horribly wrong and his guardian sacrificed himself to cover Adam's escape.

Alone for the first time in his life, Adam drifted away from the criminal lifestyle, wandering the Periphery and re-evaluating his life from an adult's perspective. Almost accidentally, he was pulled into a criminal investigation where his childhood skills could be used for the good of others, an opportunity he welcomed.

Soon he was doing regular work as an investigator. It kept food in his mouth and a roof over his head, but after a few years in one location, restlessness once again threatened his security. When he found himself working with a MechWarrior on a case, and invited afterward to join their mercenary company as a rookie pilot, he jumped at the chance.


1	Details	Hadden Cornichon, later known as Coldfire, was born in the Brixtana system of the Magistracy of Canopus. He grew up on the back stage of a traveling pleasure circus as part of an extended family responsible for the circus's pyrotechnic displays. While he shared his family's love for explosions, he quickly became bored with the limited creativity of the circus' well-defined show. As soon as he could talk his family into it, he and two of his cousins were traded to a new circus looking to start up its own pyrotechnics show in exchange for an apprentice dancer. The new circus focused on dramatic reenactments of historical battles — complete with BattleMech shells that required his expertise to look and sound real.

Barely two years after joining his new circus, he started knocking at the doors of the Magistracy Armed Forces, hoping to join the Magistracy Royal Guard as a MechWarrior. Since his education up until that point had been very spotty, he was repeatedly turned away in favor of more traditional candidates. But the young Coldfire knew nothing could be better than piloting a 'Mech into battle, so he buckled down and learned just enough to pass the entry exams imposed by the MAF. They gave him the training he wanted, but not the battles. As soon as his contract expired, he abandoned the peace-loving Magistracy for a place where a MechWarrior could always find work: the unclaimed, lawless systems of the Rimward Periphery.

As a pilot, Coldfire is loud, jovial, and always up for the highest-risk missions — even if the likelihood of getting paid is low. Helping others is in his blood, he claims, and if he can have a good time while doing it, even better! He loves pushing the biggest 'Mechs to their highest speeds and relishes a well-executed Death From Above. Outside of battle, he's rambunctious but usually stops short of causing real trouble to his COs. And if you ever need a pyrotechnics display, he's your man.
1	Details	Diana Lunari, of the Outworld Alliance, grew up in the shadow of the Praxton fusion engine factories where her single mother scraped out a living. In primary school, she learned a number of safety routines, but the only ones that really mattered were the Fusion Accident drill and the Raiders drill. In her teens, she spent time developing an improved drill so that kids would have a better chance of surviving either eventuality, but nobody wanted to change what hadn't yet failed and all she accomplished was losing her chance at a scholarship. So, as soon as she could, she enlisted.

In the Alliance Grenadiers, she kept her head down for a while, pushing herself to be the toughest of the tough while learning all the protocols of her regiment. After a few years she once again felt like she'd identified some easily repairable flaws in the military machine and, cautiously, to a trusted superior, she made some suggestions. Once again, her suggestions were rejected, but this time she was transferred to the unnumbered 'shadow battalion' of the Grenadiers, where her superior promised her analysis skills would be appreciated. They were. She spent five satisfying years developing strategies for dealing with the ever-evolving pirate threat to Praxton, until internal politics she hadn't anticipated dissolved the shadow battalion and discharged most of its staff.

Since then, she's been a wanderer. At first, she lived as a tourist, getting to know more of the Periphery, but eventually, as funds ran out and her contacts dried up, she found herself signing onto a mercenary company as a MechWarrior. It isn't a career, but as she learns more about mercenary companies, she's realized that perhaps it's a stepping stone to one.


1	Details	The bureaucracy of the Draconis Combine is legendary, and Aaron Doukas grew up at the heart of it, raised by parents who worked in the Bureau of Bureaucracy. By the time he was twelve, he was sick to death of paper and everything related to it. He promised himself a life of action.

Fortunately, the Combine has a place for bored boys who want a more active lifestyle. He was quickly enrolled in a military school and, according to his breeding and his aptitude scores, set on a technician track. He started out his adult career working on armored personnel carriers. But his impressive zeal studying BattleMech mechanisms — along with several very fine haiku on the subject of myomer — earned him a transfer to a MechTech division.

It wasn't enough for Aaron, who had a childhood promise to himself to fulfill. He took the exams at every opportunity, and even though his written answers were perfect and his literary allusions divine, he was never allowed the chance to take the practical exam. His childhood aptitude scores and his father's position had fixed his fate.

When he was presented with the wife that had been chosen for him, it was too much. He fled the Combine, traded a family treasure for a forged history, and soon found himself piloting a mercenary company BattleMech for the first time. It didn't fall over and he didn't die, and so he found a new life.

Now that he's proved himself in a 'Mech, the story of his escape from the Combine is a funny tale to share over drinks. But the touch of the Dragon lingers and, perhaps, just a little, he misses the family he left behind.


1	Details	Sandy Bodenstedt was born in the Lyran Commonwealth in the system of Weingarten. She was the youngest child of affectionate parents who encouraged her and, as a result, she won an academic sponsorship from Bountiful Delicacies.

At college, she was trained as an archivist, and once she graduated, she was sent by her sponsor to work in the vineyards of Weingarten III. But her love of learning soon became a wanderlust and she negotiated a new position as a brand ambassador for Bountiful Delicacies.

For a time, she traveled the Lyran Commonwealth and the greater Inner Sphere, encouraging people to thrill bored palates with exotic foodstuffs. But after a failed relationship and growing dissatisfaction with her employer, she decided one day to simply walk away.

Without much thought for the future, she spent her savings exploring the Federated Suns and eventually found herself in a relationship with a mercenary captain. She joined him when he took his company out to the Periphery. Out there, she finally understood her need to fight battles that mattered to somebody, and how the only way to be sure of that was to charge a very great deal of money.

It took some time for her lover's company to accept her as a fellow pilot, but after her lover was killed on a catastrophic contracts, it was Sandy who got the rest of them out, and guided them to new homes. Now, she once again travels alone, but her MechWarrior skills make it so that she'll always be able to fulfill her twin goals of travel, and fighting battles that matter to somebody.


1	Details	Born to engineers on Victoria in the Capellan Confederation, Chris Eck was marked early as a particularly gifted child. Matching early performance was rewarded with the patronage required for him to attend the Sian Center for Martial Disciplines. He graduated in the top fifth percentile and was immediately recommended for the Sian University Officer Candidate Program.

After he passed the strenuous final examination process, he was assigned to a BattleMech unit in a lieutenant position. He served in that position for several years, but when he was due for promotion, he was instead invited back to the SCMD for advanced courses in the specialized field of BattleMech covert operations. After some time engaged in "boring activities nobody would want to hear about", he was sent to Solaris VII for the traditional MechWarrior background cleansing. There, he made an unexpected splash by going undefeated in his first tournament, despite joining late and without the backing of a stable.

Now in the Periphery, he tells his story easily over a couple of beers, with every indication of perfect honesty. When awed rookies ask how he ended up working out in the Periphery as a mercenary, his only answer is, "I could tell you, but then I'd have to kill you." He isn't lying.


1	Details	Josh Durand started life in a rural town attached to a Federated Suns military base, the son of an enlisted man who'd mustered out early to settle down and raise a family. Josh was something of a problem child for his teachers, although he loved spending time with his family. While he achieved an adequate technical education, his heart was elsewhere, and he spent hours watching maneuvers at the military base.

As soon as he was eligible, he enlisted. While school discipline had riled him, military discipline suited him. He immediately started on a Special Forces track as a communications officer, before eventually transitioning to ops and intelligence work.

Then, as the needs of the military shifted, he underwent training to pilot BattleMechs. He served as a 'Mech pilot for the Federated Suns for five years, picking up the callsign 'Bullet Trap' for his preference for the front lines. The end of the Third Succession War saw him mustered out with all honors. While he welcomed a more peaceful era for his people and his family, he knew he could never adapt to such a life, so he headed to the Periphery to continue the work he enjoyed as a mercenary.


1	Details	Andaelas was born on Meacham in the Lyran Commonwealth, to parents who died in the endless conflict with the Draconis Combine before he could even be named. One of the many orphanages of Meacham took him in and he was given the house name 'Alistair' for his own. Growing up, he was taught to be proud of his parents' sacrifice, and expected to follow in their footsteps when he came of age.

When that day came, they conscripted him before he could volunteer. With poor equipment and very little training, he was sent to the Draconis Front, a meat grinder where his dedication to the Commonwealth was tested time and again. Mostly, it held.

Everybody who survived was promoted, so as to inspire next batch of conscripts. But promotion just meant more challenges. Finally, his squadron of foot soldiers was thrown against a lance of BattleMechs without backup. When Andaelas climbed into a nearly crippled Catapult and turned its missiles on the enemy DropShip delivering yet more troops, he knew he could never go back to being a groundpounder again.

His loyalty to the Lyran Commonwealth had become ambivalent as well. He couldn't shake his pride for his planet and his people, but he was too aware of the pointlessness of the endless war and sacrifice. At last, with the full support of his troubled commanders, he left the LCAF and went to the Periphery, looking for a cause he could once again believe in.


1	Details	Coming from a sleepy agricultural world of no strategic value in the Free Worlds League, Astraeus Veisi was the first member of his family in 75 years to express any interest in getting off-planet. Astraeus decided young, staring up at the sky, that he was going to the stars. It wasn't so much that life was hard on the farm, but that nothing he did there would ever really matter.

 When he was old enough, he enrolled in a local tech school, specializing in military equipment, because maintaining tractors wasn't that different from maintaining tanks. 'Mechs were more challenging, but the principles were the same, and repairing 'Mechs was his ticket off the farm.

He signed on with a small mercenary company as a tech, but took advantage of the informal setting and his personal relationship with the commander to get some cockpit time. When one too many of the regular pilots was benched, he had his opportunity to show what he could do as a pilot.

Once the status quo returned, he knew he couldn't return to being just a MechTech. He said a fond farewell to the company that had lifted him to the stars and set out on a career as a freelance agent. He drifted from one temporary company to another, looking for someplace where he'd fit as well as he did in his first company - and still be able to pilot a 'Mech of his own.


1	Details	Brett Finnegan Bozeman was born to minor nobility on Gulkana in the Federated Suns, but moved early with his family to Maldive near the Taurian Concordat as part of a business consolidation. There he received a comprehensive education in physical and intellectual pursuits from personal tutors.

As he grew, he witnessed the tumultuous handling of the planetary government by the local governing corporation, and resisted family pressure to take his place in the family business; he wanted no part of such an undisciplined and untrustworthy environment. Instead, he enlisted in the AFFS as soon as he was of age.

Shortly after his enlistment, his record was blanked. His family lost contact with him, except for the occasional update from his superior offices reassuring them he was still alive. When peace loomed in the 3020s, he finally resurfaced, a hardened MechWarrior unwilling - or unable - to talk about what he'd been doing for so many years.

After a year of peace with his family on New Avalon, he could no longer take the quiet life. While he was not allowed to return to active duty in the AFFS, they couldn't stop him from seeking out mercenary work on the Periphery. This time, though, he promised to keep his family updated on his movements


1	Details	Peter Chang was born on Old Kentucky, in the Capellan Confederation, to an established family of skilled metalworkers. He preferred books to metallurgy, and his supportive family encouraged him to work hard and attend a local vocational school after his militia training. When he graduated at the top of his class and was accepted into Sian University, they couldn't have been prouder.

They were less pleased when they realized he intended to study literature and philosophy rather than something useful, but Peter didn't care. Having achieved a place in academia, he fully intended to stay there. He underestimated the viciousness of the tenure track, though. Soon, via maneuverings only sketchily recorded, he was strongly encouraged to travel, and travel far.

Relying on a small stipend provided in exchange for his silence, he explored the Inner Sphere and discovered that adventure was more to his taste than academia anyhow. On one journey, he found himself piloting a Marauder — and found that he was good at it. When he received word that his benefactor had died and his stipend would no longer be provided, he knew exactly what to do next: mercenary work, out in the Periphery.

He's something of a curiosity among MechWarriors, with his academic background and extensive civilian travels. But that very background makes him useful in a lance with more traditional MechWarriors, so he's found plenty of work since he first sat in that Marauder.


1	Details	Kenrik was born on Bellevue in the Federated Suns, to parents who were executed promptly after his birth for failing to keep oaths made to a local crime lord. Kenrik himself was adopted into the crime lord's extensive 'family', and from his earliest years was employed doing 'errands' for the family matriarch.

As he grew, so did his 'family'. By the time he was an adult, they were a 'syndicate', and he was running smuggling operations between cities, escorting the convoys in a BattleMech that had been 'adopted' just like him. Eventually, a long-term investigation fingered him, and the family matriarch shipped him off-planet to Solaris VII, to protect him as well as herself.

On Solaris VII, under instructions to create a new identity for himself, he settled into training to join a gladiatorial stable. While there, he dueled and defeated a spunky younger pilot who quickly decided he was her new mentor. When he received word from Bellevue that it was time for him to move on from Solaris VII, the kid followed him all the way out to the Periphery.

Intermittently, they work together now. When they aren't on the same contracts, he answers her mail. Occasionally. Sometimes. But the letters from Bellevue telling him he can come home again, those, he ignores.


1	Details	For many, being born into the nobility of the Capellan Confederation means limitless possibilities, but for Abe Chung, it was only a burden. One of far, far too many cousins, his entire life was ordered for him and he was only ever looked at to be corrected.

He bore up patiently, barely meeting expectations, all the way through college, where he graduated at the bottom of his class with degrees in biology and engineering. Disgusted by his failure to excel, his family sent him far away, to a medical outpost on the edge of civilization, there to supervise doctors with far more passion than himself.

But away from the overbearing scrutiny of his lineage, in a place where even a useless, over-educated petty noble sometimes had to drive a supply truck in a crisis, Abe blossomed. When a local conflict spilled into the hospital grounds and three BattleMechs stood pilotless, Abe did what had to be done.

His keen observational skills and strong sense of tactics carried that day, along with his borrowed 'Mech, but the conflict didn't stop there. Soon the entire medical outpost was shut down and its staff transferred elsewhere. Abe's family called him home, ready to take another look at what their disappointing young man had grown into. He didn't answer, instead choosing to vanish into the Periphery to make his own way as a mercenary 'Mech pilot.


1	Details	Paradox — only his father calls him Edward — grew up on Tharkad in the Lyran Commonwealth, in the very heart of civilization. From an early age, he was fascinated by history, especially epic BattleMech battles and legends of LosTech.

He drifted through school and eventually settled into concentrating on history and political science, focusing on the motivations and impacts of the Succession Wars. A student broadcasting project became a launching point for a moderately successful series of historical programs he co-hosted.

After an extended tour of the Inner Sphere, he was tapped as one of a team of hosts on a new historical program about BattleMechs and LosTech: his childhood dream come back again — and this time he was able to get up close and personal with 'Mechs.

Paradox then leveraged the hands-on experience from his second show into a third documentary show set on Solaris VII. This one was not a success, which was unfortunate for all the sponsors, and for Paradox's own savings. After he burned his bridges with one too many inflammatory remarks about his colleagues, he vanished from the public eye and eventually turned up in the Periphery, working as a mercenary pilot.


1	Details	Darius opens the morning briefing with a familiar refrain. "Commander, I've persuaded the cabal that controls access to the [[DM.BaseDescriptionDefs[LoreBlackMarket],Black Markets]] to consider, again, our possible membership."

Sumire laughs. "They don't usually make that offer more than once. Times must be desperate." Yang gasps in feigned insult. "<i>Or</i> Darius is just that good of a negotiator!"

"Our reputation with the pirates in the Periphery is still a gating factor." Dr. Murad points out. "The Black Market isn't going to offend their best customers. What is their asking price this time?"
1	Details	Darius demands the first agenda item in the morning briefing. "Commander, I've secured an invitation to the [[DM.BaseDescriptionDefs[LoreBlackMarket],Black Markets]] here in the Periphery."

Yang claps Darius on the back. "About time! You've been haggling and calling in favors for months. It was kinda like you enjoyed it." Darius smirks. "Who, me? Well... persuading that cabal of crooks, merchants and politicians wasn't boring." 

Sumire cuts through the joviality. "Don't forget the pirates. Your cabal may vote us in, but our history with their primary customers is setting our membership fee."

Dr. Murad frowns. "Improvements to the <i>Argo</i> aren't getting any cheaper. Surely we can just continue looting what we need?"
1	Details	As you arrive at the [[DM.BaseDescriptionDefs[LoreBlackMarket],Black Market]] rendezvous, you realize, too late, that something isn't right. There's a burst of lights and sirens as the local authorities surround your group.

A senior officer steps forward. "This can be easy or hard, Commander {COMMANDER.LastName}. Turn over the access codes, secret handshakes, and whatever other tradecraft you use to gain access to the Market, and you'll walk away scot-free, with ¢100,000 C-Bills in your pocket."

She crosses her arms in smug determination. "Or you can pretend you don't know anything and pay a frankly staggering fine for wasting our time."
1	Details	In the morning briefing, Darius is unusually excited. "Commander, our pirate friends have vouched for us with the cabal that controls access to the [[DM.BaseDescriptionDefs[LoreBlackMarket],Black Markets]] in the Periphery. They'll even waive the usual membership fee!"

Sumire chuckles darkly. "We keep such sterling company. Considering our reputation with the Great Houses, though, it's hard to find welcoming ports these days."

Dr. Murard reluctantly agrees. "The Black Markets are almost our only option for new supplies. It's got to be worth the extra scrutiny we'll receive from the system authorities."
1	Details	As Darius enters the morning briefing room, he slams the door behind him.  "Why can't we just have nice things? The agents who represent the [[DM.BaseDescriptionDefs[LoreBlackMarket],Black Market]] want us to pay the membership fee. Again."

Sumire sighs, "I suppose it was too much to hope for permanent membership. No honor among thieves, huh?"

Yang shakes his head. "Now Sumire, don't go calling us thieves. We're just entrepreneurs, right?"

Darius ignores both of them. "Commander, what do you want to do?"
1	Details	Sumire calls a special briefing about a communique from a nearby transport. "Their crew has contracted a virulent case of the Periphery Pox..." She leans in. "<i>But</i> the captain knows that we have access to the local [[DM.BaseDescriptionDefs[LoreBlackMarket],Black Market]], <i>and</i> that the Market has some experimental antivirals for sale. They'll cover the cost and an extra ¢50,000 for our trouble. We just need to do the footwork."

Darius scowls. "The Black Markets aren't risk-free for us. The authorities could intervene and cause problems. Or this could all be a set up."

Dr. Murad bristles. "Spacers should stick together, Commander. We have access to the Market; we should use it."
1	Details	In the morning briefing, Darius cautiously begins with, "Commander, after our earlier missteps with the [[DM.BaseDescriptionDefs[LoreBlackMarket],Black Markets]], I thought that we were banned for good... but what can I say? Money talks."

Yang claps his hands. "You can't keep <i>Iron Beard</i> down! Am I right?"

Sumire shakes her head. "Are we really going down this road again? How much do they want this time?"
1	Details	Yang continues: "I didn't have high hopes, but my mother always used to tell me it's the thought that counts."


You reply: "It's ammo Yang, it only gets so exciting. Free is free."



1	Details	You get a call from [[DM.BaseDescriptionDefs[TooltipSimGameCharacterYANG],Yang]]:

"Commander {Commander.LastName}, those ammunition logistics guys in the last mission were happy they made it. A few items fell off the back of the truck if you catch my drift. Want to come on down while we open the crates?"
1	Details	DEPLOYS A UAV FROM THE UNIT'S STORAGE OR ARGO.

 <b><color=#e11919>Costs 10 000 C-Bills per use!</color></b>

 <b><color=#15df37>Can deploy two UAV per contract!</color></b>
1	Details	You get a message from your Chief MechTech [[DM.BaseDescriptionDefs[Wulf_Lore_Yang],Yang]]:

"Commander {Commander.LastName}, those other other prisoners we gave a ride off planet when we rescued our pilot liberated a few items. Let's see what they left us."
1	Details	A few days later, you're back in the Command room, facing Yang and Darius again. You rub your temples, hoping you heard wrong. "Explain that one more time, Yang."

Yang shifts uncomfortably. "Well, Boss, we were showing the colonists just what those AgroMechs could do. Their top speed is… well, anyhow. The crew got a little competitive, way too close to one of their barns. And, uh, those machines don't stop as well as a BattleMech. The barn didn't have a chance when those behemoths plowed into it."

You sigh. "Okay, make it right, Darius. Pay for the barn and replenish the lost supplies."
1	Details	At the sound of the door sliding open, Darius and Yang turn in unison to face you.

"Commander," Darius intones, his voice tinged with exasperation. "The colony on {TGT_SYSTEM.Name} has requested our help--"

Yang cuts in—he's practically giddy with excitement. "Boss, they have [[DM.BaseDescriptionDefs[LoreAgroMech],AgroMechs]]! Herders, Farmhands… even a CattleMaster! These are some of the wonkiest machines ever to walk on two legs. You've gotta let me work on them."

Darius' frown deepens. "This is not the best use of our time or resources."

"Come on, Boss." Yang clasps his hands, pleading. "AgroMechs!"
1	Details	[[DM.BaseDescriptionDefs[Wulf_Lore_Yang],Yang]] continues: "Who knows what random junk people leave in transports parked at military detention facilities. But I bet it's ammo."


You reply: "Hope springs eternal, Yang"



1	Details	As Darius enters the morning briefing room, he slams the door behind him.  "Those filthy, no good, back-stabbing... <i>pirates</i>!"

Yang tries desparately to keep a straight face. "How do you really feel, Darius?"

The XO takes a deep breath. "If we want to retain our access to the [[DM.BaseDescriptionDefs[LoreBlackMarket],Black Markets]], we're being asked, none-too-politely, to pay <i>another</i> membership fee."
1	Details	Sumire sets out in the Leopard for what is supposed to be a low altitude fly-by of the ruins. Then she finds the excavation. And the pirates doing the excavation.

Listening to the comms, you spend a stress-filled twenty minutes wondering if you're going to have to shuttle down a strike force of MechWarriors to steal back the Leopard and rescue your pilot. But, somehow, Sumire talks her way out of it. The gang of smugglers give her a souvenir brick and send her on her way. 

"Well, that was exciting," she says when she returns to the <i>Argo</i>. Her flight uniform is caked with half an excavation's worth of dust. "Commander, they had 'Mechs. Do you think we could—?"

"No," you say firmly. "Just no."

"Only an idea," Sumire says as she slinks off toward the showers.
1	Details	Sumire takes the Leopard for what is supposed to be no more than a low altitude fly-by of the ruins, though some of her photos seem suspiciously close to the ground. After the trip, she spends a week cataloging the collected data and then delivers her report.

"Commander, those ruins are pretty interesting. I didn't stumble into anything that hasn't been seen before, but the data I collected is high enough definition that… well, I'm sure somebody will buy it. Eventually. Someday."

"And you did get some amazing pictures," you comment blandly.

Sumire gives a tiny smile. "I did. Thanks."
1	Details	After some consideration, you shake your head. "I want to focus on the contracts available here in [[TGT_SYSTEM,{TGT_SYSTEM.Name}]]. We're not here to sightsee, no matter how lucrative it might be."

Sumire slowly nods in agreement. "Of course, Commander. Perhaps when we've worn out our welcome here, we can spare some time before departing the system." She stiffly marches back to her post.
1	Details	In the Command Center, one of Darius's old friends from the MRB contacts you directly via Holovid. "I have a peculiar request, Commander. I have a <i>friend</i> who wants you to train a fresh recruit, [[DM.BaseDescriptionDefs[LoreSamuelDannen],Samuel Dannen]]. No academy training, but he's sharp. Goes by the callsign Squire in the Hiring Hall."

"Really? A friend of a friend wants us to take on a fresh recruit?" Yang groans. "Sounds fishy."

The MRB contact continues. "I can't say much more, but my <i>friend</i> has a soft spot for underdogs. They want to see how much a MechWarrior can learn hands on. And you've done a lot with a little, Commander. Not to mention, I'd be grateful." The Holovid blinks out.

"We could perform a background check on Squire," Dr. Murad says. "Maybe learn something about this mysterious <i>friend</i> as well."
1	Details	Later that night, when you return to your quarters you receive a [[DM.BaseDescriptionDefs[LoreHPG],HPG]] message titled: "Word From a Friend." [[DM.BaseDescriptionDefs[LoreJustinAllard],Justin Allard]] appears on your screen. "I'm glad you're giving [[DM.BaseDescriptionDefs[LoreSamuelDannen],Squire]] a shot. Even I needed a chance to prove myself, Commander."

"You know, I nearly dropped out of the Sakhara Academy. My instructors doubted me. My classmates insulted me about my Capellan heritage. They gunned for me during every drill. I didn't learn a thing."

But one day, General Sheridan Courtney inspected our class. No simulations. He put us in 'Mechs and kept us in them until he wrung all the sweat and puke from our bodies. I was the only student who earned his top marks."

"Years later, when the Liao forces surrounded the General's battalion on Spica, no one fought harder than me to save him. A MechWarrior is nothing without guts. This kid's got 'em. I'd hire him myself, but I'm tied up by red tape right now. You aren't."
1	Details	Later that night, when you return to your quarters you receive a [[DM.BaseDescriptionDefs[LoreHPG],HPG]] message titled: "Word From a Friend."

"I noticed you were looking into [[DM.BaseDescriptionDefs[LoreSamuelDannen],Squire's]] background, Commander." [[DM.BaseDescriptionDefs[LoreJustinAllard],Justin Allard]] appears on your screen. "Your diligence should be applauded. I won't lie, the boy is green, but he's a fighter."

"You know, I barely got through my training Sakhara Academy. My instructors doubted me. My classmates insulted me over my Capellan heritage. They gunned for me during every drill. I didn't learn a thing, just did my best to survive."

"But one day, General Sheridan Courtney inspected our class. No simulations. He put us in 'Mechs and kept us in them until he wrung all the sweat and puke from our bodies. I was the only student who earned his top marks."

"Years later, when the Liao forces surrounded the General's battalion on Spica, no one fought harder than me to save him. Check the Hiring Hall for Squire. I trust you'll make the right decision."
1	Details	You send a brief message back to the MRB contact, explaining that [[DM.BaseDescriptionDefs[LoreSamuelDannen],Squire]] would be a liability. Later that night, when you return to your quarters you receive a [[DM.BaseDescriptionDefs[LoreHPG],HPG]] message titled: "Word From a Friend."

"Liability?" [[DM.BaseDescriptionDefs[LoreJustinAllard],Justin Allard]] growls on your screen. "You know, I heard the same and worse at the Sakhara Academy. My instructors doubted me. My classmates insulted me over my Capellan heritage. They gunned for me during every drill. I didn't learn a thing."

"But one day, General Sheridan Courtney inspected our class. No simulations. He put us in 'Mechs and kept us in them until he wrung all the sweat and puke from our bodies. I was the only student who earned his top marks."

"Years later, when the Liao forces surrounded his battalion on Spica, no one fought harder than me to save him. Given your unorthodox career, I expected better from you, Commander."
1	Details	Yang's eager face makes it a little harder to strike a stern tone. "Chief, I'm going to give you this shipment. But," you add forcefully, "this time, I don't want to find half of your technicians in the MedBay. I mean it."

Two days later, Yang shows up unannounced in your quarters. There's sweat on his brow, and his mechanical hand fiddles with an oil-soaked rag. "Boss… I swear it wasn't the Triple-F's fault. We cooked those patties until they were practically charcoal briquettes!"

You unconsciously try to rub the stress out of your forehead. "What's the bottom line?"

Yang considers for a moment. "I've scheduled shorter and more frequent shifts, and I've set up a couple rows of emergency latrines. Our efficiency should only be negatively impacted for a week, Boss. Tops."
1	Details	Darius opens the morning briefing with a scowl on his face. "We picked up new supplies a few weeks ago, and we're just now opening some of the crates of machine tools. And, well, I can't believe this has happened <i>again</i>, but…"

Yang practically explodes from his chair. "We have more frozen [[DM.BaseDescriptionDefs[LoreTripleFBurger],Triple-F Burger]] meat! Do you know how hard this stuff is to come by in the Periphery?"

Dr. Murad sighs audibly. "Please tell me that the refrigeration was still operational. I don't want a repeat of last time."

"Don't worry, Doc—my team will take care of the goods." Yang flashes you a winning smile. "What do you say, Commander? Burgers on the menu?"
1	Details	Darius grants shore leave to several of the most deserving, or perhaps the most disruptive, MechWarriors. 

Rumors of the crazy things they got up to on [[TGT_SYSTEM,{TGT_SYSTEM.Name}]] make their way to the senior staff, but when they return, Darius imposes tighter discipline than before. The time off results in compliance with few further complaints.
1	Details	An idea pops into your head. "Chief… you're kind of an expert on Triple-F burgers. Do you think that the hydroponics garden has what you'd need to recreate the real thing?"

Yang's face takes on the stony expression that you've come to associate with complicated refit orders. "From what I've heard, this stuff is basically whale meat, so I'll have to improvise… but yes. Challenge accepted!"

By the end of the week, Yang and his MechTechs had raided the garden and retrofitted a blast furnace into a makeshift grill. Somebody even decorated the mess hall in Triple-F's trademark colors.

While only those who've traveled in Davion space can attest to the accuracy of the burgers, everyone agrees that they're delicious.
1	Details	Sumire takes the Leopard for a low altitude circuit of the moon, relaying her findings back to the <i>Argo</i>'s computers. Over the course of the week she studies the collected data, then delivers her report.

"Commander, we didn't find anything radical, but we did get decent data on some more obscure parts of the landscape. If we're lucky, we'll be able to offset the cost of acquiring the scans. Full disclosure, though… I'm not feeling very lucky at the moment."
1	Details	You shake your head. "I want to stay focused on the contracts available here in [[TGT_SYSTEM,{TGT_SYSTEM.Name}]]. Maybe another time."

Sumire slowly nods in agreement. "Of course, Commander. I'll keep watching the opportunities as they zip by." She turns on her heel and briskly marches the other direction.
1	Details	Sumire falls in beside you as you depart the mess. "Did you notice the odd moon around this planet? It's quite the point of interest for Periphery scientists… they just can't get enough data on it."

She eyes you speculatively. "If we bring the <i>Argo</i> close enough, I could take some sensor readings. Could make for a little easy money. Or, hey, here's an idea, I could take the Leopard down to the surface to do more extensive research. What do you think?"
1	Details	Despite being a war orphan, Sven Toraldson grew up pretty much the same as any other kid in the Capellan Confederation, courtesy of the foster parents the government assigned to him. He battled with toy 'Mechs, watched heroic holovids and dreamt of adventure. When he was old enough, his parents sent him off to enlist.

Boot camp was quite the knock to his daydreams, but he was determined to stick it out. His drill seargeant, watching his early efforts, said disparagingly, "You're no Ajax", and for a long time the nickname clung to him. But while many of Sven's contemporaries found glory, or death, or other careers, he stubbornly continued to 'stick it out'. There was a pension waiting for him eventually and he was too set in his ways to learn a new trade. Eventually, when he was older than almost everybody in his battalion, he picked up a new callsign: Ulysses.

At the end of twenty years, he mustered out with the pension he'd been waiting for, with a nice - if not very significant - medal in a box and a timepiece everybody'd chipped in to give him. He was now free to live a life of leisure, enjoying his later middle years... and it turned out to be exactly as boring as he was afraid it would be.

So he headed out to the Periphery to find work in a mercenary company, letting his pension pile up in his bank account, waiting for another go at retirement. Maybe in another twenty years.


1	Details	Auri Tilson grew up in the backwaters of the Outworld Alliance, craving the excitement his ancestors had eschewed. There was a war out there, and he was far too young to appreciate how it had barely touched his home. When he was old enough, he enlisted and opted for off-planet service.

By the end of his first tour, he'd realized that while he enjoyed working in a BattleMech unit, he disliked the discipline of military life. He mustered out and went to Solaris VII, where he spent ten years working his way up through a stable, starting out as a pilot and eventually becoming a coach and manager. But he spent many seasons falling short of his tournament ambitions. Noting the exodus of several up-and-coming young stars from Solaris VII, he came up with a plan to travel the Periphery, recruiting from among the mercenaries there for a new stable that could could at last win the Grand Tournament.


1	Details	The son of military reservists in the Federated Suns, Aidan Slipais decided to step up the family commitment to military action by attending one of the military academies. Aptitude testing there declared him to be a good fit for special ops, so when he graduated from the Academy, he gave it a try.

His superior officers found very little to complain about, but in the old fairytale parlance, Aidan himself found it 'too hot'. So on his next tour, he opted to join a regular unit, to see if he enjoyed the more relaxing pace of overt warfare more.

He found his special ops experience quite useful in commanding his unit, and once again, his commanding officers had nothing but praise for his performance. Alas, for the Armed Forces of the Federated Suns, he found it 'too cold'.

So, in search of something that would get his blood pumping but not make his hair stand on end, he retired from military service and traveled to Solaris VII. He joined a stable, participated in some bouts, and found a new chapter in an old story: 'too expensive'.

Now, he works as a mercenary in the Periphery. It isn't the military career he dreamed of as a child, but for now, it's 'just right': the perfect mix of excitement and downtime in an all-expenses-paid environment.


1	Details	Daksis Rand grew up with information technology as his playground. He was raised on Hachiman in the Draconis Combine, the child of IT executives, and he got an early start dabbling in the digital world. He was a rising star at the technology academy he attended, until certain extracurricular activities related to an illegal information brokerage came to light. While nothing was ever proven against him, he left the academy under a cloud of suspicion.

Using his skills, he managed to hide his dubious record and get a job at Victory Industries, where he worked hard to keep his record clean. If information on a salvage breakthrough leaked, well, there was no evidence it was his fault. Except when that record he'd cleaned up came to the attention to the Internal Security Force and they considered that evidence enough.

Once again, Daksis had to forge a new identity for himself, and this time, he had to burn through quite a few connections just to survive. Once he made it to the Periphery, the pressure eased and he was able to relax a little once again. He decided, for his own health, that he ought to retire from information brokering. So now he's working as a mercenary because, as he says, it keeps him out of worse trouble.


1	Details	Farida Lamb was born on Katinka in the Aurigan Coalition, the second child of a runaway Magistracy noble and a retired MechWarrior. After Farida's mother was was compelled to return to her duties, Farida was raised exclusively by her father, who had settled down to run an arcade and general store that catered to hopeful prospectors. She grew up being trained on BattleMech simulators by her father, who incorporated the training into their lives so naturally that she never quite realized what an excellent MechWarrior and trainer he was. She despaired of his happy-go-lucky nature, but idolized her elder brother who, like her, had inherited their mother's sober, responsible nature.

Unfortunately, due to events she never quite understood, her brother left Katinka while she was still a teen, taking her father's previously-hidden BattleMech with him. Though she wanted to follow him, that sense of responsibility kept her at her father's side. It wasn't until Espinoza's coup that her father revealed that he was perfectly capable of handling the store without her, and unleashed her on an unsuspecting Periphery.

She's spent her time since working as a mercenary, constantly striving to improve herself, constantly comparing herself to an impossible ideal. A quiet woman, more than one strutting braggart has underestimated her, sometimes to their sorrow. She never, ever argues with leadership decisions she disagrees with. If she decides a line has been crossed, she acts as she considers appropriate. She's left more than one angry mercenary commander behind.


1	Details	Michael Woods was born to a middle-class family in the Federated Suns. He grew up loyal to House Davion, as every child did. He even attended the Robinson Battle Academy, where his loyalty to House Davion was complemented by indoctrination with the hatred for the Draconis Combine so common in Robinson graduates. But he was never able to graduate from Robinson Battle Academy. During a live-fire examination conducted though a punitive raid on Delacruz, Michael was deep behind enemy lines on a reconnaissance mission when recall orders came in from central command. So far from the landing zone and unable to arrive safely before liftoff, he was abandoned and left for dead. Fleeing deep into the forested wilderness, he left his assigned 'Mech, a battered old SDR-5V Spider, under a makeshift shelter. He adopted a local name to help hide his identity, and masqueraded as a member of the unproductive class until he could secure transport off-world.

At first, he expected all the horror stories fed to him about the Combine to be the truth, but quickly learned that not only had much of what he'd been taught been a gross vilification, but numerous atrocities that pushed the boundaries of the Ares Conventions that his own forces had committed were never spoken of. He also began to suspect that he was intentionally abandoned by his COs for being of civilian blood. Selling his services as an unlicensed mercenary to the Delacruz yakuza oyabun, and eventually to other private concerns, he quickly gained a reputation for skill in reconnaissance and guerrilla campaigns. Now, though he has moved far beyond the Combine-Suns border, he hopes to one day strike back at the former COs who left him for dead.


1	Details	The son of a Free Worlds League blue-collar family with ambitions, Griffin Voyls was an easy-going child who nonetheless always knew his own mind. Although his family encouraged him to enlist or attend a military academy, he chose to go to a technical school because he was pretty sure the discipline of a military enlistment wouldn't suit him.

However, in his last year of school, the military made a serious attempt to recruit him, promising him a position to suit his tastes. He decided to give it a try and accepted a position as a crew member on a military DropShip. Unfortunately, while the discipline and work suited his tastes, DropShip life turned out to be far too close to the front lines for his low-key personality.

He returned to civilian work, doing technical work on industrial 'Mechs. But the war found him again. As he looked at the battlefield his work site had turned into, he realized the only way to manage in the world now was to stay moving, and his preferred way to do that was in a mercenary company. If ever he serves as a pilot, well, at least there's a whole bunch of armor between him and the enemies trying to kill him.


1	Details	While Todd Ryia was born in the Outworld Alliance, his blue-collar family immigrated to Solaris VII in his early childhood. Raised among tradesmen working among the residents of Solaris VII, he developed early a jaundiced eye toward the gladiatorial industry.

When he was an adult, he enlisted in one of the local security firms. First as a beat officer and then as a detective. After some time, he was invited to join the Solaris PD special forces unit. He became intimately familiar with the dark side of the gladiatorial industry, as well as the inside of a 'Mech.

He lived for his work, for the sense that he was accomplishing something. Until one day he was set on the task of tracking down the person behind a series of brutal murders that led across the International Zone. Through the whole damn city, and through a sordid story that had, at its heart, a betrayed warrior princess with eyes like cinders, and that ended with a mercenary DropShip returning to the sky.

Todd's jurisdiction ended there. Unless she returned, he had other cases to solve. But somehow, he couldn't let go. The purity of the girl in the holovid haunted him. He had to follow her, find her, hear her story for himself. He had to find the lies, or accept his own failure.

So now... well, he's been in 'hot pursuit' for a few years, working hard on finding her. But she's too smart to use her gladiatorial name as a mercenary, and his holo-vid of her was stolen a year ago, so he's not quite sure he'd recognize her anymore, but... she's out there. Somewhere. And maybe, if he finds her, he'll finally be able to sleep peacefully again. Meanwhile... he has to eat.


1	Details	Kyone Akashi was the eldest child and first daughter of a DCMS MechWarrior. Her father decided early to train her to inherit his skills, as she was by far the most aggressive of his children. She spent her childhood being taught by retainers, while being instructed remotely by her father. On his rare return visits, he would test her. When she was fourteen, she won early admission to the Benjamin District Gymnasium.

Shortly before she could graduate from the Gymnasium, her father was arrested as a traitor and the family assets were seized by ISF. She learned this when a friend of her father's attempted to kidnap her from the school for her own protection. After verifying the prisoner's story, she decided to accompany him off-planet so that she might investigate and, if needed, avenge her family.

Her guardian had other plans. Soothing her with talk of a long game, Kyone and 'Uncle' Yosuke spent several years traveling from one system to the next, with less and less talk of returning to Shirotori. Eventually, having traveled enough to realize the futility of it, Kyone gave up talk of justice and revenge.

Soon after, Yosuke's money ran out. Coincidentally, they happened to be on Solaris VII at that point. Bored with constant travel, Kyone chose not to dig below the surface of her guardian's request that she participate in gladiator fights to help with the bills.

She won early and often, and the financial pressures on her protector eased. But as her battles became more and more carefully arranged, and more and more risky, Yosuke's financial burdens grew again. And yet Kyone enjoyed herself... until one bloodsoaked black night all her pleasure in the arena vanished forever. That was the night she discovered Yosuke, brutally murdered over secret debts he'd incurred supporting her all those years, and set out to punish those who had once again taken her family.

That was then. Now... she's in the Periphery, alone, working as a mercenary MechWarrior. She doesn't talk much. And when she fights, she's very, very hard to stop.


1	Details	Risenki Ariamaki was born on a merchant ship in the Outworld Alliance, to an extended family of tinkers and traders that spent far more time traveling between systems than planet-side. He grew up learning almost all of the trades associated with spacefaring merchants, but was far better working with his hands than bartering with customers.

For many years, he felt he had nothing to complain about as one of the younger members of a very large family. However, as the oldest generation began passing away, Risenki found himself being drawn into the more complicated squabbles of the new generation of leaders. He hadn't minded obeying the dictates of his grandparents and great-aunts. But his aunts and uncles would hand him responsibility and then countermand his instructions to his juniors, then berate him when things didn't turn out as they wished. This was simply not the life he wished to lead.

So, after much thought, he struck out on his own. He had some trouble finding work outside of the connections of his family, and at last washed up on Solaris VII. Here, he found there was always work in one of the gladiatorial stables. When they put him in a BattleMech, he further found they were far easier to pilot that he'd expected. However, he was not of a warrior mindset, and as soon as his contract with his stable was completed, they let him go.

He returned to wandering. However, he now had skills that were always in demand among the mercenary companies of the Periphery. While he could not shine in gladiatorial combat, he enjoys working as part of a mercenary lance. He gets instructions, and he works with his 'Mech to accomplish his task, and all is well. Well, for him. Not so much for those he steps on.


1	Details	Karina Spenthia Yvonne Marsin, scion of the First Families of the Federated Suns, had the most ancient and noble of lineages. And, oh, she had a very fine education, the best of weapons, the shiniest of buttons. She had the wisest of older sisters and the kindest of younger brothers. And yet she was so, so bored.

There was so much she could get away without anybody noticing. So much that nobody needed, so much that would hardly even be noticed if it went missing. So much others were forced to do without. <i>Not</i> that she particularly valued giving away her scores to the poor. Except... it did make her laugh to see her least favorite cousin's dress on a grubby nine year old.

One day, though, somebody did notice. Perhaps, <i>perhaps</i> because she'd wanted them to. Perhaps she'd gotten more and more brazen, more and more taunting, until they couldn't help but catch her, red-handed, black-suited. Oh, the looks on their faces!

But though she was a humiliation, though she was a scandal, still she was a Marsin. She skipped, singing, into her exile in the Periphery. There she did quite, quite well turning her hobby into a career. Until one day, she opened a vault that was much larger than expected and found her first BattleMech.

She may have lost it since: to a thief, a <i>thief</i>, a thief she'll <i>find</i> someday and... In any case, being a MechWarrior-for-hire is a nice change from the boredom of burglary. For now.


1	Details	Soren Holmgren's family on Rasalhague was not historically involved in the ongoing resistance against the principality's Kuritan conquerors. His father was an office worker, while his mother painted landscapes. But then the Coordinator of the Draconis Combine was assassinated in 3004 by a Rasalhague nationalist, and as punishment, random executions were ordered. Soren's father was one of those so punished, destining Soren for a lifetime dedicated to striking back at House Kurita.

As soon as he finished technical school, he volunteered for the Rasalhague liberation guerrillas. They further trained him in covert operations focused on repositioning military hardware. Stealing BattleMechs is far more technical than merely piloting them, requiring both skills and specialized hardware. Soren excelled at it, substantially reinforcing the armories of the liberation guerrillas while maintaining a cover as a quiet vehicle mechanic.

But these things never last forever. Eventually, you get discovered. The Rasalhague resistance force was grateful enough to get Soren and his remaining family off-planet. Now, his family resettled on a Periphery world, he works as a mercenary pilot, preferentially seeking out contracts against House Kurita, so he can continue his vendetta.


1	Details	There's only one path for a war orphan raised in a group home in a nation where the same war yet rages. Bjorn Hummel, of the Lyran Commonwealth, joined the LCAF as soon as he was of age, alongside many of his foster siblings.

Their group home had been a good one, and he and his foster siblings kept in close contact after their different assignments. Until his promotion to special ops, he shared almost everything with them. After, his letters closed down, and he saw the same slow withdrawal from them as the war pulled them away from each other. Eventually, for too many of them, he'd get one final letter about them, from the person who'd raised them, informing him of their death. And once, through shady means, he received a letter full of secrets, sent by a foster brother who subsequently died.

These weren't secrets to shake a nation, or destroy a company. Not in a galaxy at war. But they were secrets to shatter a soul, and they came too close to some of Bjorn's own experiences for him to lock away. A year of poor sleep rendered him unfit for duty, and he was discharged from the LCAF.

The nightmares eased a little, then. But he soon found the only way he could really sleep at night was if he was engaged in a cause he could really believe in. He's picky about his contracts, now. He's going to make things better.


1	Details	One of the many children orphaned by the Third Succession War, Jeffrey Scott was lucky enough to be adopted by the noble Scott family of the Free Worlds League, and raised as a cherished member of their large family.

After being educated at a local military academy, his family arranged for him to work at a military testing range instead of on the front lines. Not an uncommon act at the time, he still welcomed the opportunity to broaden the MechWarrior skills he'd acquired during school sports.

What could have been a splendid career was severely curtailed when he discovered that one of his siblings had been using him as a catspaw in a criminal endeavor with the potential to destabilize a Duchy. Rather than be indicted and betray his foolish brother, he abandoned his position.

Now he travels the Periphery, taking work as a mercenary. Perhaps he'll make it home again. Perhaps not. Most of his stories of old days are of the Shadow Hawk he piloted on the test range, and if he'll ever see it again.


1	Details	Nicolette McKinney was born on Tyrlon VI, the middle child of middle-class parents. She was a quiet, undemanding child in a large and noisy family, and spent most of her time reading books. When she was a teenager, she made more friends, started career training, had a romantic relationship... and somehow, without anybody really noticing, Fell In With A Bad Crowd.

It wasn't her, not really. It was her lover who, while a wonderful person, just couldn't seem to avoid getting in over their head with some <i>really</i> questionable people. And, over and over again, it was up to Nicolette to get them out of trouble. Eventually, those questionable people started paying Nicolette for her work, and she was lying every holiday to her family about what she did for a living, and she told herself every job was the last one. But every time she thought she'd escaped, her old friend would come back to her again.

One day, after providing recon support on a sabotage mission, she realized just how far her employers had stretched. The ruling house of the Aurigan Coalition fell, and she, Nicolette McKinney was, just a tiny bit, culpable.

That was the push she needed. She said farewell to her family, wrote a painfully long letter to her old lover, and talked her way onto the first mercenary ship she found leaving the system. She's been fighting ever since, and hoping like hell that nobody from her past life ever tracks her down.


1	Details	Born and raised on Mechdur, Anja Bray was orphaned early in a vehicle accident. She spent part of her childhood in a group home before being fostered with a family of small business owners and philanthropists. They saw that she received a good education, and after, that she had a place in their enterprise.

Unfortunately, although she tried very hard to impress her benefactors, she was incurably honest. Not just honest, but <i>truthful</i>, in a way that embarrassed even customers of the business. Her family-turned-employers took her off the sales floor. <i>Nobody</i> wanted her on the admin level, so they sent her back to school for an advanced degree. They intended, eventually, to put her in an advisory position, but their kind intentions were derailed by happenstance. One day, while she was on a field trip, her convoy was attacked by one mercenary company, and rescued by another. During the battle, Anja found herself in a pilotless 'Mech and discovered that the same trait that made her unable to resist describing the problems with products also gave her a keen eye for picking out the perfect shots from a 'Mech cockpit.

Well, it wasn't what her foster family wanted for their Anja, but they were too much the businesswomen to let an opportunity like that skate by. Soon Anja was working regularly as a convoy guard, which only lasted until she got bored enough to transfer to a mercenary company. Because, as she told her family, if she was going to sit in a 'Mech all day, she at least wanted to see new places. She promised she'd write them. Her letters have all sorts of interesting details, and they always know that if she says she's all right, she's doing just fine.


1	Details	Octavio Zhou is from a minor noble House in the Itrom system. The second son of a second daughter, he grew up as indulged and arrogant as any young noble from a basically peaceful world. He was piloting 'Mechs as soon as he was big enough to wear a neurohelmet, playing at war with his cousins and participating in local tournaments. When he was of age, he joined the Itrom system security force as all nobles from his House traditionally did. He anticipated a glorious two years chasing pirates across lunar landscapes, and firmly planned to extend his military career as long as he could.

Unfortunately, in his first year of service, his lance was ambushed and Octavio was so badly injured that his tour of duty ended immediately. Even though he was attended to by the best doctors in the system, it took him over a year to recover full mobility. By the time he had, he'd found something more interesting to him than war games and tournaments.

While he was recovering, he was visited often by a more bookish cousin. When he was an up-and-coming MechWarrior, Octavio hadn't seen the appeal of reading for pleasure but after days of tedium and a few careful selections by his cousin, the young noble became a convert. Alas, he did not become <i>scholastic</i>, as some of his elders hoped. No, Octavio became an inveterate reader of fiction, of <i>novels</i>, and of the trashiest variety.

He spent years reading genre classics he'd ignored as a child. He participated in book clubs, along with other aspects of society he'd previously scorned. He was, in general, a somewhat distracted but very well-behaved noble scion. And then the war his younger self had dreamt of invaded his home.

His was only a minor House, but everybody had to pick sides after Espinoza's coup. Octavio and most of his family were unquestionably on the <i>wrong</i> side, and leaving Itrom was their only option. In the wilds of the Periphery, they were no longer a noble family. They all needed to work for their dinner. Fortunately, Octavio's active youth left him with a marketable skill that never went out of style, and he found work as a mercenary 'Mech pilot.

It is, he admits, more interesting than society on Itrom. There are so <i>many</i> personalities all crammed together on a mercenary DropShip. It's giving him ideas. And one day soon, he's going to finish his own novel. It's sure to be a hit.


1	Details	Samuel Dannen was a smart but troublesome child who devoured books and holovids about legendary MechWarriors.

Born on Kittery, he watched the 1st Kittery Borderers' exercises near the garrison as he grew up. Too poor to enter the local military academies, he spent years as a civilian, drifting between dead end jobs until he earned a position as a mechanic at the garrison. Some nights after repairing the 'Mechs, he would sneak back in. He spent these nights learning the complicated controls inside each 'Mech. That is until he was discovered one night and fired. No charges were pressed, but the head mechanic couldn't afford to keep him on any longer.
1	Details	Erin Sosa is the sole offspring of a Guldra space station deputy administrator of - in their own words - 'uncommon sense but no great genius', and it wasn't until Erin was nearly four years old that anybody suspected there was something unusual about the child. After young Erin broke a standardized aptitude testing program three times, their preschool counselor referred them to a planetside specialist. Erin's parent, who couldn't afford such things and felt that their child was just fine, declined at first to follow up. It wasn't until the counselor contacted the specialist and the specialist presented himself at Erin's parent's door that Erin's capabilities were properly evaluated.

After that, Erin's childhood became a tug-of-war between their parent of uncommon sense and a bevy of interested other parties who wanted to stake an early claim to Erin's genius. It was impossible for Erin to be oblivious to this, but they adapted cheerfully to stressors that might have crushed another child. Erin's parent, who wanted above all to make sure their child grew up happy and healthy, refused to push their child in any particular direction. But when House Madeira got directly involved, it was impossible for Erin or their parent to resist. Erin's parent was granted a large honorarium and a dwelling planetside, and Erin themself was fast-tracked into the most elite branch of the House Madeira Guard.

And then Espinoza's coup happened. Like so many dispossessed loyalists, Erin Sosa is now working as a Periphery mercenary. Their parent is somewhere safe for now, and someday, perhaps they'll both get to go home again.


1	Details	DEPLOYS A UAV FROM THE UNIT'S STORAGE OR ARGO.

 <b><color=#e11919>Costs 10 000 C-Bills per use!</color></b>

 <b><color=#15df37>Can deploy one UAV per contract!</color></b>
1	Details	The Remote Drone Command Console is a modification of the standard Cockpit Command Console, changing the role of the second MechWarrior to instead control remote drones. Allows either deploying a remote drone network or a single UAV under your control. The UAV may be either the default UAV or another compatible unit from the Beacons you own aboard the Argo.

 <b><color=#e11919>Costs 10,000 C-bills per use!</color></b>

 <b><color=#15df37>Press the button, then hold Shift while placing the unit to open the selection menu!</color></b> 

 <b>Basic UAV</b> carries a BA RL5. It can Sensor Lock enemies in a 30 meter radius with a 3 turn cooldown. 20 armor, 10/15 move, 150 meter fly height.
1	Details	DEPLOYS A UAV FROM THE UNIT'S STORAGE.

 <b><color=#e11919>Costs 10 000 C-Bills per use!</color></b>

 <b><color=#15df37>Can only deploy one UAV per contract!</color></b>
1	Details	Tane Bennett was born on the archipelago of Zangul, on one of the roving fleets that served as fishing villages for the planet's solitary starport city. He spent most of his childhood barefoot, learning to climb and jump and instinctively calculate odd angles. When he was nearly grown, he was 'banished' to the starport for complaining too much about fishing. There, he saw his first BattleMech and was thoroughly unimpressed by how big and awkward they were.

In the starport, his unique skills earned him unusual attention, and soon he was recruited by a mercenary company for a very particular form of covert operations. However, they neglected to properly indoctrinate him before unleashing him, and when the moment came for him to complete a particularly dishonorable assassination, he froze, fumbled, and fled.

That was years ago. He never returned to his original mercenary company, but there are plenty of others. While he initially disliked BattleMechs, he now finds solace in piloting one. It's a way of earning his keep that reveals a face <i>still</i> on Wanted: dispatches only to his mercenary teammates.


1	Details	Page Alarcon was born on Ryans Fate, and feels that fully describes them. But just in case you're unfamiliar with Ryans Fate (lucky you!) they're willing to elaborate. They were one of many children of an industrial 'Mech pilot and her technician on a hot, desolate wasteland only valuable for the poison it harbors under the surface.

Page grew up constantly aware of the omnipresence of doom. It was unavoidable, but out of familial respect, Page made at least a token effort and thus made it to adulthood. Then, having already lost two siblings to the mines of Ryans Fate, they carefully weighed the risks and decided that, out of familial respect, piloting a mercenary BattleMech would be safer than staying at home.


1	Details	Ellis Simonsen was born and raised on a space station orbiting Coromodir V, the only child of a team of engineers who decided to have a child as a bonding exercise. It was, he freely admits, a weird childhood. He managed to develop a completely normal personality, with good metrics in every field that mattered and his parents are still patting themselves on the back about that twenty years later.

He went to a military academy on Coromodir VI, and after graduation pursued further schooling before joining the Royal Guard. There, he quickly became a popular lieutenant due to his mild personality, dependable nature and general patience. Unfortunately, in 3022, a new commanding officer made the mistake of assuming all those positive traits meant he would blindly obey illegal orders.

After incapacitating his commanding officer, he directed his command in the defense of House Arano until it was clear there was no immediate hope in that regard. He then saw to his command's safety before escaping off-world. Now, he works as a mercenary while monitoring the Aurigan situation, waiting for a chance to once again honor his oaths to House Arano.


1	Details	Some people say the spores of the fungal planet Regis Roost instill the inhabitants with a less than serious outlook on life. If so, that isn't apparent in Aadya Mehra. For Aadya, life is stern and life is earnest. She worked very hard on Regis Roost, learning everything she was taught, taking it all seriously. She thought deeply about everything around her; she even read poetry and, as a result, ran into walls a lot.

They put her in a 'Mech early as a result. It started as one of those Regis Roost jokes. But the child had a gift, and it did mean she got fewer bruises from running into things. Of course when she grew up, she looked for work as a mercenary. The regular military would have probably kicked her out the first week - or so said her uncles - so it had to be mercenaries if she wanted to get off Regis Roost. And she really, really did. There were other planets with things like <i>trees</i> out there!

Now that she has some experience as a mercenary, 'Mockingbird' tries her best to set an example for rookie pilots, and to emulate the more mature ones... sometimes to her own embarrassment.


1	Details	Amanda Ahn, who was born on 'a little planet nobody's ever heard of' always knew she was going to be a star. She started out by participating in local talent shows, where she repeatedly won Miss Congeniality, but didn't quite catch on with the local population of farmers and biologists. But after watching the 'Mech dance routine teenage Amanda put together, a supportive great-aunt scraped together the funds to take herself and her young charge off to Solaris VII. There Amanda trialed at several gladiatorial stables before her savvy great-aunt provoked a small bidding war between the stables to get Amanda one of the most excellent rookie contracts in recent history. It was an uncommon move, but Amanda Ahn was an uncommon find even in gladiatorial circles, and she went over big from the beginning. An absolute natural in the cockpit, she was a popular sensation due to her skills, style, optimism, and scrappiness.

She was living her dream, and she loved it, all the way until her great-aunt died. Her new agent, while good at the business end of things, didn't have Amanda's great-aunt's sense of how to protect Amanda's temperament from some of the darker elements of the Solaris VII gladiatorial world. As Amanda coped with the loss of a most beloved mentor, she was still expected to be her famously cheerful self. She couldn't do it alone, and turned to stimulants and alcohol for help. Eventually, as it did with so many gladiators, it backfired on her. Caught up in a hideous scandal, Amanda was advised by her new agent to leave Solaris VII for a few years so the scandal could be forgotten. Ashamed, and glad to escape from the pressures of Solaris VII celebrity, Amanda did so, heading out to the Periphery to take up work as a mercenary and, hopefully, keep her nose clean.


1	Details	Aleksandr Mizahri comes from Tyrlon V, where he probably had parents and was not actually constructed from spare parts by a sentient trash compactor. He grew up, he says, learning to translate between the strongly worded demands of AgroMechs and the overly-relaxed replies of the mail sorting robots.

It was tough keeping the peace between the two factions but somehow, by age ten, he managed it. As a result, he was accepted as a disciple of a particularly enlightened Dig King. While a disciple, he was taught The Way To Paradise, tested, found worthy, and then sent into the sky.

Although his mission is supposedly to spread knowledge of The Way, he's pretty terrible at evangelizing, preferring to drink, laugh, play card games and in general model 'good behavior'.

While the version he gives of his history is frankly ridiculous, there's not much else to be discovered. Born on the street, raised on the street, and coping however he could, he found something that brings him an inner glow and personal balance. He's very hard to rile up, and nobody can deny that he learned somewhere to be an excellent pilot.


1	Details	Einar Aliyev's bad luck started by being born on Panzyr, where a piece of space debris fell out of the sky and almost crushed the hospital. The only reason he survived his first day was due to the ancient BattleMech torso nearby where a decrepit old MechWarrior was enjoying his lunch. The old-timer saw the falling junk, fired up the 'Mech's lasers and blew it out of the sky. (This was, in fact, the old-timer's job, because stuff fell on Panzyr about every week around the time Einar was born.)

This pretty much set the tone for Einar's childhood. Something awful would happen to him as he was doing perfectly ordinary things like climbing on an overgrown spaceship wreck and yet, somehow, he'd survive. Barely. And then he'd get lectured on how he wasn't being careful enough.

So Einar grew up to be very, very careful indeed. And, as soon as he could, he left Panzyr, before something happened to make it impossible rather than merely very difficult. He had the fond but relieved farewells of his entire township, who rather hoped some of Panzyr's bad luck would go with him.

If it has, it's mostly been turned toward his enemies. He's a very competent MechWarrior, and well-liked among his peers. Nobody believes stories of his jinx, which is nice compared to back home. But he tries to not stay with any one company for long, all the same.


1	Details	Later that night, when you return to your quarters you receive a message titled: "Thanks." Magpie appears on your screen. "Thank you for giving me the benefit of the doubt Commander"

"I’m making final arrangements now and liquidating what is left of my stock, but I’ll be at the space port as agreed"

Oh and Commander, don’t think I haven’t forgotten our deal. I’ll have the coordinates for you once I’m on the Argo."
1	Details	You place a tick next to [[TGT_MW,{TGT_MW.Callsign}]]'s name on the datapad and scribble your signature.  Handing the pad to Darius as you stand up, "Ok, lets get [[TGT_MW,{TGT_MW.Callsign}]] to the MedBay and confirm {TGT_MW.SUBJ} {TGT_MW.Gender?NonBinary:still want|Default:still wants} to do this.

Darius jumps up and heads off to the barracks as you proceed to the MedBay to speak to the <i>Argo's</i> surgeon.

You arrive to find the surgeon inspecting the Neural Implant matrix.  They look up when you arrive, "Hello, Commander.  [[TGT_MW,{TGT_MW.Callsign}]] is being prepped for surgery as we speak."

You nod, "You feel comfortable performing this procedure?"

The surgeon nods back, "I do Commander.  I have done similar types of surgeries in my past before I hired on with your company."

You turn to exit the room, "Very well, let me know how the procedure goes."

<color=#33bbee>::::::::::::::::::::::::::::::::::::::::::::::::::</color>

Hours later, Darius finds you in the lounge, "Boss, I just wanted to tell you that there were serious complications with [[TGT_MW,{TGT_MW.Callsign}]]'s implants.  {TGT_MW.Subj_C} {TGT_MW.Gender?NonBinary:are|Default:is} fine but it will take extended rehab and simpod training before they are ready to get back into the field.  The extra time healing and training will set us back nearly 4x the initial costs."

You smile, and raise your glass, "The cost is irrelevant, I am just glad they pulled through.  Keep me posted Darius."
1	Details	You place a tick next to [[TGT_MW,{TGT_MW.Callsign}]]'s name on the datapad and scribble your signature.  Handing the pad to Darius as you stand up, "Ok, lets get [[TGT_MW,{TGT_MW.Callsign}]] to the MedBay and confirm {TGT_MW.SUBJ} {TGT_MW.Gender?NonBinary:still want|Default:still wants} to do this.

Darius jumps up and heads off to the barracks as you proceed to the MedBay to speak to the <i>Argo's</i> surgeon.

You arrive to find the surgeon inspecting the Neural Implant matrix.  They look up when you arrive, "Hello, Commander.  [[TGT_MW,{TGT_MW.Callsign}]] is being prepped for surgery as we speak."

You nod, "You feel comfortable performing this procedure?"

The surgeon nods back, "I do Commander.  I have done similar types of surgeries in my past before I hired on with your company."

You turn to exit the room, "Very well, let me know how the procedure goes."

<color=#33bbee>::::::::::::::::::::::::::::::::::::::::::::::::::</color>

Hours later, Darius finds you in the lounge, "Boss, I just wanted to tell you that there were minor complications with [[TGT_MW,{TGT_MW.Callsign}]]'s implants.  {TGT_MW.Subj_C} {TGT_MW.Gender?NonBinary:are|Default:is} fine and should be up and moving in the next couple of weeks and in a month or two should have enough simpod training to go out into the field.  The extra time healing and training will set us back double the initial costs."

You smile, and raise your glass, "The cost is irrelevant, I am just glad they pulled through.  Keep me posted Darius."
1	Details	You place a tick next to [[TGT_MW,{TGT_MW.Callsign}]]'s name on the datapad and scribble your signature.  Handing the pad to Darius as you stand up, "Ok, lets get [[TGT_MW,{TGT_MW.Callsign}]] to the MedBay and confirm {TGT_MW.SUBJ} {TGT_MW.Gender?NonBinary:still want|Default:still wants} to do this.

Darius jumps up and heads off to the barracks as you proceed to the MedBay to speak to the <i>Argo's</i> surgeon.

You arrive to find the surgeon inspecting the Neural Implant matrix.  They look up when you arrive, "Hello, Commander.  [[TGT_MW,{TGT_MW.Callsign}]] is being prepped for surgery as we speak."

You nod, "You feel comfortable performing this procedure?"

The surgeon nods back, "I do Commander.  I have done similar types of surgeries in my past before I hired on with your company."

You turn to exit the room, "Very well, let me know how the procedure goes."

<color=#33bbee>::::::::::::::::::::::::::::::::::::::::::::::::::</color>

Hours later, Darius finds you in the lounge, "Boss, I just wanted to tell you that everything seems to have gone fine with [[TGT_MW,{TGT_MW.Callsign}]]'s implants.  {TGT_MW.Subj_C} should be up and moving in the next couple of days and by the end of the month should have enough simpod training to go out into the field."

You smile, and raise your glass, "Good news indeed!  Keep me posted Darius."
1	Details	You place a tick next to [[SCN_MW,{SCN_MW.Callsign}]]'s name on the datapad and scribble your signature.  Handing the pad to Darius as you stand up, "Ok, lets get [[SCN_MW,{SCN_MW.Callsign}]] to the MedBay and confirm {SCN_MW.SUBJ} {SCN_MW.Gender?NonBinary:still want|Default:still wants} to do this.

Darius jumps up and heads off to the barracks as you proceed to the MedBay to speak to the <i>Argo's</i> surgeon.

You arrive to find the surgeon inspecting the Neural Implant matrix.  They look up when you arrive, "Hello, Commander.  [[SCN_MW,{SCN_MW.Callsign}]] is being prepped for surgery as we speak."

You nod, "You feel comfortable performing this procedure?"

The surgeon nods back, "I do Commander.  I have done similar types of surgeries in my past before I hired on with your company."

You turn to exit the room, "Very well, let me know how the procedure goes."

<color=#33bbee>::::::::::::::::::::::::::::::::::::::::::::::::::</color>

Hours later, Darius finds you in the lounge, "Boss, I just wanted to tell you that everything seems to have gone fine with [[SCN_MW,{SCN_MW.Callsign}]]'s implants.  {SCN_MW.Subj_C} should be up and moving in the next couple of days and by the end of the month should have enough simpod training to go out into the field."

You smile, and raise your glass, "Good news indeed!  Keep me posted Darius."
1	Details	You place a tick next to [[TRT_MW,{TRT_MW.Callsign}]]'s name on the datapad and scribble your signature.  Handing the pad to Darius as you stand up, "Ok, lets get [[TRT_MW,{TRT_MW.Callsign}]] to the MedBay and confirm {TRT_MW.SUBJ} {TRT_MW.Gender?NonBinary:still want|Default:still wants} to do this.

Darius jumps up and heads off to the barracks as you proceed to the MedBay to speak to the <i>Argo's</i> surgeon.

You arrive to find the surgeon inspecting the Neural Implant matrix.  They look up when you arrive, "Hello, Commander.  [[TRT_MW,{TRT_MW.Callsign}]] is being prepped for surgery as we speak."

You nod, "You feel comfortable performing this procedure?"

The surgeon nods back, "I do Commander.  I have done similar types of surgeries in my past before I hired on with your company."

You turn to exit the room, "Very well, let me know how the procedure goes."

<color=#33bbee>::::::::::::::::::::::::::::::::::::::::::::::::::</color>

Hours later, Darius finds you in the lounge, "Boss, I just wanted to tell you that everything seems to have gone fine with [[TRT_MW,{TRT_MW.Callsign}]]'s implants.  {TRT_MW.Subj_C} should be up and moving in the next couple of days and by the end of the month should have enough simpod training to go out into the field."

You smile, and raise your glass, "Good news indeed!  Keep me posted Darius."
1	Details	You place a tick next to [[SCN_MW,{SCN_MW.Callsign}]]'s name on the datapad and scribble your signature.  Handing the pad to Darius as you stand up, "Ok, lets get [[SCN_MW,{SCN_MW.Callsign}]] to the MedBay and confirm {SCN_MW.SUBJ} {SCN_MW.Gender?NonBinary:still want|Default:still wants} to do this.

Darius jumps up and heads off to the barracks as you proceed to the MedBay to speak to the <i>Argo's</i> surgeon.

You arrive to find the surgeon inspecting the Neural Implant matrix.  They look up when you arrive, "Hello, Commander.  [[SCN_MW,{SCN_MW.Callsign}]] is being prepped for surgery as we speak."

You nod, "You feel comfortable performing this procedure?"

The surgeon nods back, "I do Commander.  I have done similar types of surgeries in my past before I hired on with your company."

You turn to exit the room, "Very well, let me know how the procedure goes."

<color=#33bbee>::::::::::::::::::::::::::::::::::::::::::::::::::</color>

Hours later, Darius finds you in the lounge, "Boss, I just wanted to tell you that there were serious complications with [[SCN_MW,{SCN_MW.Callsign}]]'s implants.  {SCN_MW.Subj_C} {SCN_MW.Gender?NonBinary:are|Default:is} fine but it will take extended rehab and simpod training before they are ready to get back into the field.  The extra time healing and training will set us back nearly 4x the initial costs."

You smile, and raise your glass, "The cost is irrelevant, I am just glad they pulled through.  Keep me posted Darius."
1	Details	You place a tick next to [[SCN_MW,{SCN_MW.Callsign}]]'s name on the datapad and scribble your signature.  Handing the pad to Darius as you stand up, "Ok, lets get [[SCN_MW,{SCN_MW.Callsign}]] to the MedBay and confirm {SCN_MW.SUBJ} {SCN_MW.Gender?NonBinary:still want|Default:still wants} to do this.

Darius jumps up and heads off to the barracks as you proceed to the MedBay to speak to the <i>Argo's</i> surgeon.

You arrive to find the surgeon inspecting the Neural Implant matrix.  They look up when you arrive, "Hello, Commander.  [[SCN_MW,{SCN_MW.Callsign}]] is being prepped for surgery as we speak."

You nod, "You feel comfortable performing this procedure?"

The surgeon nods back, "I do Commander.  I have done similar types of surgeries in my past before I hired on with your company."

You turn to exit the room, "Very well, let me know how the procedure goes."

<color=#33bbee>::::::::::::::::::::::::::::::::::::::::::::::::::</color>

Hours later, Darius finds you in the lounge, "Boss, I just wanted to tell you that there were minor complications with [[SCN_MW,{SCN_MW.Callsign}]]'s implants.  {SCN_MW.Subj_C} {SCN_MW.Gender?NonBinary:are|Default:is} fine and should be up and moving in the next couple of weeks and in a month or two should have enough simpod training to go out into the field.  The extra time healing and training will set us back double the initial costs."

You smile, and raise your glass, "The cost is irrelevant, I am just glad they pulled through.  Keep me posted Darius."
1	Details	You place a tick next to [[TRT_MW,{TRT_MW.Callsign}]]'s name on the datapad and scribble your signature.  Handing the pad to Darius as you stand up, "Ok, lets get [[TRT_MW,{TRT_MW.Callsign}]] to the MedBay and confirm {TRT_MW.SUBJ} {TRT_MW.Gender?NonBinary:still want|Default:still wants} to do this.

Darius jumps up and heads off to the barracks as you proceed to the MedBay to speak to the <i>Argo's</i> surgeon.

You arrive to find the surgeon inspecting the neural map for [[TRT_MW,{TRT_MW.Callsign}]].  They look up when you arrive, "Hello, Commander.  [[TRT_MW,{TRT_MW.Callsign}]] is being prepped for surgery as we speak."

You nod, "You feel comfortable performing this procedure?"

The surgeon nods back, "I do Commander.  I have done similar types of surgeries in my past before I hired on with your company."

You turn to exit the room, "Very well, let me know how the procedure goes."

<color=#33bbee>::::::::::::::::::::::::::::::::::::::::::::::::::</color>

Hours later, Darius finds you in the lounge, "Boss, I just wanted to tell you that everything seems to have gone fine with [[TRT_MW,{TRT_MW.Callsign}]]'s implants.  {TRT_MW.Subj_C} should be up and moving in the next couple of days and by the end of the month should have enough simpod training to go out into the field.  It will take up to a year for them get 100% coordination back."

You smile, and raise your glass, "Good news indeed!  Keep me posted Darius."
1	Details	You place a tick next to [[SCN_MW,{SCN_MW.Callsign}]]'s name on the datapad and scribble your signature.  Handing the pad to Darius as you stand up, "Ok, lets get [[SCN_MW,{SCN_MW.Callsign}]] to the MedBay and confirm {SCN_MW.SUBJ} {SCN_MW.Gender?NonBinary:still want|Default:still wants} to do this.

Darius jumps up and heads off to the barracks as you proceed to the MedBay to speak to the <i>Argo's</i> surgeon.

You arrive to find the surgeon inspecting the neural map for [[SCN_MW,{SCN_MW.Callsign}]].  They look up when you arrive, "Hello, Commander.  [[SCN_MW,{SCN_MW.Callsign}]] is being prepped for surgery as we speak."

You nod, "You feel comfortable performing this procedure?"

The surgeon nods back, "I do Commander.  I have done similar types of surgeries in my past before I hired on with your company."

You turn to exit the room, "Very well, let me know how the procedure goes."

<color=#33bbee>::::::::::::::::::::::::::::::::::::::::::::::::::</color>

Hours later, Darius finds you in the lounge, "Boss, I just wanted to tell you that there were serious complications with [[SCN_MW,{SCN_MW.Callsign}]]'s procedure.  {SCN_MW.Subj_C} {SCN_MW.Gender?NonBinary:are|Default:is} fine but it will take extended rehab and simpod training before they are ready to get back into the field.  The extra time healing and training will set us back nearly 4x the initial costs.  The MedTech also suspect it will take nearly 2 years for them to regain full coordination back."

You smile, and raise your glass, "The cost is irrelevant, I am just glad they pulled through.  Keep me posted Darius."
1	Details	You place a tick next to [[SCN_MW,{SCN_MW.Callsign}]]'s name on the datapad and scribble your signature.  Handing the pad to Darius as you stand up, "Ok, lets get [[SCN_MW,{SCN_MW.Callsign}]] to the MedBay and confirm {SCN_MW.SUBJ} {SCN_MW.Gender?NonBinary:still want|Default:still wants} to do this.

Darius jumps up and heads off to the barracks as you proceed to the MedBay to speak to the <i>Argo's</i> surgeon.

You arrive to find the surgeon inspecting the neural map for [[SCN_MW,{SCN_MW.Callsign}]].  They look up when you arrive, "Hello, Commander.  [[SCN_MW,{SCN_MW.Callsign}]] is being prepped for surgery as we speak."

You nod, "You feel comfortable performing this procedure?"

The surgeon nods back, "I do Commander.  I have done similar types of surgeries in my past before I hired on with your company."

You turn to exit the room, "Very well, let me know how the procedure goes."

<color=#33bbee>::::::::::::::::::::::::::::::::::::::::::::::::::</color>

Hours later, Darius finds you in the lounge, "Boss, I just wanted to tell you that there were minor complications with [[SCN_MW,{SCN_MW.Callsign}]]'s procedure.  {SCN_MW.Subj_C} {SCN_MW.Gender?NonBinary:are|Default:is} fine and should be up and moving in the next couple of weeks and in a month or two should have enough simpod training to go out into the field.  The extra time healing and training will set us back double the initial costs.  It may take them 18 months to get their coordination back as well."

You smile, and raise your glass, "The cost is irrelevant, I am just glad they pulled through.  Keep me posted Darius."
1	Details	You place a tick next to [[TRT_MW,{TRT_MW.Callsign}]]'s name on the datapad and scribble your signature.  Handing the pad to Darius as you stand up, "Ok, lets get [[TRT_MW,{TRT_MW.Callsign}]] to the MedBay and confirm {TRT_MW.SUBJ} {TRT_MW.Gender?NonBinary:still want|Default:still wants} to do this.

Darius jumps up and heads off to the barracks as you proceed to the MedBay to speak to the <i>Argo's</i> surgeon.

You arrive to find the surgeon inspecting the neural map for [[TRT_MW,{TRT_MW.Callsign}]].  They look up when you arrive, "Hello, Commander.  [[TRT_MW,{TRT_MW.Callsign}]] is being prepped for surgery as we speak."

You nod, "You feel comfortable performing this procedure?"

The surgeon nods back, "I do Commander.  I have done similar types of surgeries in my past before I hired on with your company."

You turn to exit the room, "Very well, let me know how the procedure goes."

<color=#33bbee>::::::::::::::::::::::::::::::::::::::::::::::::::</color>

Hours later, Darius finds you in the lounge, "Boss, I just wanted to tell you that there were minor complications with [[TRT_MW,{TRT_MW.Callsign}]]'s procedure.  {TRT_MW.Subj_C} {TRT_MW.Gender?NonBinary:are|Default:is} fine and should be up and moving in the next couple of weeks and in a month or two should have enough simpod training to go out into the field.  The extra time healing and training will set us back double the initial costs.  It may take them 18 months to get their coordination back as well."

You smile, and raise your glass, "The cost is irrelevant, I am just glad they pulled through.  Keep me posted Darius."
1	Details	A knock sounds on your office door and you push a button on your desk to open the door.

Darius strides in with a datapad, "Commander, the initial evaluations for candidates to undergo surgery for [[DM.BaseDescriptionDefs[LoreNeuralImplant],Enhanced Imaging Neural Implants]] has come back.  These three volunteers have completed the assessment and should meet your requirements:

[[TGT_MW,{TGT_MW.Callsign}]]
[[SCN_MW,{SCN_MW.Callsign}]]
[[TRT_MW,{TRT_MW.Callsign}]]

You just need to sign that form on the screen and we can proceed from there."
1	Details	A knock sounds on your office door and you push a button on your desk to open the door.

Darius strides in and hands you a datapad, "Commander, the initial evaluations for you to undergo surgery for the [[DM.BaseDescriptionDefs[LorePainShunt],Pain Shunt procedure]] have come back.  All of your medical history is there and checks out with the surgeons.

You just need to sign that form on the screen and we can proceed from there."
1	Details	You place a tick next to [[TRT_MW,{TRT_MW.Callsign}]]'s name on the datapad and scribble your signature.  Handing the pad to Darius as you stand up, "Ok, lets get [[TRT_MW,{TRT_MW.Callsign}]] to the MedBay and confirm {TRT_MW.SUBJ} {TRT_MW.Gender?NonBinary:still want|Default:still wants} to do this.

Darius jumps up and heads off to the barracks as you proceed to the MedBay to speak to the <i>Argo's</i> surgeon.

You arrive to find the surgeon inspecting the neural map for [[TRT_MW,{TRT_MW.Callsign}]].  They look up when you arrive, "Hello, Commander.  [[TRT_MW,{TRT_MW.Callsign}]] is being prepped for surgery as we speak."

You nod, "You feel comfortable performing this procedure?"

The surgeon nods back, "I do Commander.  I have done similar types of surgeries in my past before I hired on with your company."

You turn to exit the room, "Very well, let me know how the procedure goes."

<color=#33bbee>::::::::::::::::::::::::::::::::::::::::::::::::::</color>

Hours later, Darius finds you in the lounge, "Boss, I just wanted to tell you that there were serious complications with [[TRT_MW,{TRT_MW.Callsign}]]'s procedure.  {TRT_MW.Subj_C} {TRT_MW.Gender?NonBinary:are|Default:is} fine but it will take extended rehab and simpod training before they are ready to get back into the field.  The extra time healing and training will set us back nearly 4x the initial costs.  The MedTech also suspect it will take nearly 2 years for them to regain full coordination back."

You smile, and raise your glass, "The cost is irrelevant, I am just glad they pulled through.  Keep me posted Darius."
1	Details	You place a tick next to [[TRT_MW,{TRT_MW.Callsign}]]'s name on the datapad and scribble your signature.  Handing the pad to Darius as you stand up, "Ok, lets get [[TRT_MW,{TRT_MW.Callsign}]] to the MedBay and confirm {TRT_MW.SUBJ} {TRT_MW.Gender?NonBinary:still want|Default:still wants} to do this.

Darius jumps up and heads off to the barracks as you proceed to the MedBay to speak to the <i>Argo's</i> surgeon.

You arrive to find the surgeon inspecting the Neural Implant matrix.  They look up when you arrive, "Hello, Commander.  [[TRT_MW,{TRT_MW.Callsign}]] is being prepped for surgery as we speak."

You nod, "You feel comfortable performing this procedure?"

The surgeon nods back, "I do Commander.  I have done similar types of surgeries in my past before I hired on with your company."

You turn to exit the room, "Very well, let me know how the procedure goes."

<color=#33bbee>::::::::::::::::::::::::::::::::::::::::::::::::::</color>

Hours later, Darius finds you in the lounge, "Boss, I just wanted to tell you that there were minor complications with [[TRT_MW,{TRT_MW.Callsign}]]'s implants.  {TRT_MW.Subj_C} {TRT_MW.Gender?NonBinary:are|Default:is} fine and should be up and moving in the next couple of weeks and in a month or two should have enough simpod training to go out into the field.  The extra time healing and training will set us back double the initial costs."

You smile, and raise your glass, "The cost is irrelevant, I am just glad they pulled through.  Keep me posted Darius."
1	Details	

Darius looks defeated. "Understood, Commander. I'll tell my friend that we can't go looking for them."

Yang gives you a sidelong glance as your XO turns to go. "Oh I think we're going to get them out, the commander just doesn't want to take your friend's money."

"And knowledge, Yang," Farah adds, her eyes glittering with excitement. "Saving lives is far more important than a few C-Bills."
1	Details	

Darius looks excited. "I will let him know, {COMMANDER.FirstName}. He will be happy to know the best mercs in the galaxy are getting his men out."
1	Details	

Darius calls you to the bridge. "{COMMANDER.FirstName}, that distress call we just answered, it's about a planet having issues. Apparently the entire planet has disappeared from the map completely. As in, 'no one can reach it via hyperpulse or via jump to the planet itself'. A friend of mine has lost a fair few of his Merc company when the planet went dark. He is offering us 250k to follow a lead that may get his men back."
1	Details	

Darius calls you to the bridge, where you find him fiddling with a small electronic box. "This is what we were looking for, Boss. What we have here is an old ComStar Transponder, something that is nearly impossible to obtain nowadays."

Yang raises his hand. "I think we will need to equip a 'Mech with it and then strap that 'Mech on to the hull of the Argo. Keep it off our ship itself, if we don't we will be attracting ROMS from two jumps away. We can sweep in grab the Mechwarriors and leave." 

Sumire rubs her temples. "I disagree with Yang. We're going to have to change our ship's IFF completely... I mean, if I am reading this correctly. In 30 days there will be an opening for ComStar vessels to slip through and investigate Necromo's primary base. With this on we can get to the planet just in time for the show. We can blow this abomination off the face of the universe once and for all; And not risk further Infection."
1	Details	Darius pulls up beside you in a hurry. "We just lost a lifeboat and one of our MedTechs is missing, along with months of supplies."

Darius frowns. "Maybe a sleeper for the Black Market. I pulled up the Tech's files, background is clean, maybe too clean. I'm stepping up security with a buddy system, extra guard shifts and augmenting our lookouts immediately. Farah's crew will conduct interior patrols. We can't afford to use our MechWarriors, who should I pull to help monitor the exterior sensors?"
1	Details	

You nod at Sumire. "Okay, Meyer your idea sounds promising. Follow up on it. For the time being, this is your top priority."

Later, she calls you to the bridge. You find her standing by the viewscreen, a weary half-smile on her face. "We got it. Commander, we can slip right in now—ship and all. Seems ComStar has nav computers automatically failing jumps to Necromos, it's kind of a Fortress system. I've got Necromos back on the star map. We can get going whenever you want. "

You nod. "Good work, Sumire. Our rescue plan is back on, thanks to you."

She looks stern. "Don't remind me."
1	Details	

You nod at Yang. "I agree, equipping a 'Mech will make for a far less enticing target for ROM agents from ComStar."

Later, Farah calls you into Engineering. You find her standing in front of a terminal, a huge smile on her face. "I have managed to penetrate the fortress around Necromos—you know, this is some dangerous territory,— but I've done it! Seems Fortresses are generating HPG pulses that throw off navigation computers. The trick is to manually calculate the Jump."

You nod. "Good work, Farah. We will get Darius' men back, thanks to you."
1	YangsThoughts	<color=#00cc44><b>Arm Actuator Limit</b>: LeftArm <b>lower</b> RightArm <b>lower</b></color>
The Leviathan is an attempt at creating the most powerful and supersized mech imaginable.
1	Details	A knock sounds on your office door and you push a button on your desk to open the door.

Darius strides in and hands you a datapad, "Commander, the initial evaluations for you to undergo surgery for [[DM.BaseDescriptionDefs[LoreNeuralImplant],Enhanced Imaging Neural Implants]] has come back.  All of your medical history is there and checks out with the surgeons.

You just need to sign that form on the screen and we can proceed from there."
1	Details	You place a tick next to [[TRT_MW,{TRT_MW.Callsign}]]'s name on the datapad and scribble your signature.  Handing the pad to Darius as you stand up, "Ok, lets get [[TRT_MW,{TRT_MW.Callsign}]] to the MedBay and confirm {TRT_MW.SUBJ} {TRT_MW.Gender?NonBinary:still want|Default:still wants} to do this.

Darius jumps up and heads off to the barracks as you proceed to the MedBay to speak to the <i>Argo's</i> surgeon.

You arrive to find the surgeon inspecting the Neural Implant matrix.  They look up when you arrive, "Hello, Commander.  [[TRT_MW,{TRT_MW.Callsign}]] is being prepped for surgery as we speak."

You nod, "You feel comfortable performing this procedure?"

The surgeon nods back, "I do Commander.  I have done similar types of surgeries in my past before I hired on with your company."

You turn to exit the room, "Very well, let me know how the procedure goes."

<color=#33bbee>::::::::::::::::::::::::::::::::::::::::::::::::::</color>

Hours later, Darius finds you in the lounge, "Boss, I just wanted to tell you that there were serious complications with [[TRT_MW,{TRT_MW.Callsign}]]'s implants.  {TRT_MW.Subj_C} {TRT_MW.Gender?NonBinary:are|Default:is} fine but it will take extended rehab and simpod training before they are ready to get back into the field.  The extra time healing and training will set us back nearly 4x the initial costs."

You smile, and raise your glass, "The cost is irrelevant, I am just glad they pulled through.  Keep me posted Darius."
1	YangsThoughts	<color=#00cc44><b>Arm Actuator Limit</b>: LeftArm <b>hand</b> RightArm <b>lower</b></color>
This Jihad-era variant appears to be a test-bed used by the Word of Blake. Its performance is identical to the WSP-100 and it retains the bomb bay, but it is built on a Composite Internal Structure. It's also equipped with double heat sinks and a Medium Variable Speed Pulse Laser. The one shot missile launcher has been removed.
1	Details	You turn to Darius, “Ok, who’s up for a treat?  Darius, get a team over there in our <i>Leopard</i> and let’s see what’s behind Door Number Two.”

Darius keys in some commands, “The <i>Leopard</i> is dispatching in 10 minutes to dock with the <i>TREAT</i> door, Commander.”

The crew watch the live feed on the screen as the away team docks with the derelict ship, then manually unlocks and opens the cargo door.  As the door slides back the beam lights show rack upon rack of cargo containers.”

You whistle, “Sweet Kerensky, what have we just stumbled upon here?”

Darius breaks the reverie, “That door was labeled <i>TREAT</i>, I guess it is a good thing we did not go for the <i>TRICK</i> door!”

You look at Darius, “Have the team proceed with loading those crates onto the <i>Leopard</i>.”

As the team are locking down the third crate, an alarm sounds and Darius yells out, “Commander, the ship has activated its self destruct sequence!  We have 15 minutes before critical mass!”

“Get them out if there and back to the <i>Argo</i> now,” you shout. 

As the <i>Leopard</i> leaps away from the derelict, its hull shudders and a few seconds later explodes into a ball of fire and molten metal. 
You turn to the bridge crew, “Well, that could have gone better.  Let’s go see what treats were brought aboard the <i>Argo</i>.”

﻿
1	Details	You turn to Darius, “Ok, who’s up for a good prank?  Darius, get a team over there in our <i>Leopard</i> and let’s see what’s behind Door Number One.”

Darius keys in some commands, “The <i>Leopard</i> is dispatching in 10 minutes to dock with the <i>TRICK</i> door, Commander.”

The crew watch the live feed on the screen as the away team docks with the derelict ship, then manually unlocks and opens the cargo door.  As the door slides back the beam lights show rack upon rack of cargo containers.”

You whistle, “Sweet Kerensky, what have we just stumbled upon here?”

Darius breaks the reverie, “Don’t forget Commander, that door was labeled <i>TRICK</i>.”

You look at Darius, “Noted.  Have the team proceed with caution, and start loading those crates onto the <i>Leopard</i>.”

As the team are locking down the third crate, an alarm sounds and Darius yells out, “Commander, the ship has activated its self destruct sequence!  We have 15 minutes before critical mass!”

“Get them out if there and back to the <i>Argo</i> now,” you shout. 

As the <i>Leopard</i> leaps away from the derelict, its hull shudders and a few seconds later explodes into a ball of fire and molten metal. 
You turn to the bridge crew, “Well, that could have gone better.  Let’s go see what we were tricked into bringing aboard the <i>Argo</i>.”

﻿
1	Details	Sumire looks up from her console, “Commander, I’m picking up readings of an unknown object in high orbit around [[TGT_SYSTEM,{TGT_SYSTEM.Name}]].”

“Put it on the main screen,” you tell her. 

Moments later the screen switches to a small uniformly shaped object, obviously man made, “Zoom in and enhance.”

Sumire adjusts some controls and zooms in the object, “It’s a dropship, but there are no signs of life or power.”

Darius points at the screen, “There is something on the hull.  Is that… a pumpkin?”

The screen zooms to max and painted on the hull is an orange pumpkin with a face and the words

<i><color=#FFA500>TRICK</color> OR <color=#FFFF00>TREAT</color></i>

next to it. 

Darius scratches his head, “What does that mean?”

Dr Murad steps forward, “I believe it is a reference to an old Terran holiday known as Halloween.  Originally a day to remember the dead, it transitioned into a holiday where Terran children would dress up in costumes and go door to door to be given treats, usually in the form of candy.”

You look at Dr Murad, “so what is the Trick?”

Dr Murad smiles, “Some residences would try to scare the children or play pranks on them and what not.”

You ponder this information, “So, there are two access doors on the dropship, one for Trick and one for Treat.  Which one should we choose?”
1	Details	You read through the information on the datapad, "You know it's tempting, but at that price, we're paying nearly full market value for a used VTOL.  We will allocate [[SCN_MW,{SCN_MW.Callsign}]] an appropriate ride to utilitise thier new skill."

Daruis takes back the datapad, "Understood, Commander."
1	Details	A knock sounds on your office door and you call out, "Come in..."

The door opens and Darius strides in with a datapad and a smile, "Commander, [[SCN_MW,{SCN_MW.Callsign}]] has returned and they passed their training with <i>Flying</i> colours!"

The pun makes you smile, but not as much as the memory of a friend who would have turned green hearing it.  Still smiling, you ask Darius, "Very good news indeed.  What's on the datapad then?"

Darius hands it over to you, "Well, because [[SCN_MW,{SCN_MW.Callsign}]] did so well, the <i>Air Today, Gone Tomorrow</i> has offered to sell us a [[DM.BaseDescriptionDefs[LoreRipperVTOL],Ripper VTOL]] that they did their training in.  The details are all there."
1	Details	Darius watches as the shuttle docks with the <i>Argo</i>.  It's been a long haul with the Commander away at VTOL training, so hopefully with their arrival back on board things can get back to normal.

A MedTech disembarks the shuttle and heads over to Darius, "Are you Darius, XO of the <i>Argo</i>?"

Darius nods, "Affirmative.  How can I help you?"

The MedTech shoves a datapad at Darius, "Sign here, please.  He's all yours now."

Darius looks down at the datapad and sees a release form for a wounded passenger being transported to the <i>Argo</i>: Commander {COMMANDER.FirstName} {COMMANDER.LastName}, wounded during VTOL Flight Training; Current Status: Stable, "What the hell happened?"

The MedTech shrugs, "Can't really say, sir.  Scuttlebutt has it that your commander tried to outmaneuver one of the other cadets in an attempt at top marks or something, and there was a mid-air collision.  Pretty lucky to be alive if you ask me.  In any event, I was instructed to get them safely here, and I have done that.  Now it's up to you to nurse them back to full health."

Darius signs the release form as a hover-gurney floats over with the Commander strapped in, obviously drugged to the max,  Darius pulls a paper free that was clutched in their hand.  Reading it, it would appear the Commander at least passed their training, just not in one piece.

An <i>Argo</i> MedTech handling the hover-gurney speaks up, "Uh, sir... where shall I take the Commander?"
1	Details	As the shuttle docks with the <i>Argo</i>, you wait impatiently for the techs to lower the disembarkation ramp.  The moment it is safe, you leap from your seat and head onto the deck of the <i>Argo</i>.  You see Darius waiting for you off to the side and head over towards him with a big smile on your face.
. 
As you approach, Darius pipes up, "I take it you passed, Commander?"

You grin widely, "No, I'm just happy to see your ugly face,"  You slap Darius on the shoulder as you continue, "You bet your ass i did, Darius!  Wow! What a blast that was!  I never knew how exhilarating flying could be."

Darius smiles and hands you a datapad, "Well, it appears that <i>Air Today, Gone Tomorrow</i> has offered to sell you one of the [[DM.BaseDescriptionDefs[LoreRipperVTOL],Ripper VTOLs]] that you flew your training in.  The details are all there in this datafile they sent over.  And good to have you back, Commander."
1	Details	A knock sounds on your office door and you call out, "Come in..."

The door opens and Darius strides and hands you a datapad, "Commander, you asked me to get you the information about attending <i>Air Today, Gone Tomorrow</i>'s Aircademy [[DM.BaseDescriptionDefs[LoreRipperVTOL],VTOL]] training school.  Pretty much anyone can apply, provided they have proper ground vehicle experience beforehand.  You just need to fill out and sign that form on the screen and we can submit the application.  Their response time is pretty quick."
1	Details	You look over the name and record of the candidate.  You scroll back through their file numerous times, before letting out a long sigh and close the datapad.

You hand the pad back to Darius, "Thanks Darius, but I do not think that pilot meets our needs here.  See if there are any other suitable candidates.  We do not need to rush into this blindly."

Darius takes the datapad, "As you wish, Commander.  <i>Air Today, Gone Tomorrow</i> will still bill us the cost of the assessment.  The Aircademy also states the applicant must wait 90 days before they can be reassessed should you change your mind later."

<color=#E62E00>The following pilot is not eligible again for 90 days: 
[[SCN_MW,{SCN_MW.Callsign}]]
</color>
1	Details	A knock sounds on your office door and you call out, "Come in..."

The door opens and Darius strides in with a datapad, "Commander, the aptitude tests for candidates to attend <i>Air Today, Gone Tomorrow</i>'s Aircademy [[DM.BaseDescriptionDefs[LoreVTOL],VTOL]] training school have come back.  There is one pilot who has completed the assessment and should meet the requirements:

[[SCN_MW,{SCN_MW.Callsign}]]

You just need to sign that form on the screen and we can proceed from there."
1	Details	Calls in a strafing run.

 <b><color=#099ff2>Has a 3 turn cooldown!

 <b><color=#8080ff>Resolve cost: {10}</color></b>

 <b><color=#e11919>Costs 15 000 C-bills per use!</color></b>

 <b><color=#15df37>Can only call in two strafes per contract! The fighter attacks in two waves, 30 Initiative Phases apart!</color></b>

 
1	Details	Deploys a 'Mech from the Argo's storage bays under allied control.

 <b><color=#8080ff>Resolve cost: {10}</color></b>

 <b><color=#e11919>Costs 100 000 C-bills per use!</color></b>

 <b><color=#15df37>Can only call in one 'Mech per contract!</color></b>
1	Details	Deploys a 'Mech from the Argo's storage bays under allied control.

 <b><color=#8080ff>Resolve Cost: {10}</color></b>

 <b><color=#e11919>Costs 50 000 C-bills per use!</color></b>

 <b><color=#15df37>Can only call up to three 'Mechs per contract!</color></b>
1	Details	Calls in a strafing run.

 <b><color=#099ff2>Has a 3 turn cooldown!

 <b><color=#8080ff>Resolve Cost: {10}</color></b>

 <b><color=#e11919>Costs 15 000 C-bills per use!</color></b>

 <b><color=#15df37>Can only call in two strafes per contract! The fighter attacks in two waves, 30 Initiative Phases apart!</color></b>

 
1	Details	A knock sounds on your office door and you call out, "Come in..."

The door opens and Darius strides in, "Commander, I have good news, and bad news.  The good news is [[SCN_MW,{SCN_MW.Callsign}]] passed their training and are now fully qualified to fly pretty much any VTOL out there."

You smile, "That's great, now what's the bad news?"

Darius grimaces, "During the course of the flight tests, they suffered some injuries and will be out of action for some time.  We can speed up their recovery time if we allocate a medical team specifically to look after them."
1	Details	A knock sounds on your office door and you call out, "Come in..."

The door opens and Darius strides in with a somber look on his face, "Commander, we were just unloading the cargo from one of our supply runs, and I noticed the coffin containing the body of [[SCN_MW,{SCN_MW.Callsign}]] was on the manifest."

You slump back in your chair, "What?!?  No way... what happened?"

Darius sighs, "According to the attached holovid recording, [[SCN_MW,{SCN_MW.Callsign}]] attempted a radical maneuver to try and take out their assigned drone target.  Unfortunately, it ended up with their VTOL slamming into a radio tower.  They died instantly.  How do you want to proceed?"
1	Details	Deploys a tank from the Argo's storage bays under your control.

 <b><color=#8080ff>Resolve cost: {10}</color></b>

 <b><color=#e11919>Costs 100 000 C-bills per use!</color></b>

 <b><color=#15df37>Can only call in one tank per contract!</color></b>
1	Details	Tired of feeling <i>grounded</i> as everything else flies past you?  Well then, <i>Air Today, Gone Tomorrow</i> has the perfect solution for you: [[DM.BaseDescriptionDefs[LoreVTOL],VTOL]] Flight Training.  An appointment to <i>Air Today, Gone Tomorrow</i>'s Aircademy Flight School will reward you with the knowledge of the skills needed to pilot a VTOL.  This training course, supplemented by neurostimuli and training simulators, can be yours for no more than ¢750,000.  Your tuition fee covers all costs associated with your training including room and board for up to 6 months.  Stop letting your worms eye view affect your performance on the battlefield! 

<color=#FF0000>WARNING! Tuition costs ¢750,000 and the chosen pilot will not be available for up to 6 months.  Applicant MUST have prior vehicle experience.  Slots are limited, so only ONE pilot may attend at a time.  Our reps are not responsible if you do not have the funds to pay the tuition.  Avoid buying until you have a proper bankroll.</color>

<color=#FFFF00>NOT ALL APPLICANTS WILL BE ACCEPTED!  VTOL Training is dangerous.  Accidents do happen and <i>Air Today, Gone Tomorrow</i>'s Aircademy Flight School will not be held responsible for pilot injury or death.</color>
1	Details	A knock sounds on your office door and you push a button on your desk to open the door.

Darius strides in with a datapad, "Commander, the initial evaluations for candidates to undergo surgery for the [[DM.BaseDescriptionDefs[LorePainShunt],Pain Shunt procedure]] have come back.  These three volunteers have completed the assessment and should meet your requirements:

[[TGT_MW,{TGT_MW.Callsign}]]
[[SCN_MW,{SCN_MW.Callsign}]]
[[TRT_MW,{TRT_MW.Callsign}]]

You just need to sign that form on the screen and we can proceed from there."
1	Details	Cutoff RightTorso
1	Details	Cutoff RightLeg
1	Details	You place a tick next to [[TGT_MW,{TGT_MW.Callsign}]]'s name on the datapad and scribble your signature.  Handing the pad to Darius as you stand up, "Ok, lets get [[TGT_MW,{TGT_MW.Callsign}]] to the MedBay and confirm {TGT_MW.SUBJ} {TGT_MW.Gender?NonBinary:still want|Default:still wants} to do this.

Darius jumps up and heads off to the barracks as you proceed to the MedBay to speak to the <i>Argo's</i> surgeon.

You arrive to find the surgeon inspecting the neural map for [[TGT_MW,{TGT_MW.Callsign}]].  They look up when you arrive, "Hello, Commander.  [[TGT_MW,{TGT_MW.Callsign}]] is being prepped for surgery as we speak."

You nod, "You feel comfortable performing this procedure?"

The surgeon nods back, "I do Commander.  I have done similar types of surgeries in my past before I hired on with your company."

You turn to exit the room, "Very well, let me know how the procedure goes."

<color=#33bbee>::::::::::::::::::::::::::::::::::::::::::::::::::</color>

Hours later, Darius finds you in the lounge, "Boss, I just wanted to tell you that everything seems to have gone fine with [[TGT_MW,{TGT_MW.Callsign}]]'s implants.  {TGT_MW.Subj_C} should be up and moving in the next couple of days and by the end of the month should have enough simpod training to go out into the field.  It will take up to a year for them get 100% coordination back."

You smile, and raise your glass, "Good news indeed!  Keep me posted Darius."
1	Details	You place a tick next to [[SCN_MW,{SCN_MW.Callsign}]]'s name on the datapad and scribble your signature.  Handing the pad to Darius as you stand up, "Ok, lets get [[SCN_MW,{SCN_MW.Callsign}]] to the MedBay and confirm {SCN_MW.SUBJ} {SCN_MW.Gender?NonBinary:still want|Default:still wants} to do this.

Darius jumps up and heads off to the barracks as you proceed to the MedBay to speak to the <i>Argo's</i> surgeon.

You arrive to find the surgeon inspecting the neural map for [[SCN_MW,{SCN_MW.Callsign}]].  They look up when you arrive, "Hello, Commander.  [[SCN_MW,{SCN_MW.Callsign}]] is being prepped for surgery as we speak."

You nod, "You feel comfortable performing this procedure?"

The surgeon nods back, "I do Commander.  I have done similar types of surgeries in my past before I hired on with your company."

You turn to exit the room, "Very well, let me know how the procedure goes."

<color=#33bbee>::::::::::::::::::::::::::::::::::::::::::::::::::</color>

Hours later, Darius finds you in the lounge, "Boss, I just wanted to tell you that everything seems to have gone fine with [[SCN_MW,{SCN_MW.Callsign}]]'s implants.  {SCN_MW.Subj_C} should be up and moving in the next couple of days and by the end of the month should have enough simpod training to go out into the field.  It will take up to a year for them get 100% coordination back."

You smile, and raise your glass, "Good news indeed!  Keep me posted Darius."
1	Details	You place a tick next to [[TGT_MW,{TGT_MW.Callsign}]]'s name on the datapad and scribble your signature.  Handing the pad to Darius as you stand up, "Ok, lets get [[TGT_MW,{TGT_MW.Callsign}]] to the MedBay and confirm {TGT_MW.SUBJ} {TGT_MW.Gender?NonBinary:still want|Default:still wants} to do this.

Darius jumps up and heads off to the barracks as you proceed to the MedBay to speak to the <i>Argo's</i> surgeon.

You arrive to find the surgeon inspecting the neural map for [[TGT_MW,{TGT_MW.Callsign}]].  They look up when you arrive, "Hello, Commander.  [[TGT_MW,{TGT_MW.Callsign}]] is being prepped for surgery as we speak."

You nod, "You feel comfortable performing this procedure?"

The surgeon nods back, "I do Commander.  I have done similar types of surgeries in my past before I hired on with your company."

You turn to exit the room, "Very well, let me know how the procedure goes."

<color=#33bbee>::::::::::::::::::::::::::::::::::::::::::::::::::</color>

Hours later, Darius finds you in the lounge, "Boss, I just wanted to tell you that there were serious complications with [[TGT_MW,{TGT_MW.Callsign}]]'s procedure.  {TGT_MW.Subj_C} {TGT_MW.Gender?NonBinary:are|Default:is} fine but it will take extended rehab and simpod training before they are ready to get back into the field.  The extra time healing and training will set us back nearly 4x the initial costs.  The MedTech also suspect it will take nearly 2 years for them to regain full coordination back."

You smile, and raise your glass, "The cost is irrelevant, I am just glad they pulled through.  Keep me posted Darius."
1	Details	You place a tick next to [[TGT_MW,{TGT_MW.Callsign}]]'s name on the datapad and scribble your signature.  Handing the pad to Darius as you stand up, "Ok, lets get [[TGT_MW,{TGT_MW.Callsign}]] to the MedBay and confirm {TGT_MW.SUBJ} {TGT_MW.Gender?NonBinary:still want|Default:still wants} to do this.

Darius jumps up and heads off to the barracks as you proceed to the MedBay to speak to the <i>Argo's</i> surgeon.

You arrive to find the surgeon inspecting the neural map for [[TGT_MW,{TGT_MW.Callsign}]].  They look up when you arrive, "Hello, Commander.  [[TGT_MW,{TGT_MW.Callsign}]] is being prepped for surgery as we speak."

You nod, "You feel comfortable performing this procedure?"

The surgeon nods back, "I do Commander.  I have done similar types of surgeries in my past before I hired on with your company."

You turn to exit the room, "Very well, let me know how the procedure goes."

<color=#33bbee>::::::::::::::::::::::::::::::::::::::::::::::::::</color>

Hours later, Darius finds you in the lounge, "Boss, I just wanted to tell you that there were minor complications with [[TGT_MW,{TGT_MW.Callsign}]]'s procedure.  {TGT_MW.Subj_C} {TGT_MW.Gender?NonBinary:are|Default:is} fine and should be up and moving in the next couple of weeks and in a month or two should have enough simpod training to go out into the field.  The extra time healing and training will set us back double the initial costs.  It may take them 18 months to get their coordination back as well."

You smile, and raise your glass, "The cost is irrelevant, I am just glad they pulled through.  Keep me posted Darius."
1	Details	Cutoff Head
1	Details	Cutoff CenterTorso
1	Details	Tired of feeling <i>grounded</i> as everything else flies past you?  Well then, <i>Air Today, Gone Tomorrow</i> has the perfect solution for you: [[DM.BaseDescriptionDefs[LoreVTOL],VTOL]] Flight Training.  An appointment to <i>Air Today, Gone Tomorrow</i>'s Aircademy Flight School will reward you with the knowledge of the skills needed to pilot a VTOL.  This training course, supplemented by neurostimuli and training simulators, can be yours for no more than ¢750,000.  Your tuition fee covers all costs associated with your training including room and board for up to 6 months.  Stop letting your worms eye view affect your performance on the battlefield! 

<color=#FF0000>WARNING! Tuition costs ¢750,000 and the Commander will not be available for up to 6 months.  Applicant must have prior vehicle experience.  Our reps are not responsible if you do not have the funds to pay the tuition.  Avoid buying until you have a proper bankroll.  VTOL Training is dangerous.  Accidents do happen and <i>Air Today, Gone Tomorrow</i>'s Aircademy Flight School will not be held responsible for any injuries sustained during training.</color>
1	Details	Cutoff Left Arm
1	Details	Cutoff Right Arm
1	Details	Cutoff LeftTorso
1	Details	Cutoff LeftLeg
1	Details	Tired of <i>feeling</i> every hit, heat spike or neural feedback when you are in your mech?  Well then, <i>Manny Dominos</i> has the perfect solution for you: the [[DM.BaseDescriptionDefs[LorePainShunt],Pain Shunt]] surgical procedure.  A Pain Shunt will help you better focus your attention on the battlefield by allowing you to ignore painful stimuli*.  This technology, the <i>backbone</i>of every Manei Domini operative, can be yours for no more than ¢4,000,000.  Stop letting agony affect your performance on the battlefield! 

<color=#FFA500>*Not guaranteed to ignore any pain endured from that lance mate who just will not shut up</color> 

<color=#FF0000>WARNING! Pain Shunt surgery may cost up to ¢4,000,000.  Our reps are not responsible if you do not have the funds to proceed with surgery.  Avoid buying until you have a proper bankroll.</color>

<color=#FFBA01><i>Known side effects include clumsiness and may require extended physiotherapy</i></color>
1	Details	Tired of <i>feeling</i> every hit, heat spike or neural feedback when you are in your mech?  Well then, <i>Manny Dominos</i> has the perfect solution for you: the [[DM.BaseDescriptionDefs[LorePainShunt],Pain Shunt]] surgical procedure.  A Pain Shunt will help you better focus your attention on the battlefield by allowing you to ignore painful stimuli*.  This technology, the <i>backbone</i>of every Manei Domini operative, can be yours for no more than ¢4,000,000.  Stop letting agony affect your performance on the battlefield! 

<color=#FFA500>*Not guaranteed to ignore any pain endured from that lance mate who just won’t shut up</color> 

<color=#FF0000>WARNING! Pain Shunt surgery may cost up to ¢4,000,000.  Our reps are not responsible if you do not have the funds to proceed with surgery.  Avoid buying until you have a proper bankroll.</color>

<color=#FFFF00>DO NOT PURCHASE IF ONLY 1 PILOT REMAINS WITHOUT PAIN SHUNTS!</color>

<color=#FFBA01><i>Known side effects include clumsiness and may require extended physiotherapy</i></color>
1	Details	Have an [[DM.BaseDescriptionDefs[LoreEnhancedImagingDisplay],Enhanced Imaging Display]] but want to get more out of it?  Let one of our professional MedTechs assess to see if you can receive [[DM.BaseDescriptionDefs[LoreNeuralImplant],Enhanced Imaging Neural Implants]]!

Why do your pilots need this?  Well it is simple, a pilot with [[DM.BaseDescriptionDefs[LoreNeuralImplant],Enhanced Imaging Neural Implants]] will have increased combat effectiveness.  Schedule your appointment today!

<color=#FF0000>WARNING! Neural Implant surgery may cost up to ¢4,000,000.  Our agents are not responsible if you do not have the funds to proceed with surgery.  Avoid buying until you have a proper bankroll.</color>

<color=#FFBA01><i>Some side effects may occur such as:  feedback in the form of potentially lethal electrical shocks; mental instability; paranoia; abusive personality disorder; diarrhea; introversion; Transit Disorientation Syndrome; night blindness; hair loss; amnesia; combat paralysis; catatonic insanity; death</i></color>
1	Details	While in orbit around [[TGT_SYSTEM,{TGT_SYSTEM.Name}]] Darius grabs your attention, "Commander, we have an incoming transmission from <i>Riveting Enterprises</i> responding to our enquiry about replacing our faulty door bolts."

You nod to Darius to open the channel on the holoviewer,"This is Commander {COMMANDER.LastName} of the <i>Argo</i>."

As the hologram visage sharpens, you are greeted by the face of an obvious sales rep, "Greetings Commander {COMMANDER.LastName}.  I am Boltan Hatcher and I hear you are in need of some orbital repairs.  According to our records, the <i>Argo</i> is a <i>Boeing Interstellar</i> dropship."  He chuckles to himself before continuing, "Please excuse me... it is honestly surprising that your ship is still spaceworthy, considering it's lineage."

Tiring of the banter, you get to the point, "Can you assist us or not, Mr Hatcher?  And how much will this cost?"

Mr Hatcher smiles back at you, "Direct and to the point.  I can respect that.  Seeing as my employer, <i>Riveting Enterprises</i>, a supplier of materials for <i>Jalastar Aerospace</i>, harbours no good will towards <i>Boeing Interstellar</i>, we would like to quote you the reduced price of only ¢5,000,000.  Normally, a project of this magnitude would be three times that amount, but, it will feel all that sweeter to <i>'fix'</i> a fault-ridden dropship manufactured by a competitor.  Now, before you go trying to wheedle the price down even further, know this, we will expedite your repairs first and foremost over all our other current work orders and have you safely on your way in record time.  This is our one and only offer, Commander, so please, think wisely."
1	Details	"Very well, Mr. Hatcher.  We agree to you terms."

"Oh, that is excellent news!  Excellent indeed!," Mr. Hatcher beams, his smile nearly splitting his face.  "Once the funds clear, we will dispatch the repair crew immediately."

You turn to Darius as the you terminate the transmission, "Transfer the funds and let's get this ship repaired."

Thankfully, while over-priced, the repair crew are expedient and efficient wasting no time in flying up from [[TGT_SYSTEM,{TGT_SYSTEM.Name}]] to begin replacing all the faulty hatch bolts on the <i>Argo</i>.
1	Details	While in orbit around [[TGT_SYSTEM,{TGT_SYSTEM.Name}]] Darius grabs your attention, "Commander, we have an incoming transmission from <i>Riveting Enterprises</i> responding to our enquiry about replacing our faulty door bolts."

You nod to Darius to open the channel on the holoviewer,"This is Commander {COMMANDER.LastName} of the <i>Argo</i>."

As the hologram visage sharpens, you are greeted by the face of an obvious sales rep, "Greetings Commander {COMMANDER.LastName}.  I am Boltan Hatcher and I hear you are in need of some orbital repairs.  According to our records, the <i>Argo</i> is a <i>Boeing Interstellar</i> dropship."  He chuckles to himself before continuing, "Please excuse me... it is honestly surprising that your ship is still space worthy, considering it's lineage."

Tiring of the banter, you get to the point, "Can you assist us or not, Mr Hatcher?  And how much will this cost?"

Mr Hatcher smiles back at you, "Direct and to the point.  I can respect that.  Seeing as my employer, <i>Riveting Enterprises</i>, a supplier of materials for <i>Jalastar Aerospace</i>, harbors no good will towards <i>Boeing Interstellar</i>, we would like to quote you the reduced price of only ¢5,000,000.  Normally, a project of this magnitude would be three times that amount, but, it will feel all that sweeter to <i>'fix'</i> a fault-ridden dropship manufactured by a competitor.  Now, before you go trying to wheedle the price down even further, know this, we will expedite your repairs first and foremost over all our other current work orders and have you safely on your way in record time.  This is our one and only offer, Commander, so please, think wisely."
1	Details	"Very well, Mr. Hatcher.  We agree to you terms."

"Oh, that is excellent news!  Excellent indeed!," Mr. Hatcher beams, his smile nearly splitting his face.  "Once the funds clear, we will despatch the repair crew immediately."

You turn to Darius as the you terminate the transmission, "Transfer the funds and let's get this ship repaired."

Thankfully, while over-priced, the repair crew are expedient and efficient wasting no time in flying up from [[TGT_SYSTEM,{TGT_SYSTEM.Name}]] to begin replacing all the faulty hatch bolts on the <i>Argo</i>.
1	Details	You don't waste time this round. "If you're here to repeat the same complaints, save it. My answer hasn't changed."

"Of course it hasn't," {TGT_MW.Subj_C} {TGT_MW.Gender?NonBinary:snap|Default:snaps}. "Because nothing has. I've been sitting here wasting time while my career dies in a simulator."

"You're still alive," you say coldly.

"And that's all I am here," {TGT_MW.Subj_C} {TGT_MW.Gender?NonBinary:fire|Default:fires} back. "Alive—and irrelevant."

Silence stretches for a beat.

"Then we're done," you decide. "Your contract is terminated. Effective immediately."

{TGT_MW.Subj_C} {TGT_MW.Gender?NonBinary:don't|Default:doesn't} look surprised this time—just angry. "Should've done that the first time."

"Maybe," you reply. "But I don't make the same mistake twice."

{TGT_MW.Subj_C} {TGT_MW.Gender?NonBinary:turn|Default:turns} sharply and stride for the hatch. "Yeah," {TGT_MW.Subj_C} {TGT_MW.Gender?NonBinary:throw|Default:throws} over {TGT_MW.DET} shoulder, "neither will I."
{TGT_MW.DET} footsteps echo as {TGT_MW.Subj_C} {TGT_MW.Gender?NonBinary:walk|Default:walks} away, and the <i>Argo</i> keeps humming like nothing at all has changed.
1	Details	The <i>Argo</i> hums with its usual steady rhythm as you move through one of its narrow passageways, bulkheads close and the lighting dim in that perpetual, shipboard twilight. You nearly pass {TGT_MW.OBJ} before you realize {TGT_MW.Subj}{TGT_MW.Gender?NonBinary:'re|Default:'s} not just another crew member in transit—[[TGT_MW,{TGT_MW.Callsign}]] is waiting, shoulder against the wall, arms crossed like {TGT_MW.Gender?NonBinary:'ve|Default:has} been there a while.

{TGT_MW.Subj_C} {TGT_MW.Gender?NonBinary:straighten|Default:straigthens} as you approach, blocking your path without quite making it an order. No hesitation this time. No pretense either.

"Commander," {TGT_MW.Subj_C} {TGT_MW.Gender?NonBinary:say|Default:says}, voice tight with restrained frustration, "nothing's changed. More simulator hours. Still no real combat drops. So I'm asking again—why?"

You stop in the corridor, with the hum of the <i>Argo</i> filling the space between you. This isn't a new conversation—and neither of you pretends it is.
1	Details	Your expression hardens. "If you can't accept how I run this command, then you don't belong in it."

Their frustration finally boils over. "Accept it? I've been sidelined while my career stalls out. Every day in that simulator is a day no one remembers. You've wasted my time."

You don't flinch. "I've invested in keeping you alive."

"I didn't sign on to wait," they snap. "I signed on to fight."

"And I decide who fights," you reply coldly. "Your contract is terminated. You'll disembark at the next star system."

They let out a bitter laugh. "Finally—somewhere I might actually see combat."

The hatch opens behind them, and this time, they don't wait for dismissal before walking out.
1	Details	The <i>Argo</i>'s steady hum is broken only by the clipped tone of an incoming channel as you review reports in the command deck.

"Commander," comes the voice of Darius Oliveira, your XO, edged with something between concern and resignation, "you might want to get over to Docking Collar 2. [[TGT_MW,{TGT_MW.Callsign}]] is there—bags packed. Shuttle's inbound from the surface of {TGT_SYSTEM.name}."You pause, then rise without a word.

Minutes later, you arrive.  Docking Collar 2 is colder than the rest of the ship, all exposed plating and harsh lighting. The outer hatch stands sealed for now, but the indicator shows an incoming craft minutes out. [[TGT_MW,{TGT_MW.Callsign}]] stands beside a small stack of gear—everything {TGT_MW.Subj} {TGT_MW.Gender?NonBinary:own|Default:owns} aboard the Argo, reduced to a few bags.

{TGT_MW.Subj_C} {TGT_MW.Gender?NonBinary:don't|Default:doesn't} turn when you approach. "Figured you'd hear about it."

"I did," you reply evenly.

{TGT_MW.Subj_C} {TGT_MW.Gender?NonBinary:glance|Default:glances} over their shoulder. "Then you know why I'm here. No drops. No future. I'm done waiting."

Behind you, Darius remains silent, watching.
1	Details	Have an [[DM.BaseDescriptionDefs[LoreEnhancedImagingDisplay],Enhanced Imaging Display]] but want to get more out of it?  Let one of our professional MedTechs assess three of your pilots to see if they can receive [[DM.BaseDescriptionDefs[LoreNeuralImplant],Enhanced Imaging Neural Implants]]!

Why do your pilots need this?  Well it is simple, a pilot with [[DM.BaseDescriptionDefs[LoreNeuralImplant],Enhanced Imaging Neural Implants]] will have increased combat effectiveness.  Schedule your appointment today!

<color=#FF0000>WARNING! Neural Implant surgery may cost up to ¢4,000,000.  Our agents are not responsible if you do not have the funds to proceed with surgery.  Avoid buying until you have a proper bankroll.</color>

<color=#FFFF00>DO NOT PURCHASE IF ONLY 1 PILOT REMAINS WITHOUT IMPLANTS!</color>

<color=#FFBA01><i>Some side effects may occur such as:  feedback in the form of potentially lethal electrical shocks; mental instability; paranoia; abusive personality disorder; diarrhea; introversion; Transit Disorientation Syndrome; night blindness; hair loss; amnesia; combat paralysis; catatonic insanity; death</i></color>
1	Details	You stop a few paces away, arms behind your back. "If you're done, then be done. I don't hold people here who don't want to be here."

[[TGT_MW,{TGT_MW.Callsign}]] turns, something sharp in {TGT_MW.Det} expression. "That's it? No argument?" {TGT_MW.Subj} {TGT_MW.Gender?NonBinary:say|Default:says}.

"You've made up your mind," you reply coldly. "And I won't waste time chasing someone who's already walking away."

A bitter smirk crosses {TGT_MW.Det} face. "At least you're consistent," {TGT_MW.Subj} {TGT_MW.Gender?NonBinary:say|Default:says}.

"The shuttle's waiting," you say.

{TGT_MW.Subj_C} {TGT_MW.Gender?NonBinary:grab|Default:grabs} {TGT_MW.Det} bags without another word. As the docking clamps engage and the outer hatch begins its cycle, {TGT_MW.Subj} {TGT_MW.Gender?NonBinary:pause|Default:pauses} just long enough to glance back.

"Hope your next pilot likes simulators," {TGT_MW.Subj} {TGT_MW.Gender?NonBinary:say|Default:says}.

Darius watches {TGT_MW.Obj} go, then looks to you. "We'll feel that loss."

"Then we adapt," you answer, as the hatch seals and the <i>Argo</i> returns to its steady, indifferent hum.
1	Details	You step closer, lowering your voice. "Walking out now won't fix that. You think every other command is going to hand you frontline drops just because you're impatient? You've got a place here. You've trained with this crew, earned your spot. I can change your deployment status—but not if you're halfway out the airlock."

{TGT_MW.Subj_C} {TGT_MW.Gender?NonBinary:turn|Default:turns} to face you fully now, searching your expression. "You've said things like that before."

"And I'm saying it differently now," you answer. "Next contract, you're on the roster. Not a promise to keep you quiet—a decision. Stay, and prove you belong out there."

{TGT_MW.Subj_C} {TGT_MW.Gender?NonBinary:hold|Default:holds} your gaze for a long moment… then {TGT_MW.Subj} {TGT_MW.Gender?NonBinary:shake|Default:shakes} {TGT_MW.Det} head.

"No," {TGT_MW.Subj} {TGT_MW.Gender?NonBinary:say|Default:says} quietly. "I don't believe you."

The shuttle proximity alarm ticks down as {TGT_MW.Subj} {TGT_MW.Gender?NonBinary:look|Default:looks} past you, resolve settling in. "I've heard <i>'soon'</i> before. I'm not hearing it again."
1	Details	A sharp, metallic groan echoes through the <i>Argo's</i> hull, louder than any sound that should exist in the vacuum of space. Darius stiffens at his station, his eyes immediately darting to the warning lights on the console as the ship's alarms begin to wail — a siren of dread.

“The Beta Pod Cargo bay!” Darius shouts, his voice tight as he turns toward you.

Your face pales as you register the flashing alerts. 

Without warning, a violent decompression explosion erupts in the aft section of the ship. A massive rush of air and debris tears through the cargo bay as the pressure difference between the vessel's interior and the void outside becomes catastrophic.  Metal screeches, crates hurtle into the darkness, and unsecured equipment is ripped free, smashing into anything in its path.  The ship bucks, systems flickering, while the crew scrambles to brace for impact. 

You and Darius rush down towards the cargo bay to assess the damage.   Containment bulkheads have shut off main access, and Yang is there directing the astech crews.  You call out to Yang, "What's the damage, Yang?"

Yang winces, "It's a bad one Boss.  One of the cargo doors in Beta Pod, Twenty-Six Alpha, has failed.  We won't know more until we get in to assess the situation."

You nod, "Keep me posted Yang."

An alert sounds on Darius' noteputer, "Commander, we have numerous injuries throughout the <i>Argo</i> and three of those are in critical condition.  The MedTechs say they can only save two of them, but need you to specify who lives and who...  doesn't."

You stare at Darius for what seems like an eternity before his question pulls you out of your stupor, "Commander, the MedTechs need an answer."

You rub your hands over your face and look at Darius, "Who's injured?"

Darius consults his noteputer, "Three crew members were caught in the bay when the hatch failed.  [[TGT_MW,{TGT_MW.Callsign}]] was thrown into a bulkhead, knocked unconscious with serious head trauma. [[SCN_MW,{SCN_MW.Callsign}]] was impaled by hydrospanner.  And [[TRT_MW,{TRT_MW.Callsign}]] was slammed into the deck, with multiple bones shattering under the force.
1	Details	"Well, I'm not about to look a gift [[DM.MechDefs[vehicledef_MOBILEHQ_C3M],Mobile HQ]] in the mouth," you say. "Grab Sumire to load it up onto the Leopard and bring it back up the Argo."



Yang nods and walks briskly out of the room on his way to the 'Mech Bay.  

You wait.  

A few seconds later he walks back through and out the other door in the direction of the bridge.  He looks mortified that you saw the mistake, but says nothing as he now walks in the <i>right</i> direction to find Sumire.

  An hour or so later and you find yourself the proud owner of an Mobile HQ.
1	Details	"Well, I'm not about to look a gift VTOL in the mouth," you say. "Grab Sumire to load up the [[DM.MechDefs[vehicledef_AWACS],AWACS]] onto the Leopard and bring it back up the Argo."



Yang nods and walks briskly out of the room on his way to the 'Mech Bay.

  You wait.  

A few seconds later he walks back through and out the other door in the direction of the bridge.  He looks mortified that you saw the mistake, but says nothing as he now walks in the <i>right</i> direction to find Sumire.  

An hour or so later and you find yourself the proud owner of an AWACS Command VTOL.
1	Details	As you cut the connection to your last client, Yang bursts into the command center.  He looks out of breath, 

"There's a problem, Boss," he says, leaning on a nearby console to catch his breath.



"Go on," you instruct, quirking a brow.



He goes on to explain the dilemma - while, yes, your old command vehicle was still around, there's been no small amount of confusion on the ground.  Records have been lost, found, copied wrong, lost again, copied from the copies, et cetera.

  "So, the short of it is," Yang concludes, "they have an [[DM.MechDefs[vehicledef_AWACS],AWACS Command VTOL]] and an [[DM.MechDefs[vehicledef_MOBILEHQ_C3M],C3 Mobile HQ truck]], but they don't know which one actually belongs to you. The way I see it, we can just pick the one we want and they'll be none the wiser!
1	Details	"The records were not lost, there never were any records of this VTOL belonging to me.  I am a Trueborn clan warrior and I will not be seen dead piloting that thing.  But, I am not about to look a gift VTOL in the mouth," you say. "Grab Sumire to load up the [[DM.MechDefs[vehicledef_AWACS],AWACS]] onto the Leopard and bring it back up the Argo."

Yang nods and walks briskly out of the room on his way to the 'Mech Bay.

  You wait.  

A few seconds later he walks back through and out the other door in the direction of the bridge. He looks mortified that you saw the mistake, but says nothing as he now walks in the <i>right</i> direction to find Sumire.  

An hour or so later and you find your company the proud owner of an AWACS Command VTOL.
1	Details	You send a brief message back to the Black Marketeer explaining that your company can't take the risk. Later that night, when you return to your quarters you receive a message. Magpie fills the screen, her face flushed with rage. "God dammit, you just had to go and be a dick didn’t you?."

"I have the local cops on my trail now and the crime syndicate. When they come looking for me, I’ll be sure to point both of them at you and yours Commander."

"Watch your back from now on.
1	Details	Darius's voice rings out over the intercom."Could the Comander please report to the Command Center? Incoming message for you."" In the Command Center, Darius is arguing with someone on  the Holovid."

"Commander? Good to know I got through to you, I was beginning to think I’d die of old age before your XO would put me through. You don’t remember me but, some idiot misplaced a few crates of my AC/5 ammo on your shuttle sometime back. You did me a favour then and I’d like you to do another for me now."

"Really?

"Yes. I’m in a spot of bother with the local crime syndicate over some misplaced demolition charges. Nothing too serious, but they want blood. You hire me and get me out of this system and I’ll give you the coordinates of a supply cache I know about." Suddenly the Holovid blinks out.

"Commander, I’d recommend not associating with such a shady character, it won't end well for us." Darius says.
1	Details	"The records were not lost, there never were any records of this MOBILE HQ belonging to me.  I am a Trueborn clan warrior and I will not be seen dead piloting that thing.  But, I am not about to look a gift MOBILE HQ in the mouth," you say. "Grab Sumire to load up the [[DM.MechDefs[vehicledef_MOBILEHQ_C3M],Mobile HQ]] onto the Leopard and bring it back up the Argo."

Yang nods and walks briskly out of the room on his way to the 'Mech Bay.

  You wait.  

A few seconds later he walks back through and out the other door in the direction of the bridge. He looks mortified that you saw the mistake, but says nothing as he now walks in the <i>right</i> direction to find Sumire.  

An hour or so later and you find your company the proud owner of a Mobile HQ.
1	Details	A sharp, metallic groan echoes through the <i>Argo's</i> hull, louder than any sound that should exist in the vacuum of space. Darius stiffens at his station, his eyes immediately darting to the warning lights on the console as the ship's alarms begin to wail — a siren of dread.

“Another hatch failure!” Darius shouts, his voice tight as he turns toward you.

Your face pales as you register the flashing alerts, the same ones as the previous accident... 

Without warning, a violent decompression explosion erupts in the aft section of the ship. A massive rush of air and debris tears through a section of one the carbo bays as the pressure difference between the vessel's interior and the void outside becomes catastrophic.  Metal screeches, various crates hurtle into the darkness, and unsecured equipment is ripped free, smashing into anything in its path.  The ship bucks, systems flickering, while the crew scrambles to brace for impact. 

You and Darius rush down towards the afflicted Gamma Pod Cargo bay to assess the damage.   Containment bulkheads have shut off main access, and Yang is there directing the astech repair crews.  You call out to Yang, "What's the damage, Yang?"

Yang winces, "It's a bad one again, Boss.  Another one of the external doors has failed.  We won't know more until we get in to assess the situation."

You nod, "Keep me posted Yang."

An alert sounds on Darius' noteputer, "Commander, we have numerous injuries throughout the <i>Argo</i> and three of those are in critical condition.  The MedTechs say they can only save two of them, but need you to specify who lives and who...  doesn't."

You stare at Darius for what seems like an eternity before his question pulls you out of your stupor, "Commander, the MedTechs need an answer."

You rub your hands over your face and look at Darius, "Who's injured?"

Darius consults his noteputer, "Three crew members were caught in the area when the hatch failed.  [[TGT_MW,{TGT_MW.Callsign}]] was thrown into a bulkhead, knocked unconscious with serious head trauma. [[SCN_MW,{SCN_MW.Callsign}]] was impaled by section of panel that tore lose.  And [[TRT_MW,{TRT_MW.Callsign}]] was slammed into the deck, with multiple bones shattering under the force.
1	Details	A sharp, metallic groan echoes through the <i>Argo's</i> hull, louder than any sound that should exist in the vacuum of space. Darius stiffens at his station, his eyes immediately darting to the warning lights on the console as the ship's alarms begin to wail — a siren of dread.

“Another hatch failure!” Darius shouts, his voice tight as he turns toward you.

Your face pales as you register the flashing alerts, the same ones as the previous accident... 

Without warning, a violent decompression explosion erupts in the aft section of the ship. A massive rush of air and debris tears through a section of one the carbo bays as the pressure difference between the vessel's interior and the void outside becomes catastrophic.  Metal screeches, various crates hurtle into the darkness, and unsecured equipment is ripped free, smashing into anything in its path.  The ship bucks, systems flickering, while the crew scrambles to brace for impact. 

You and Darius rush down towards the afflicted Beta Pod Cargo bay to assess the damage.   Containment bulkheads have shut off main access, and Yang is there directing the astech repair crews.  You call out to Yang, "What's the damage, Yang?"

Yang winces, "It's a bad one again, Boss.  Another one of the external doors has failed.  We won't know more until we get in to assess the situation."

You nod, "Keep me posted Yang."

An alert sounds on Darius' noteputer, "Commander, we have numerous injuries throughout the <i>Argo</i> and three of those are in critical condition.  The MedTechs say they can only save two of them, but need you to specify who lives and who...  doesn't."

You stare at Darius for what seems like an eternity before his question pulls you out of your stupor, "Commander, the MedTechs need an answer."

You rub your hands over your face and look at Darius, "Who's injured?"

Darius consults his noteputer, "Three crew members were caught in the area when the hatch failed.  [[TGT_MW,{TGT_MW.Callsign}]] was thrown into a bulkhead, knocked unconscious with serious head trauma. [[SCN_MW,{SCN_MW.Callsign}]] was impaled by section of panel that tore lose.  And [[TRT_MW,{TRT_MW.Callsign}]] was slammed into the deck, with multiple bones shattering under the force.
1	Details	A sharp, metallic groan echoes through the <i>Argo's</i> hull, louder than any sound that should exist in the vacuum of space. Darius stiffens at his station, his eyes immediately darting to the warning lights on the console as the ship's alarms begin to wail — a siren of dread.

“The Gamma Pod Cargo bay!” Darius shouts, his voice tight as he turns toward you.

Your face pales as you register the flashing alerts. 

Without warning, a violent decompression explosion erupts in the aft section of the ship. A massive rush of air and debris tears through the cargo bay as the pressure difference between the vessel's interior and the void outside becomes catastrophic.  Metal screeches, crates hurtle into the darkness, and unsecured equipment is ripped free, smashing into anything in its path.  The ship bucks, systems flickering, while the crew scrambles to brace for impact. 

You and Darius rush down towards the cargo bay to assess the damage.   Containment bulkheads have shut off main access, and Yang is there directing the astech crews.  You call out to Yang, "What's the damage, Yang?"

Yang winces, "It's a bad one Boss.  One of the cargo doors in Gamma Pod, Twenty-Six Charlie, has failed.  We won't know more until we get in to assess the situation."

You nod, "Keep me posted Yang."

An alert sounds on Darius' noteputer, "Commander, we have numerous injuries throughout the <i>Argo</i> and three of those are in critical condition.  The MedTechs say they can only save two of them, but need you to specify who lives and who...  doesn't."

You stare at Darius for what seems like an eternity before his question pulls you out of your stupor, "Commander, the MedTechs need an answer."

You rub your hands over your face and look at Darius, "Who's injured?"

Darius consults his noteputer, "Three crew members were caught in the bay when the hatch failed.  [[TGT_MW,{TGT_MW.Callsign}]] was thrown into a bulkhead, knocked unconscious with serious head trauma. [[SCN_MW,{SCN_MW.Callsign}]] was impaled by hydrospanner.  And [[TRT_MW,{TRT_MW.Callsign}]] was slammed into the deck, with multiple bones shattering under the force.
1	Details	"I thought you trusted me, Commander," [[SCN_MW,{SCN_MW.Callsign}]] mutters, visibly sagging, but {SCN_MW.SUBJ} {SCN_MW.Gender?NonBinary:drop|Default:drops} the subject as you instruct Darius to organise the repairs.

Thankfully, while over-priced, the repair crew are expedient and efficient and waste no time in flying up from [[TGT_SYSTEM,{TGT_SYSTEM.Name}]] to begin replacing all the faulty hatch bolts on the <i>Argo</i>. There are no further issues with the <i>Argo</i>, but you notice {SCN_MW.Callsign} lingering in the observation deck for the next couple of weeks, {SCN_MW.DET} gaze fixed on the view of the <i>Argo</i>'s hull. {SCN_MW.DET_C} mind is elsewhere as {SCN_MW.SUBJ} {SCN_MW.Gender?NonBinary:attend|Default:attends} to {SCN_MW.DET} daily tasks.
1	Details	[[DM.BaseDescriptionDefs[Wulf_Lore_Yang],Yang]] continues: "Either way, Commander. When you've got some time, check it out in the Mechbay, and we can look it over, or mix it up a little from stock configuration."


You reply: "I'll be right along, Yang. Keep up the good work."



1	Details	You get a message from your Chief MechTech [[DM.BaseDescriptionDefs[Wulf_Lore_Yang],Yang]]:

"Commander {Commander.LastName}, we have managed to re-assemble that mech you had shipped up here. What a beauty she is. Those are some strings you must have pulled with your contacts back home."
1	Details	You have Darius purchase the bolts from [[TGT_SYSTEM,{TGT_SYSTEM.Name}]], which arrive on the next dropship.  You watch from a viewscreen as [[SCN_MW,{SCN_MW.Callsign}]], in an EVA suit, floats nimbly across the puckered hull of the DropShip. {SCN_MW.Callsign} deftly replaces the numerous bolts along this section of the <i>Argo</i>.

After a few hours, {SCN_MW.Callsign} is reeled safely back inside the ship to take a break.  At this pace, all of the bolts should be replaced in a couple of weeks.

 On {SCN_MW.Callsign}'s last EVA to replace the remaining bolts, you learn that {SCN_MW.Callsign} was injured when a bolt shot out and punctured thier suit.  You visit {SCN_MW.OBJ} in the MedBay. "You did some amazing work out there, {SCN_MW.Callsign}," you say. "Anyone else would have hesitated in a situation like that, fearfull that the whole hatch would blow out.  I've already punished the crew responsible for not having that section depressurised in advance of your repair work."

You hand {SCN_MW.Obj} the bolt they removed during surgery, conveniently made into a necklace.
1	Details	You order Yang and his crew more time off with exclusive time slots to hit the Gym, relax in the low-G pool and blow off some steam in the 'Mech pods set to "God Mode."

You run in to Yang coming out of the Gym. "Hey Boss, I just got to say this has helped relieve the stress on my crew. Now that I know they'll be alright, I'm handling each day a little better than the last. I appreciate the help."
1	Details	Farah brings you modified blueprints. "You know, if we just opened this area here and used it to store our armor scraps, it would place 'Mech armor against the bulkhead. In the bays, we can replace this panel with a hidden door to make a safe room."

After inspecting the changes, Yang approaches you. "Thanks Boss, now there's tons more armor between us and the outside. My crew will sleep better tonight and so will I."
1	Details	You assign Darius to train up Yang and the MechTechs. At the end of the first session, Yang approaches you. 

"Boss, my crew are really taking to this tactical stuff. I'm going to ask Darius to come back for the rest of the week. It shouldn't impact our schedule too much. The crew already looks like they'll be sleeping easier tonight, this is what I needed."
1	Details	You look your former opponent in the eyes, "You fought valiantly, and I now claim you as my [[DM.BaseDescriptionDefs[LoreBondsman],bondsman]].  You will wear this [[DM.BaseDescriptionDefs[LoreBondcord],bondcord]] until you have sufficently demonstrated all three virtues: combat talent, integrity and loyalty."

As you reach forward to place the [[DM.BaseDescriptionDefs[LoreBondcord],bondcord]] on the MechWarrior's wrist, they pull their arm behind them, "My honour will not allow me to become a [[DM.BaseDescriptionDefs[LoreBondsman],bondsman]].  I claim my right of refusal."

You nod assent, "As you wish."

You feel saddened at the loss of a potentially great pilot.
1	Details	[[TGT_MW,{TGT_MW.Callsign}]] returns to the <i>Argo</i> later that week. You see {TGT_MW.Obj} in the mess hall, regaling listeners with tales of the race.

"Commander, thanks for letting me participate in the endurance competition!" {TGT_MW.Subj} {TGT_MW.Gender?NonBinary:say|Default:says} enthusiastically. "I didn't win, but I feel like I did pretty well. Those locals, wow, they have endless stamina! I managed to keep up with them for a while, but along the way I got tired. Spending 24 hours baking in an overheating mech cockpit is probably less exhausting."
1	Details	The crew is bubbling with enthusiasm about a local endurance competition.

In the morning briefing, Darius says, "[[TGT_MW,{TGT_MW.Callsign}]] has requested permission to compete. Given the general interest, I'd like you to make the call."

Sumire says, "Let {TGT_MW.Obj} go. It'll be entertaining."
1	Details	The Trial is over and you have proven yourself in the ways of the Clans.

Darius approaches, "Commander, do you wish to enact your rights to claim your opponent as a [[DM.BaseDescriptionDefs[LoreBondsman],bondsman]]?"
1	Details	Darius nods, and makes the order.

"I'll brief the medical staff, it's not their job but we need to survive. Injuries are going to heal slowly, but we'll be alive to treat our wounds. We can't keep getting hit like this Commander, it's making our MechWarriors talk about leaving. We need to end this fight ASAP."
1	Details	Darius nods, and makes the order.

"I'll brief the medical staff, it's not their job but we need to survive. Injuries are going to heal slowly, but we'll be alive to treat our wounds. We can't keep getting hit like this Commander, we need to end this fight ASAP."
1	Details	Darius provides an update. "I got a little creative with the shifts."

He hesitates for a moment. "That said, both our repair and medical facilities will be operating on skeleton crews. We're ready for another surprise attack or inside job. Commander, we can't keep this up forever. We need to finish this fight before it finishes us."
1	Details	Darius nods, and makes the order.

"I'll brief Yang and his staff. The surprise attack is still fresh in their minds, so they'll be vigilant. Repairs are already going slowly, but we'll be alive to repair our damages. We can't keep getting hit like this Commander, we need to end this fight ASAP."
1	Details	You stumble upon Yang sitting quietly in a dark corner and ask how he's doing. "Boss, it's just that attack on Tiverton. This is the second time it has happened to me, first time was when I got this." Raising his artificial hand. 

"Even got hit there again." He points out a freshly gouged line on his bicep's plate. "Feels like I won't be so lucky if this happens a third time. As if I'm cursed to die in a 'Mech Bay, and I live there."

"You got any ideas how to get over this?"
1	Details	Darius provides an update. "I told everyone what you told me, the best way to prevent more attacks is focusing to keep our 'Mechs and MechWarriors as ready to go."

He looks down. "We can't keep this up forever Commander, the MechWarriors are already starting to talk about abandoning this endeavor. We need to finish this fight before we are attacked again."
1	Details	Darius nods, and makes the order.

"I'll brief Yang and his staff. The surprise attack is still fresh in their minds, so they'll be vigilant. Repairs are already going slowly, but we'll be alive to repair our damages. We can't keep getting hit like this Commander, it's making our MechWarriors talk about leaving. We need to end this fight ASAP."
1	Details	[[TGT_MW,{TGT_MW.Callsign}]] returns to the <i>Argo</i> later that week. You find {TGT_MW.Obj} in the mess hall, one arm in a cast, regaling listeners with tales of daring-do.

"Commander, thanks for letting me participate in the endurance competition, but I, uh, may have over-reached a little bit," {TGT_MW.Subj} {TGT_MW.Gender?NonBinary:say|Default:says}, holding up the broken limb.

"Those locals, wow, they have endless stamina!. I managed to keep up with them for a while, but along the way I got tired. Spending 24 hours baking in an overheating mech cockpit is probably less exhausting."
1	Details	It's hard to make money when you can't repair your BattleMechs between contracts. Hopefully this "Logistics Insurance" is worth the money and you can get the company back in the black before the coverage expires again.

In the meantime, Darius has returned with the "missing" supplies.
1	Details	[[DM.BaseDescriptionDefs[TooltipSimGameCharacterDARIUS],Darius]] pings you with an urgent message from planetside. Apparently the entire resupply shipment has gone "missing," and every local retailer is claiming to be completely out of stock.

Coincidentally, you also have a message from [[DM.BaseDescriptionDefs[TBoneLoreDDSL],Discount Dan's Savings and Loan LLC]]:

<b><i>Greetings Commander,

A little bird told me you seem to have misplaced your resupply shipments. While your loan is now past due, I have been authorized to offer you the option of purchasing Discount Dan's Logistics Insurance Plan, which guarantees against any further loss of resupply for a period of 60 days. Certainly we wouldn't want degraded combat readiness affecting your ability to repay your loans, would we?

Sincerely,

Nicia Andretta
Dept. Cash and Collections
DDS&L LLC</i></b>
1	Details	You know a hustle when you see one. The only way out of this is to pay off that loan as soon as possible, not give Dan's goons <i>more</i> of your hard-earned money.

In the meantime, Darius has returned with [[TRT_MW,{TRT_MW.Callsign}]] and [[SCN_MW,{SCN_MW.Callsign}]]. Although {SCN_MW.Callsign} got the worst of it physically, {TRT_MW.Callsign} seems particularly shaken by the experience. It's hard to go from feeling invincible at the controls of a BattleMech to feeling helpless in a dark alley.
1	Details	You know a hustle when you see one. The only way out of this is to pay off that loan as soon as possible, not give Dan's goons <i>more</i> of your hard-earned money.

Unfortunately, [[DM.BaseDescriptionDefs[TooltipSimGameCharacterYang],Yang]] and [[DM.BaseDescriptionDefs[TBoneLoreDoc],Doc]] both report that supplies are critically low, and MedBay and MechBay performance will be seriously degraded for a while.
1	Details	You sit in your command chair aboard the Argo when the hatch slides open and [[TGT_MW,{TGT_MW.Callsign}]] steps in, posture tight with frustration.



"Commander," {TGT_MW.Subj} {TGT_MW.Gender?NonBinary:begin|Default:begins}, "I've logged hundreds of hours in the simulators. Why am I not getting combat drops?"



You fold your hands, studying them for a moment before answering.
1	Details	"MechWarriors belong in the 'Mechs. Technicians belong in the Mech Bay. Let the specialists do their jobs."

As [[TGT_MW,{TGT_MW.Callsign}]] starts to get up, you gesture at the pile of bits on the ground. "And clean up this mess. I don't want the Chief stumbling across your experiment in the morning."
1	Details	While pacing through the Mech Bay on a sleepless night, you stumble across [[TGT_MW,{TGT_MW.Callsign}]]. {TGT_MW.Subj_C} {TGT_MW.Gender?NonBinary:are|Default:is} looking over the schematics of a [[DM.BaseDescriptionDefs[BaseDesc_Locust],Locust LCT-1V]]. A jumbled pile of Spanners, bolts, and loose papers covered in scribbles litter the deck plating around {TGT_MW.Obj}.

As you approach, {TGT_MW.Callsign} looks up, a sheepish grin on {TGT_MW.Det} face. "Uh. Hello, Commander. I was just trying to work out a way to make that Locust in storage actually useful on the battlefield. I think we can weld the legs together, cram as much scrap metal into the chassis and actually fashion it into a club that one of the bigger mechs can weild!  Can you talk to the Chief, he's already shooed me out of here once this week."
1	Details	"On a combat drop, you're only as good as your weapons. When you're in the middle of a fight, you need to know the capabilities—and the limitations—of whatever 'Mech you're piloting."

You do a quick search on one of the computers then flip it around for {TGT_MW.DET} to see. "Here, start with the tech behind Heat Sinks. Knowing how to push your 'Mech's limits will prove invaluable in every drop I send you on."

[[TGT_MW,{TGT_MW.Callsign}]] furrows {TGT_MW.DET} brow and bends low over the detailed treatise, already engrossed in the material.
1	Details	"I have plenty of people who can pull a trigger [[TGT_MW,{TGT_MW.Callsign}]]. What I need are more MechWarriors that can see the big picture on the battlefield and respond to it quickly. Gaining proper positioning is key to taking down the enemy as fast as possible. For that you will need more practice in the simulators, not the books."

Taking your advice {TGT_MW.SUBJ_C} goes to the simulators and gains experience.
1	Details	"I have plenty of people who can pull a trigger [[TGT_MW,{TGT_MW.Callsign}]]. What I need are more MechWarriors that can see the big picture on the battlefield and respond to it quickly. Gaining proper positioning is key to taking down the enemy as fast as possible."

You do a quick search on one of the computers then flip it around for {TGT_MW.DET} to see. {TGT_MW.SUBJ_C} {TGT_MW.Gender?NonBinary:read|Default:reads} the passage aloud. "Procrastination is opportunity's natural assassin.."

Slapping {TGT_MW.Callsign} on the back, "You will need to forget some of your past experiences and concentrate on these new techniques. Even then there will probably be a need to make repeat visits to refresh your new skills. "
1	Details	"I have plenty of people who can pull a trigger [[TGT_MW,{TGT_MW.Callsign}]]. What I need are more MechWarriors that can see the big picture on the battlefield and respond to it quickly. Gaining proper positioning is key to taking down the enemy as fast as possible. For that you will need more practice in the simulators, not the books."


Taking your advice {TGT_MW.SUBJ_C} goes to the simulators and gains experience.
1	Details	It's hard to make money with your pilots laid up in the medbay. Hopefully this "Pilot Protection Plan" is worth the money and you can get the company back in the black before the "Protection" expires again.

In the meantime, Darius has returned with [[TRT_MW,{TRT_MW.Callsign}]] and [[SCN_MW,{SCN_MW.Callsign}]]. Although {SCN_MW.Callsign} got the worst of it physically, {TRT_MW.Callsign} seems particularly shaken by the experience. It's hard to go from feeling invincible at the controls of a BattleMech to feeling helpless in a dark alley.
1	Details	[[DM.BaseDescriptionDefs[TooltipSimGameCharacterDARIUS],Darius]] pings you with an urgent message from planetside. Apparently [[TRT_MW,{TRT_MW.Callsign}]] and [[SCN_MW,{SCN_MW.Callsign}]] were both found in an alley, beaten and robbed. Darius has collected them and is en route to the <i>Argo</i>.

Coincidentally, you also have a message from [[DM.BaseDescriptionDefs[TBoneLoreDDSL],Discount Dan's Savings and Loan LLC]]:

<b><i>Greetings Commander,

I was sorry to hear about the misfortune that recently befell your poor pilots. While your loan is now past due, I have been authorized to offer you the option of purchasing Discount Dan's Pilot Protection Plan, which guarantees against any further "mishaps" for a period of 120 days. Certainly we wouldn't want further injuries affecting your ability to repay your loans, would we?

Sincerely,

Nicia Andretta
Dept. Cash and Collections
DDS&L LLC</i></b>
1	Details	You've received a message on your console from [[DM.BaseDescriptionDefs[TBoneLoreDDSL],Discount Dan's Savings and Loan LLC.]]

<i><b>Greetings Commander,

This message is a courtesy reminder that your loan term will be up in less than 15 days. Failure to repay the loan will result in unfortunate consequences including but not limited to additional late fees. Should payment become excessively late, do expect to be paid a visit by myself, or one of our other capable "collections agents." Lest you be tempted to ignore this message, I've taken the liberty of attaching a short clip of one of our former customers. Let it serve as a stern warning of what happens to those who fail to pay in a timely fashion.

Sincerely,

Nicia Andretta
Dept. Cash and Collections
DDS&L LLC.</i></b>
1	Details	Later in the week, Darius begins to deliver his report on the sales, but he falls silent. The corner of his left eye twitches with anger. 

"—Commander, I'm sorry to report that we ran afoul of the local authorities. Perhaps making so many goods available so suddenly was too risky. And to add insult to injury, we had to pay a fine."

Yang gives Darius a shrug. "At least we only lost the samples that we brought to the negotiations, and not the entire shipment. That's something, right?"
1	Details	That afternoon, when you arrive in Darius' office, a peal of laughter tells you that the interview has gone well.

[[SCN_MW,{SCN_MW.Callsign}]] lifts an imaginary glass with a smirk. "Then I had him add all the MechTechs to his bar tab. And you know how much <i>they</i> can drink!"

Darius chuckles and greets you. "Commander, we're all good here. {SCN_MW.DET_C} story checks out."

You nod. "I see." A stern look in the direction of {SCN_MW.Callsign} shuts {SCN_MW.OBJ} up mid-laugh. "It would've been easier on everyone if you'd mentioned this right away." You pause for effect before continuing. "So… how much do you think he wound up spending on those drinks?"
1	Details	That afternoon, when you arrive in Darius' office, you find [[SCN_MW,{SCN_MW.Callsign}]] fidgeting in a stiff chair, expression shifting between nervous and defiant.

Darius walks over, scratching the back of his head. "Commander… {SCN_MW.SUBJ} {SCN_MW.Gender?NonBinary:say|Default:says} that {SCN_MW.SUBJ} didn't didn't take the bait, but the story doesn't add up."

"We'll be out of the system soon enough. Put {SCN_MW.Obj} on a full schedule of kitchen duties for a few weeks. Under close supervision. Better safe than sorry."
1	Details	When {TGT_MW.SUBJ} {TGT_MW.Gender?NonBinary:disembark|Default:disembarks} from the returning shore leave shuttle, [[TGT_MW,{TGT_MW.Callsign}]] trots right over to you and Darius.

"Commander, [[SCN_MW,{SCN_MW.Callsign}]] and I were out drinking and a local MechWarrior bought us a round. He starts asking about our company, but not like he's looking for a job. More like he wants to know about you." {TGT_MW.SUBJ_C} {TGT_MW.Gender?NonBinary:pause|Default:pauses}, uncertain.

Darius prods {TGT_MW.Obj}. "Go on, you're not in trouble. Cut to the end."

"Well, he offered us money for information about any more work we do in the system. I blew him off and left, but {SCN_MW.Callsign} stayed."
1	Details	Later that week, Darius arrives in your quarters unannounced. You've rarely seen him in a darker mood.

"Commander, I asked Sumire to monitor outbound messaging, and she intercepted a planet-bound message in the middle of the night. Together, we cracked the encryption—it was from [[SCN_MW,{SCN_MW.Callsign}]] to parties unknown."

"Well, we agreed what the stakes were before we went down this path. I'll have Sumire take {SCN_MW.Callsign} back to the planet and leave {SCN_MW.Obj} there."
1	Details	After receiving a message about a 'situation on the mess deck,' you find yourself in the middle of a crisis. [[TGT_MW,{TGT_MW.Callsign}]] stands on the wrong side of the galley counter, holding a terrified cook by the arm and snarling. [[SCN_MW,{SCN_MW.Callsign}]] approaches, hands raised. "You've gotta let her go, {TGT_MW.Callsign}. She didn't mean anything."

As you step over a fallen lunch tray, the cook gasps, "Commander!" 

{TGT_MW.Callsign} looks at you, still squeezing the cook's arm. "You didn't hear her, Commander. You didn't see her face!"
1	Details	You rest a hand on [[TGT_MW,{TGT_MW.Callsign}]]'s shoulder. "Good job. You go on and join the others."

After {TGT_MW.SUBJ} {TGT_MW.Gender?NonBinary:leave|Default:leaves}, Darius muses. "I like that we've rattled a few cages here in {TGT_SYSTEM.Name}. What I like even better is the idea of making a few C-Bills on the side with a disinformation campaign."

You nod, "I was thinking the same thing. Make it happen, preferably while [[SCN_MW,{SCN_MW.Callsign}]] is engaged in some particularly miserable chores around the <i>Argo</i>."
1	Details	Later that week, Darius arrives in your quarters, unannounced and in a thoughtful mood.

"Commander, Sumire's been monitoring outbound messaging and she's seen nothing unusual. But she did notice [[SCN_MW,{SCN_MW.Callsign}]] lurking around the communications room for a couple of days."

Darius scratches his chin. "My read on the situation? {SCN_MW.SUBJ_C} either lost {SCN_MW.DET} nerve, or decided against it. Either way, I think we're okay."

Raising your eyebrows, you say. "Good to know that fear or conscience outweighed greed… for today, at least. Nevertheless, I'd like to see {SCN_MW.CALLSIGN} assigned some particularly miserable chores around the <i>Argo</i> for the next month."
1	Details	When a crowd of Mechwarriors return from shore leave, [[TGT_MW,{TGT_MW.Callsign}]] trots over to you and Darius, frowning.

"Commander, I was out drinking when a stranger offered to buy the next round. He started asking about our company, but I could tell that he already knew about us. About you." {TGT_MW.SUBJ_C} {TGT_MW.Gender?NonBinary:pause|Default:pauses}, uncertain.

Darius prods {TGT_MW.Obj}. "Go on, you're not in trouble. Yet. Cut to the end."

{TGT_MW.Callsign} clears {TGT_MW.Det} throat. "He provided a method for secure communication and offered to pay for information about any more contracts we take in the system."
1	Details	You pick up a datapad with some book and holovid chips on your way over to MedBay. [[TGT_MW,{TGT_MW.Callsign}]] is already reading from a datapad as you enter. {TGT_MW.SUBJ_C} {TGT_MW.Gender?NonBinary:look|Default:looks} up. "Oh, Commander. Were you bringing that stuff for me? Just put it over there."

Every flat surface near {TGT_MW.DET} bed is covered with books, datapads, and snacks from the mess-hall. Is that a stuffed animal?

It would appear that [[SCN_MW,{SCN_MW.Callsign}]] has rallied more than just you to help {TGT_MW.DET} friend recover.
1	Details	You pick up a datapad with a huge stack of holovid chips on your way over to MedBay. [[TGT_MW,{TGT_MW.Callsign}]] opens {TGT_MW.DET} eyes as you enter. "Commander? I wasn't expecting visitors today."

"I just thought you might appreciate something to take your mind off things," you say, setting the datapad and the chips on the table beside {TGT_MW.OBJ}. "I didn't mean to interrupt your rest."

After a few minutes of conversation, you take you leave so {TGT_MW.Callsign} can go back to sleep.
1	Details	You rest a hand on [[TGT_MW,{TGT_MW.Callsign}]]'s shoulder. "You did the right thing by telling us. We'll take it from here."

After {TGT_MW.SUBJ} {TGT_MW.Gender?NonBinary:leave|Default:leaves}, Darius speaks his mind. "Honestly, I don't care if we've rattled a few cages here in {TGT_SYSTEM.Name}."

You agree. "Might help with closing more contracts while we're here if we're the big 'Mech on the block."

Later in the week, Darius reports that he's managed to turn this to his advantage by charging 'non-refundable negotiation fees' just to present a contract to the company. "I should try this more often."
1	Details	The MechWarrior nods, salutes and leaves without a word.

Later that week, Darius reports in. "Whatever you told [[TGT_MW,{TGT_MW.Callsign}]] seems to have worked. The Mech Bay is quiet and productive again. Well… as quiet as the Mech Bay can be, anyway."
1	Details	[[TGT_MW,{TGT_MW.Callsign}]] enters your quarters and snaps to attention, glancing between you and Darius. Darius stares the MechWarrior down. "We've had a complaint about you, soldier. Causing trouble in the Mech Bay?"

"That MechTech's got a grudge against me, sir. My 'Mech's been opened up for way longer than anybody else's, and for <i>no good reason</i>. I was just trying to get things moving."

Darius glances at you. "Are you buying this, Commander?"
1	Details	You rest a hand on [[TGT_MW,{TGT_MW.Callsign}]] shoulder. "You did the right thing telling us. Darius and I may just take this stranger up on his offer."

{TGT_MW.DET_C} brow furrows, confused. Darius laughs. "Don't worry. We'll tell you exactly what to say, and you'll work with Sumire to send the messages. All above board. You go on and join the others."

After {TGT_MW.SUBJ} {TGT_MW.Gender?NonBinary:leave|Default:leaves}, you whirl towards Darius, a half-formed idea gaining traction. "Are you thinking what I'm thinking? There's a thriving black market here in {TGT_SYSTEM.Name}…"

That's all you had to say. You can see his clever brain churning. "I was already planning to confuse these jokers with a disinformation campaign. But you're right! Whoever they are, they'll have enemies, and we can put everyone right where we want them."

You give a nod to Darius. "I've always liked how you think. Make it happen."
1	Details	"{TGT_MW.FirstName} {TGT_MW.LastName}! That cook is a member of <i>your crew</i>. In this company, we don't attack our teammates. Now let her go and get over here. <i>Let her go</i>."

[[TGT_MW,{TGT_MW.Callsign}]] breathes hard, then shoves the cook away. She vanishes to the kitchen while [[SCN_MW,{SCN_MW.Callsign}]] grabs {TGT_MW.Callsign}'s shoulders and forces {TGT_MW.OBJ} into a chair.

You loom over {TGT_MW.OBJ} and present a stinging fifteen-minute lecture. Darius arrives halfway through, but he stands back in respect. By the end, {TGT_MW.Callsign} is contrite and submissive—and confined to barracks for two weeks.

When you check on the cook, she tartly informs you that she's fine. She wouldn't be on the ship if she couldn't cope with the occasional MechWarrior tantrum.
1	Details	As you're on your way to the MedBay for an evaluation, you hear [[TGT_MW,{TGT_MW.Callsign}]] and [[SCN_MW,{SCN_MW.Callsign}]] shouting, and then a loud metallic crash.

"Commander!" {TGT_MW.Callsign} calls as you enter. "How nice of you to join us!" {TGT_MW.SUBJ_C} {TGT_MW.Gender?NonBinary:rise|Default:rises} halfway out of bed, trailing a tangled rope of tubes and wires.

The senior doctor turns on you, flushed and angry. "Commander, your MechWarriors refuse to follow their recovery regimen."

{SCN_MW.Callsign} lounges in a nearby chair. "How come you're running around the ship? You're hurt too!"
1	Details	"I decide who fights and who doesn't, not you, [[SCN_MW,{SCN_MW.Callsign}]]. But <i>no one</i> fights until the doctor gives you a clean bill of health."

You turn to the doctor. "I respect the challenges you face here, but clearly [[TGT_MW,{TGT_MW.Callsign}]] is going a little stir-crazy. Perhaps {TGT_MW.SUBJ} could spend some time each day in the Training Modules?"

The doctor's tightened lips communicate displeasure, but she keeps those words to herself. "Very well, Commander. We'll need {TGT_MW.OBJ} on {TGT_MW.DET} feet soon enough. Walking to the Training Room and back won't be any different than doing laps in the hallway."
1	Details	"I decide who fights and who doesn't, not you, [[SCN_MW,{SCN_MW.Callsign}]]. But <i>no one</i> fights until the doctor gives you a clean bill of health."

You turn to the doctor. "From this point forward, you've got my permission to restrain pilots in their beds they give you trouble."

[[TGT_MW,{TGT_MW.Callsign}]]'s protestations die in {TGT_MW.Det} throat as you turn on {TGT_MW.Obj}. "I know that you feel like a god when you're sitting in your 'Mech. I get it. But here in the MedBay, there is only one god, and she's standing right there." You point at the doctor.

"I expect you to do everything that she and her staff ask you to do. And if I hear otherwise, you may never get back into a 'Mech again."
1	Details	"[[SCN_MW,{SCN_MW.Callsign}]], I'm up and about because I have a mercenary company to run. Unlike you, my job doesn't stop when I'm not in a 'Mech."

You turning to the doctor. "I respect the challenges you face here, but perhaps allow for a bit more activity and less bed-rest? Clearly, [[TGT_MW,{TGT_MW.Callsign}]] is going a little stir-crazy."

The senior doctor's tightened lips communicate displeasure, but she keeps those words to herself. "Very well, Commander. We will incorporate physical therapy earlier into the treatment. If {TGT_MW.Subj} {TGT_MW.Gender?NonBinary:push|Default:pushes} too hard too soon, however, recovery may take even longer ."
1	Details	Dr. Murad gestures grandly at a bright yellow growth on the corridor wall in front of you. "Meet the <i>Argo</i>'s very own mold problem. It started in the unfinished Gamma Pod, and despite my best efforts, it's spreading unchecked." She pokes at it with a screwdriver, frowning.

"I've seen this before, Boss." Yang takes the screwdriver out of Dr. Murad's hand and wipes it off. "I know how to kill it, but whoever you pick for the job needs to be in a HazMat suit. And considering how widespread this infestation is, they're gonna be stewing in that suit for a long time."

Dr. Murad nods grimly. "I was afraid of that. Any thoughts on who we should saddle with such an unpleasant task? I suppose we could ask for volunteers…"

"No one's gonna volunteer for HazMat duty," Yang chuckles. "We may as well draw straws."
1	Details	"[[SCN_MW,{SCN_MW.Callsign}]], I'm up and about because I have a mercenary company to run. Unlike you, my job doesn't stop when I'm not in a 'Mech."

You turn to the doctor. "I respect the challenges you face here, but clearly, [[TGT_MW,{TGT_MW.Callsign}]] is going a little stir-crazy. Perhaps {TGT_MW.SUBJ} could spend some time each day in the Training Modules?"

The doctor's tightened lips communicate displeasure, but she keeps those words to herself. "Very well, Commander. We'll need {TGT_MW.OBJ} on {TGT_MW.DET} feet soon enough. Walking to the Training Room and back won't be any different than doing laps in the hallway."
1	Details	"[[SCN_MW,{SCN_MW.Callsign}]], I'm up and about because I have a mercenary company to run. Unlike you, my job doesn't stop when I'm not in a 'Mech."

You turn to the doctor. "You have permission to restrain pilots in their beds the next time that someone causes you trouble."

[[TGT_MW,{TGT_MW.Callsign}]]'s protestations die in {TGT_MW.Det} throat as you turn on {TGT_MW.Obj}. "I know you feel like a god when you're in your 'Mech, but when you're here in the MedBay, your god is right over there!" You point at the doctor.

"I expect you to do everything that she and her staff ask you to do. And if I hear otherwise, you may never get back into a 'Mech again."
1	Details	Darius arrives behind you as you come to a decision. You look the crazed MechWarrior in the eye and raise your voice to a bark of command. "We DO NOT assault our support crew, <i>EVER</i>. Darius, get this idiot off of my ship."

[[TGT_MW,{TGT_MW.Callsign}]] releases the cook and stares at you in shock. "Commander, I didn't…"

"Save it, {TGT_MW.Callsign}," hisses Darius. "Let's go clean out your bunk."

{TGT_MW.Subj_C} quietly {TGT_MW.Gender?NonBinary:follow|Default:follows} Darius out of the mess as you turn your attention to the cook. She glances at the shocked diners, gives you a solemn nod of gratitude, and then begins cleaning up the spilled food.
1	Details	You and [[SCN_MW,{SCN_MW.Callsign}]] both grab at [[TGT_MW,{TGT_MW.Callsign}]]'s arms. {TGT_MW.Callsign} shoves the cook away, then wrenches free to furiously turn on {SCN_MW.Callsign}. There's a thud as they slam into the counter and both MechWarriors fall, still grappling.

You try to haul {TGT_MW.Callsign} off of {SCN_MW.Callsign}, but it isn't until Darius arrives that you and he can separate the two. When {TGT_MW.Callsign} snarls at you, you deck {TGT_MW.Obj}.

Then you help {SCN_MW.Callsign} up. {SCN_MW.Subj_C} {TGT_MW.Gender?NonBinary:look|Default:looks} disoriented, with purpling bruises and a lump on {SCN_MW.Det} head. "Come on, {SCN_MW.Callsign}. Let's get you to MedBay."

As you guide {SCN_MW.Callsign} out, Darius calls to you. "Any opinions for how I deal with this idiot, Commander?"

You cast a glance backward. "Get {TGT_MW.Obj} to Medbay, too. After that, I don't want to see {TGT_MW.Obj} again for at least a few weeks."

The cook, still behind her counter, nods approvingly.
1	Details	You hop the counter, and {SCN_MW.Callsign} follows your lead. The two of you grab [[TGT_MW,{TGT_MW.Callsign}]]'s arms and force {TGT_MW.OBJ} to release the line cook. She backs away, rubbing her arm.

{TGT_MW.Callsign} shakes you off, and turns on you, but you can see the exact moment when {TGT_MW.SUBJ} {TGT_MW.Gender?NonBinary:realize|Default:realizes} what will happen if {TGT_MW.SUBJ} {TGT_MW.Gender?NonBinary:attack|Default:attacks} you. Then {SCN_MW.Callsign} wrestles {TGT_MW.OBJ} to the ground, and it's all over. All that remains is the need to enforce discipline.

Soon enough, you have {TGT_MW.Callsign} meekly apologizing to the crewmember {TGT_MW.SUBJ} assaulted. Then {TGT_MW.SUBJ} {TGT_MW.Gender?NonBinary:return|Default:returns} to the barracks, where {TGT_MW.SUBJ} will stay for the next two weeks.
1	Details	Darius arrives behind you as you come to a decision. You look the crazed MechWarrior in the eye and raise your voice to a bark of command. "We DO NOT assault our support crew, <i>EVER</i>. Darius, get this idiot off of my ship."

{TGT_MW.Callsign} releases the cook and begins yelling at you instead. "You can't do that! I'm the best MechWarrior you've got! If you get rid of me, this company will be sunk!"

At your signal, Darius and [[SCN_MW,{SCN_MW.Callsign}]] strongarm {TGT_MW.OBJ} off the mess deck. As the ranting disappears into the distance, you attend to the cook. She glances at the shocked diners, gives you a solemn nod of gratitude, and then begins cleaning up the spilled food.
1	Details	"I decide who fights and who doesn't, not you, [[SCN_MW,{SCN_MW.Callsign}]]. But <i>no one</i> fights until the doctor signs off on your health."

You turn to the doctor. "I respect the challenges you face here, but maybe you should allow for more activity and less bed rest? Clearly, [[TGT_MW,{TGT_MW.Callsign}]] is going a little stir-crazy."

The senior doctor's tightened lips communicate displeasure, but she keeps those words to herself. "Very well, Commander. If that's what you want, we'll do it. But if {TGT_MW.Subj} {TGT_MW.Gender?NonBinary:push|Default:pushes} too hard, too soon, {TGT_MW.Det} recovery is going to take even longer."
1	Details	As you pass MedBay, you hear [[TGT_MW,{TGT_MW.Callsign}]] and [[SCN_MW,{SCN_MW.Callsign}]] shouting, followed by a loud metallic crash.

"Commander!" {TGT_MW.Callsign} calls as you enter. "How nice of you to join us!" {TGT_MW.SUBJ_C} {TGT_MW.Gender?NonBinary:rise|Default:rises} halfway out of bed, trailing a tangled rope of tubes and wires.

The senior doctor turns on you, flushed and angry. "Commander, your MechWarriors refuse to follow their recovery regimen."

{SCN_MW.Callsign} looks up from a nearby chair. "C'mon, you old quack. Can't you see {TGT_MW.Callsign} is ready to get back out there?"
1	Details	With your best parade ground voice, you call "Ten-hut!"

[[TGT_MW,{TGT_MW.Callsign}]] automatically snaps to attention, incidentally releasing the cook.

You glance at the cook, who nods her appreciation and backs away. Then you regard {TGT_MW.Callsign} sternly. "Explain to me what you were doing, MechWarrior. Right now!"

Pinned by years of military discipline, {TGT_MW.Callsign}'s back stiffens even more. "Commander! I felt disrespected by that cook! And I behaved disgracefully!"

You stare at {TGT_MW.OBJ} for a long moment, and then take the mood down a notch. "Come out from there, {TGT_MW.Callsign}. You have an apology to make, and a mess to clean. As punishment for your behavior, I'm giving you a week of KP duty in addition to your regular tasks."

"Yes, Commander!"
1	Details	"You're talking to the wrong person, friend," you say to the dirty man. "[[TGT_MW,{TGT_MW.Callsign}]] works for me, now. So however your problem started, it ends with me."

The lowlife shrugs. "Right. You wanna settle {TGT_MW.Firstname}'s debts? Fine by me."

The kick to your leg from behind isn't exactly a shock, but it does take you down to your knees. {TGT_MW.Callsign} lashes out at your attacker, and unavoidable violence ensues.

A few minutes later, all of the thugs are down and {TGT_MW.Callsign} is holding {TGT_MW.DET} side where someone stabbed {TGT_MW.OBJ}. "We don't wanna be here when the police show up," {TGT_MW.SUBJ} {TGT_MW.Gender?NonBinary:gasp|Default:gasps}.

But once you make it to the shuttle, it's all over except for applying first aid to {TGT_MW.Callsign}'s wound.
1	Details	"You're talking to the wrong person, friend," you say to the dirty man. "[[TGT_MW,{TGT_MW.Callsign}]] works for me now. So however your problem started, it ends with me."

The lowlife looks at you, and his eyes widen. "Oh, okay. So the thing is, {TGT_MW.Firstname} owes me—"

You jab a finger at his chest. "Wrong! {TGT_MW.SUBJ_C} no longer {TGT_MW.Gender?NonBinary:owe|Default:owes} you anything. Whatever your connection was, it's dead," you say. "Now get out of my way. I'm busy."

The lowlife drops his gaze and steps aside. You and {TGT_MW.Callsign} move on before he can reconsider. On the flight back to the <i>Argo</i>, {TGT_MW.Subj} {TGT_MW.Gender?NonBinary:talk|Default:talks} to you about {TGT_MW.DET} past—a rare event for such a secretive MechWarrior.
1	Details	You shove the man out of the way and run, [[TGT_MW,{TGT_MW.Callsign}]] right beside you. The other men are surprised, which allows you to get some distance before they give chase. The pursuit lasts several blocks before you lose them in the crowded streets.

On the flight back to the <i>Argo</i>, you ask {TGT_MW.Callsign} if there are any more ghosts from {TGT_MW.DET} past you should know about. {TGT_MW.SUBJ_C} {TGT_MW.Gender?NonBinary:sigh|Default:sighs}. "Probably."
1	Details	This is obviously going to be a fight, so you get things started early by sucker punching [[TGT_MW,{TGT_MW.Callsign}]]'s old pal. Meanwhile, {TGT_MW.Callsign} slugs another old friend in the gut. Then the rest charge, and everything devolves into a confusion of fists and arms and heavy boots.

Some time later, you're swinging at someone's bloody face as he backs away, and you realize he's the last enemy left. {TGT_MW.Callsign} is bent over trying to catch {TGT_MW.DET} breath and the lead lowlife is gone, along with most of his gang. "Go on, get out of here!" you tell the last one. He turns and runs.

You offer {TGT_MW.Callsign} your hand. {TGT_MW.SUBJ_C} {TGT_MW.Gender?NonBinary:say|Default:says}, "That was a good scrap, Commander. But we'd better go, too."
1	Details	Everyone aboard the <i>Argo</i> snaps into action. Techs prep the Leopard for takeoff, the bridge crew tracks the incoming debris, and everyone else secures breakables. At last, the Leopard pushes away from the docking collar, spirals gracefully towards the debris cloud, its weapons spitting fire in all directions.

There's shuddering and banging as the <i>Argo</i> passes through the cloud. Then it's past and the clatter fades away. Darius announces, "Commander, the Barracks suffered extensive damage. [[SCN_MW,{SCN_MW.Callsign}]] was wounded there. And [[TGT_MW,{TGT_MW.Callsign}]] took a minor injury aboard the Leopard."
1	Details	Emergency klaxons blare as Darius reports, "Commander, this planet's orbit is choked with space junk and an uncharted cloud of debris is about to hit the <i>Argo</i>. There's not much we can do to avoid it on such short notice. If we get hit, we're going to feel it."

Sumire grins mischievously. "I could take the Leopard out and mount an aggressive defense! [[TGT_MW,{TGT_MW.Callsign}]] can fire the guns, while I dodge the debris."

Darius says, "If we do that, we need to decide which systems to prioritize defending."
1	Details	This is obviously going to be a fight, so you get things started early by sucker punching [[TGT_MW,{TGT_MW.Callsign}]]'s old pal. Meanwhile, {TGT_MW.Callsign} slugs another thug in the gut. Then the rest charge, and you're quickly overwhelmed by sheer numbers. The fight is going poorly enough that when the local police arrive, you're relieved.

Three hours later, you've paid a ¢1,000 fine, the medics are done treating {TGT_MW.Callsign}'s injuries, and you're both on your way back to the <i>Argo</i>. {TGT_MW.SUBJ_C} {TGT_MW.Gender?NonBinary:say|Default:says}, "Sorry about that, Commander. I didn't think that guy was still looking for me."
1	Details	You give permission for the MechWarriors to continue to play their game.

The next day, MechWarriors and crew crowd into a narrow barracks hallway to watch [[TGT_MW,{TGT_MW.Callsign}]] face off against [[SCN_MW,{SCN_MW.Callsign}]].

Unfortunately, an errant ball from {SCN_MW.Callsign} slams into an exposed power coupling and smashes it, blacking out the corridor and ending the game.

You can almost feel Dr. Murad's displeasure from six decks away. Closer at hand, however, is an "I told you so" look from Darius as he walks over and snatches the ball from {SCN_MW.Callsign}'s hand.
1	Details	You give permission for the MechWarriors to continue to play their game.

The next day, MechWarriors and crew crowd into a narrow barracks hallway to watch [[TGT_MW,{TGT_MW.Callsign}]] face off against [[SCN_MW,{SCN_MW.Callsign}]].

In the winning play, {TGT_MW.Callsign} bounces {TGT_MW.DET} final ball off the corridor wall twice to send {SCN_MW.Callsign}'s ball spinning away from scoring marker. The crew erupts in cheers, and continue to talk about it for days afterward.
1	Details	You confirm Darius's decision with a nod. "That's that."

Later in the day, you see [[TGT_MW,{TGT_MW.Callsign}]] and [[SCN_MW,{SCN_MW.Callsign}]] in the mess, looking dejected.
1	Details	The next day, MechWarriors and crew crowd into a narrow barracks hallway to watch [[TGT_MW,{TGT_MW.Callsign}]] face off against [[SCN_MW,{SCN_MW.Callsign}]] in one final game of corridor bocce.

In the winning play, {TGT_MW.Callsign} bounces {TGT_MW.DET} last ball off the corridor wall twice to send {SCN_MW.Callsign}'s spinning away toward the audience.

The crew erupts in cheers, and continue to talk about the match for days afterward.
1	Details	[[TGT_MW,{TGT_MW.Callsign}]] joins you on a supply run in one of {TGT_SYSTEM.Name}'s major cities. As the trip winds down, you realize you're being followed. Not long after, a dirty man with a dangerous sneer steps in front of {TGT_MW.Callsign}. "We've been looking for you, {TGT_MW.Firstname}," he says as several more figures close in around you.

You look the man over. "What's this about, {TGT_MW.Callsign}?"

"Ah, this is a little creep I used to know, Commander. Back before I joined up with you. I don't think he likes me much anymore."
1	Details	You receive a call from Dr. Murad. "Commander, the <i>Argo</i> is testing me. I have a negative reading from one of our rotational assembly's coupling joints.  If it's not repaired quickly, it'll shut down our grav modules.

"Our problem joint is near the reactor shielding, in a very hard to reach place. I can try to patch around it, but I'm not sure that will work.

"What I'd prefer to do is have someone go EVA to perform the repair. [[TGT_MW,{TGT_MW.Callsign}]] has plenty of experience with external ship work, and is ready to attempt the fix. Now, it's a bit risky, and I know how you value your MechWarriors. I'd like your call before I authorize the repair."
1	Details	The next day, MechWarriors and crew crowd into a narrow barracks hallway to watch [[TGT_MW,{TGT_MW.Callsign}]] face off against [[SCN_MW,{SCN_MW.Callsign}]] in one final game of corridor bocce.

In what turns out to be the last play, {TGT_MW.Callsign} makes an unfortunate throw that causes {TGT_MW.DET} ball to ricochet off a protruding service panel, bounce up, and hit {SCN_MW.Callsign} square in the nose. {SCN_MW.SUBJ_C} {SCN_MW.Gender?NonBinary:collapse|Default:colllapses} to the floor in a heap.

Despite the outcome, the crew continue to talk about the match for days afterward, and visit {SCN_MW.Callsign} in the MedBay for some light-hearted ribbing.
1	Details	Everyone aboard the <i>Argo</i> snaps into action. Techs prep the Leopard for takeoff, the bridge crew tracks the incoming debris, and everyone else secures breakables. At last, the Leopard pushes away from the docking collar, spirals gracefully towards the debris cloud, its weapons spitting fire in all directions.

There's shuddering and banging as the <i>Argo</i> passes through the cloud. Then it's past and the clatter fades away. Darius announces, "Commander, both the MedBay and the Barracks suffered damage, and [[SCN_MW,{SCN_MW.Callsign}]] was wounded. Fortunately, that's the only significant damage report."
1	Details	Later in the day, you arrive in the MedBay and find [[TGT_MW,{TGT_MW.Callsign}]] in bed, just starting at the ceiling. "Hey, Commander. I didn't expect you to come by."

"You'll be back on your feet in no time, {TGT_MW.Callsign}."

{TGT_MW.SUBJ_C} {TGT_MW.Gender?NonBinary:shrug|Default:shrugs}, then {TGT_MW.Gender?NonBinary:wince|Default:winces} in pain. "Maybe. I don't know. I feel like this happened <i>for a reason</i>."

After fifteen minutes, you're unable to lift the cloud over {TGT_MW.Callsign}'s mood, so you bid {TGT_MW.OBJ} a speedy recovery and retreat.
1	Details	Later in the day, you arrive in the MedBay and find [[TGT_MW,{TGT_MW.Callsign}]] in bed, just starting at the ceiling. "Hey, Commander. I didn't expect you to come by."

"I need you back on your feet, {TGT_MW.Callsign}," you say. "This—" You make a vague gesture at the MedBay and {TGT_MW.Callsign}'s condition. "This happens to MechWarriors, but it's just bad luck. It doesn't mean anything."

"Yeah, I guess so."

"Good! Recover fast, because you've got work to do."

{TGT_MW.Callsign} cracks a smile. "Will do, Commander."
1	Details	[[SCN_MW,{SCN_MW.Callsign}]] approaches you on the mess deck. "Commander, you know how [[TGT_MW,{TGT_MW.Callsign}]] is sidelined in MedBay? I've been visiting {TGT_MW.OBJ}, trying to keep {TGT_MW.DET} morale up and, well, {TGT_MW.SUBJ}{TGT_MW.Gender?NonBinary:'re|Default:'s} really messed up. {TGT_MW.SUBJ_C} {TGT_MW.Gender?NonBinary:think|Default:thinks} the injury was {TGT_MW.DET} own fault. Maybe you could do something?"

Resting a hand on {SCN_MW.Callsign} shoulder, you say, "Thanks for letting me know, {SCN_MW.Callsign}. I'll see what I can do."
1	Details	Later in the day, you delegate the task to Darius. "Please drop by MedBay and check in on [[TGT_MW,{TGT_MW.Callsign}]]. Remind {TGT_MW.OBJ} that these things happen, and that {TGT_MW.Gender?NonBinary:they're|Male:he's|Female:she's} still an important member of the crew."

The next day, Darius shares an update. "I tried to cheer up {TGT_MW.Callsign}, but {TGT_MW.SUBJ} {TGT_MW.Gender?NonBinary:are|Default:is} taking this injury badly. This may be a psychological problem."
1	Details	You pick up a datapad with some huge stack of book chips on your way over to MedBay. [[TGT_MW,{TGT_MW.Callsign}]] opens {TGT_MW.DET} eyes as you enter. "Commander? I wasn't expecting visitors today."

"I just thought you might appreciate something to take your mind off things," you say, setting the datapad and the chips on the table beside {TGT_MW.OBJ}. "I didn't mean to interrupt your rest."

After a few minutes of conversation, you take you leave so {TGT_MW.Callsign} can go back to sleep.
1	Details	Later in the day, you delegate the task to Darius. "Please drop by MedBay and check in on [[TGT_MW,{TGT_MW.Callsign}]]. Remind {TGT_MW.OBJ} that these things happen, and that {TGT_MW.Gender?NonBinary:they're|Male:he's|Female:she's} still an important member of the crew."

The next day, Darius shares an update. "I managed to cheer up {TGT_MW.Callsign}. I think {TGT_MW.SUBJ} just needed to hear some encouragement from someone other than a MechWarrior or a doctor."
1	Details	Later in the day, you delegate the task to Darius. "Please drop by MedBay and check in on [[TGT_MW,{TGT_MW.Callsign}]]. Remind {TGT_MW.OBJ} that these things happen, and that {TGT_MW.Gender?NonBinary:they're|Male:he's|Female:she's} still an important member of the crew."

The next day, Darius shares an update. "I tried to cheer {TGT_MW.Callsign} up, but {TGT_MW.SUBJ} {TGT_MW.Gender?NonBinary:are|Default:is} taking this injury badly. That said, I think {TGT_MW.SUBJ} will shake it off when not in the MedBay."
1	Details	Everyone aboard the <i>Argo</i> snaps into action. Techs prep the Leopard for takeoff, the bridge crew tracks the incoming debris, and everyone else secures breakables. At last, the Leopard pushes away from the docking collar, spirals gracefully towards the debris cloud, its weapons spitting fire in all directions.

There's shuddering and banging as the <i>Argo</i> passes through the cloud. Then it's past and the clatter fades away. Darius announces, "Commander, both the Mech Bay and the Barracks suffered extensive damage, and [[SCN_MW,{SCN_MW.Callsign}]] was wounded."
1	Details	Everyone aboard the <i>Argo</i> snaps into action. Techs prep the Leopard for takeoff, the bridge crew tracks the incoming debris, and everyone else secures breakables. At last, the Leopard pushes away from the docking collar, spirals gracefully towards the debris cloud, its weapons spitting fire in all directions.

There's shuddering and banging as the <i>Argo</i> passes through the cloud. Then it's past and the clatter fades away. Darius announces, "Commander, the Mech Bay suffered extensive damage, and [[TGT_MW,{TGT_MW.Callsign}]] took a minor injury aboard the Leopard."
1	Details	Everyone aboard the <i>Argo</i> snaps into action. Techs prep the Leopard for takeoff, the bridge crew tracks the incoming debris, and everyone else secures breakables. At last, the Leopard pushes away from the docking collar, spirals gracefully towards the debris cloud, its weapons spitting fire in all directions.

There's shuddering and banging as the <i>Argo</i> passes through the cloud. Then it's past and the clatter fades away. Darius announces, "Commander, the Barracks suffered extensive damage, and [[SCN_MW,{SCN_MW.Callsign}]] was wounded."
1	Details	Everyone aboard the <i>Argo</i> snaps into action. Techs prep the Leopard for action, the bridge crew tracks the incoming debris, and everyone else secures breakables. At last, the Leopard pushes away from the docking collar, spirals gracefully towards the debris cloud, and its weapons erupt into action.

There's shuddering and banging as the <i>Argo</i> passes through the cloud. Then it's past and the clatter fades away. Darius announces, "Commander, the MedBay suffered extensive damage.  Also [[TGT_MW,{TGT_MW.Callsign}]] took a minor injury aboard the Leopard."
1	Details	In an unused corridor near Gamma Pod, Darius shows you a strange chart written on the wall in chalk. Each row lists a MechWarrior callsign, and in the columns next to each name: a percentage and a number in C-Bills.

As you compare the C-Bill values and the relative experience of the MechWarriors listed, you realize that this is a perverse betting pool. The percentages must represent the survival odds for each MechWarrior.

Just then [[TGT_MW,{TGT_MW.Callsign}]] rounds the corner and stops short. A stick of chalk falls from {TGT_MW.DET} fingers and snaps on the floor.
1	Details	Everyone aboard the <i>Argo</i> snaps into action. Yang and Murad prepare their staff to deal with any technical problems as they arise. Sumire tracks the incoming debris, and everyone else gets ready for a bumpy ride. Finally, there's nothing more to wait for. The <i>Argo</i> is rocked by impact after impact, the clatter interspersed with cursing from the comms.

Then the <i>Argo</i> is through and the noise fades. Darius announces, "Commander, the Mech Bay suffered extensive damage. So did the Barracks, including an injury to [[SCN_MW,{SCN_MW.Callsign}]]."
1	Details	Everyone aboard the <i>Argo</i> snaps into action. Yang and Murad prepare their staff to deal with any technical problems as they arise. Sumire tracks the incoming debris, and everyone else gets ready for a bumpy ride. Finally, there's nothing more to wait for. The <i>Argo</i> is rocked by impact after impact, the clatter interspersed with cursing from the comms.

Then the <i>Argo</i> is through and the noise fades. Darius announces, "Commander, the MedBay suffered extensive damage. So did the Barracks, including an injury to [[SCN_MW,{SCN_MW.Callsign}]]."
1	Details	Dr. Murad stands in the center of the hydroponic garden. She brushes a melon tendril away from her face as she addresses the company. "I want to thank our Commander for making the creation of this hydroponics unit a priority. The fresh produce that we can now enjoy is only the beginning; we're also growing medicinal herbs for use in the MedBay. And, as I'm sure you've noticed, the air in this pod is also much more enjoyable, which should serve to improve shipboard health."

Farah flashes you a smile. "…So I would like you all to take a deep breath and raise a tomato, or a strawberry, or whatever you fancy, in salute to our Commander—and to our new garden!"

The entire crew lets out a lusty cheer, followed by the sound of contented munching.
1	Details	"Commander, do you you have a moment?" says [[TGT_MW,{TGT_MW.Callsign}]] as you pass the barracks, with [[SCN_MW,{SCN_MW.Callsign}]] at {TGT_MW.Det} side.

"What's on your mind?"

{SCN_MW.Callsign} speaks up. "We just want to let you know how happy we are about the new hydroponics unit."

{TGT_MW.Callsign} adds, "We love the fresh fruits and vegetables. It's like when I was a kid."

You smile. "You keep performing well out in the field and we'll keep improving the <i>Argo</i>. Someday this hunk of junk may just feel like a real home."
1	Details	Dr. Murad arrives at a briefing, her arms full of succulent red orbs. "Look, the first harvest from the hydroponics garden."

"Are those tomatoes?" Darius asks. She tosses him one and he bites into it, then sighs with satisfaction as he wipes the juice off his chin. "They <i>are</i>."

"Tomatoes, strawberries, watermelon, squash, basil—and that's just the early harvest."

 With studied nonchalance, Sumire snatches her own tomato from Farah's arms. "The crew will be thrilled, Commander. How do you want to share the news?"
1	Details	[[TGT_MW,{TGT_MW.Callsign}]] hops off {TGT_MW.DET} bed as you enter the MedBay. "Commander, it's a miracle! I'm good as new thanks to a little-known natural remedy. Got it for a steal on shore leave."

A MedTech pulls up an x-ray on a viewscreen. "I hate to admit this, but somehow {TGT_MW.Callsign}'s hairline fracture has regenerated in record time. It's perplexing."

"I think you mean <i>amazing</i>. Don't worry, Commander—it's a completely natural supplement. The restorative power is derived from the horn of a Stratford narwhal and refined into a powder. It's pretty tasty in coffee."

The MedTech's eyes widen with alarm. "It would be best if we continued to monitor {TGT_MW.Callsign}. Even though {TGT_MW.DET} fracture has healed, there's no telling what sort of unexpected side effects might be caused by this <i>unapproved</i> treatment."

"Oh, come on," {TGT_MW.Callsign} grumbles. "It's my week to lead the daily exercises! I don't want to miss that. I've got a killer routine planned. What if the MedTechs analyze this supplement and prove it's safe, Commander?"
1	Details	"Your results are promising. Who knows, [[TGT_MW,{TGT_MW.Callsign}]], maybe we need to stock the MedBay with this narwhal dust." You shrug, turning to the MedTech. "Analyze this powder and report back."

Hour later, you receive an illuminating report from the MedTech. You summarize for {TGT_MW.Callsign}. "Let's start with the bad news. Your 'natural remedy' is a mix of baking soda and granulated sugar. Any supposed benefit is purely a placebo effect."

"…Baking soda?" {TGT_MW.DET_C} face squeezes into a grimace.

You nod, continuing. "The good news is that you're being discharged. Apparently, the hairline fracture is fairly minor." You lower the report. "How much did you pay for this junk, anyway?"

{TGT_MW.Callsign} groans. "Too much… I didn't know if I'd ever find this stuff again. I bought 15 cases!"

"Look on the bright side, MechWarrior. The kitchen crew can bake a few hundred cakes with your confectionary supplies." You grin, but {TGT_MW.Callsign} sinks deeper into {TGT_MW.DET} bed.
1	Details	You pat the edge of [[TGT_MW,{TGT_MW.Callsign}]]'s bed. "Maybe everything looks good today, but who knows about tomorrow? If there are adverse side effects, you might end up spending more time stuck in here, and nobody wants that. Finish your treatment, MechWarrior."

{TGT_MW.SUBJ_C} {TGT_MW.Gender?NonBinary:slump|Default:slumps} back into {TGT_MW.DET} pillow with a groan. "I hate it in here."

"Think of it as paid vacation. You can do whatever you want, as long as you stay in the MedBay, where you belong."

"What you're describing is prison, Commander. Not vacation."

"It's not up for discussion. Get some rest, MechWarrior."

Days later, Darius reports in. "Bad news. {TGT_MW.Callsign} downed all of that narwhal goop, hoping to get released sooner. {TGT_MW.SUBJ_C} had a severe reaction. The MedTechs found {TGT_MW.OBJ} passed out on the floor, drooling. Once {TGT_MW.SUBJ}{TGT_MW.Gender?NonBinary:'re|Default:'s} discharged, I'll be taking strict disciplinary action."
1	Details	You study the x-ray and then [[TGT_MW,{TGT_MW.Callsign}]]. "I'm glad you're feeling better. But I don't want you to get hurt by some unintended side effect."

The MedTech nods her head in approval as she checks {TGT_MW.Callsign}'s fluids.

{TGT_MW.DET_C} mouth droops into a frown. "Don't you trust me?"

You sit down on the edge of {TGT_MW.DET} medical bed. "I do trust you, but that doesn't mean I trust this so-called remedy. If this stuff works, you should be discharged in no time. We can reschedule your slot for leading exercises. That's easy. What's not so easy is replacing you."

{TGT_MW.Callsign} rubs {TGT_MW.DET} bandaged wrist. "Really? You'd do that, Commander? Well… can I get some extra pillows, too?"

"Promise you'll get some rest?"

"I swear—cross my narwhal-fueled heart! I'll take it easy. I'll catch up on some Holovids, maybe pick up knitting. Who knows?" {TGT_MW.SUBJ_C} {TGT_MW.Gender?NonBinary:smile|Default:smiles} as you take your leave.
1	Details	[[TGT_MW,{TGT_MW.Callsign}]] meets up with the broker in a bar with a budget and a plan. After a few drinks, {TGT_MW.SUBJ} {TGT_MW.Gender?NonBinary:start|Default:starts} dropping the names of past black market contacts the company has dealt with, along with some personal exploits. More booze flows, and more stories are shared.

The next morning, Darius returns to the <i>Argo</i> with the weapon and a still-drunk {TGT_MW.Callsign}. The MechWarrior waggles {TGT_MW.DET} fingers at you when you come to inspect the merchandise. "Come with us next time, Commander. It'll be fun. You've got <i>fans</i> now."
1	Details	You send [[TGT_MW,{TGT_MW.Callsign}]] and Darius to the exchange with a couple of big, tough crew members. Unfortunately, the double-cross goes very badly. Darius and the crew members escape, but {TGT_MW.Callsign} is captured by the broker, who apparently takes the betrayal extremely personally.

{TGT_MW.Callsign}'s body is found by the local police the next morning.
1	Details	You send [[TGT_MW,{TGT_MW.Callsign}]] and Darius to the exchange with a couple of big, tough crew members. Unfortunately, the broker had also planned a double-cross.

{TGT_MW.Callsign} is critically injured in the ensuing crossfire. You don't get the weapon, either.
1	Details	As the morning briefing draws to a close, Darius raises a final point of discussion. "The crew's been wound a little tight lately, and the lounge is empty too often. [[TGT_MW,{TGT_MW.Callsign}]] brought it to my attention, along with a suggestion that we 'do something' about it. I'm thinking that some kind of celebration is in order… anyone have any ideas?"

Sumire raises her hand. "My family used to observe the Festival of Lights around this time of year. We'd light candles for the dead, then throw a wild party in their honor."

Yang snorts. "C'mon, Sumire. That sounds a little highbrow for people who go skinny dipping in coolant tanks. How 'bout we give {TGT_MW.Callsign} permission to throw a keg party instead?"
1	Details	"We found them, Boss. Over here." Yang points to the bodies of [[TGT_MW,{TGT_MW.Callsign}]] and [[SCN_MW,{SCN_MW.Callsign}]], who lie passed out in a tool alcove of the Mech Bay.

You clear the beer cans and whiskey bottles away with your foot to get a closer look. "Let's carry them to the MedBay. It looks like we're going to be down two pilots for a while. Let Darius know where these two ended up."

Yang grabs {TGT_MW.Callsign}'s feet. "Well, at least everyone had a great time."
1	Details	After the party, Darius presents two MechWarriors for your inspection. [[TGT_MW,{TGT_MW.Callsign}]]'s head is bowed and [[SCN_MW,{SCN_MW.Callsign}]], who sports a black eye, speaks quickly. "It wasn't {TGT_MW.Det} fault, Commander. I knew about {TGT_MW.Det} drinking problem. If I hadn't tried to interfere, {TGT_MW.Subj} would never have jerked the bottle back and caught me in the eye."

{TGT_MW.Callsign} blurts out, "It <i>is</i> my fault. I'm done with the booze, Commander. I promise."

You look between the two MechWarriors until they gaze at the floor.  "I appreciate your honesty, both of you. As for your promise, {TGT_MW.Callsign}… I suppose we'll see."
1	Details	The lounge looks like a different place in the light of a thousand burning candles. As Sumire pours shot after shot for the attendees, the stories being shared go from sad to bawdy to riotously funny. Then the music takes an upturn, and things really start heating up.

The next morning, Darius says, "That Festival of Lights may have gotten a bit <i>too</i> festive. Half of the crew is either passed out or still drunk, and the MedBay is a disaster area. Someone decided to get creative with the melted wax from the candles, and… well, I'll leave it to your imagination. But we're gonna take an efficiency hit in there for the week it takes to clean things up."
1	Details	"You've got a deal." You turn from [[TGT_MW,{TGT_MW.Callsign}]] to the MedTech. "Take a sample of this so-called natural remedy and find out how it's working, if it is working."

Later that day, a MedTech visits the Command Center with a report. "Upon second examination, we found that this substance {TGT_MW.Callsign} is using contains a natural analgesic and promotes tissue repair, but it also has traces of several illicit narcotics."

You shake your head. "A narwhal speedball? No wonder {TGT_MW.SUBJ} {TGT_MW.Gender?NonBinary:are|Default:is} feeling so good."

The MedTech's brow furrows. "Uh, yes. You could call it that. More importantly, the 'natural remedy' has been confiscated, so {TGT_MW.Callsign} doesn't harm {TGT_MW.OBJ}{TGT_MW.Gender?NonBinary:selves|Default:self}. {TGT_MW.SUBJ_C}'ll remain in the MedBay until all side effects subside."

"{TGT_MW.SUBJ_C} won't be happy being cooped up in there, but it sure beats having {TGT_MW.OBJ} bouncing around the <i>Argo</i> hopped up on some black market drug cocktail."
1	Details	Thanks to the modern-day miracle of the Hyperpulse Generator, it's mail day aboard the <i>Argo</i>. Crew members filter into and out of the communications room to receive messages from home.

Later that evening, there's a knock at the door of your personal quarters. Upon opening the door, [[TGT_MW,{TGT_MW.Callsign}]] slips inside and hands you a datapad.  "Commander, I'd already read half of this message before I realized it wasn't mine. It's addressed to [[SCN_MW,{SCN_MW.Callsign}]], from a long-distance lover back home. It's a breakup letter."

A torn expression creases {TGT_MW.Callsign}'s face. "I just don't know what to do. {SCN_MW.Subj_C} would be devastated… do I pass the letter on to {SCN_MW.OBJ}, or do I keep it to myself?"
1	Details	You give a dismissive shake of the head. "Sumire's got a point. Forget all about this scheme, {TGT_MW.Callsign}. This isn't about money. I value your life and [[SCN_MW,{SCN_MW.Callsign}]]'s more than any new Mech."

{TGT_MW.Callsign} releases a long sigh. "I was afraid you might say something <i>reasonable</i> like that."

"You're a MechWarrior. Isn't that enough danger for you? Actually, don't answer that." You rest a hand on {TGT_MW.DET} shoulder. "You've got real talent in the cockpit and a crew that's got your back. Why not drop your old criminal contacts and move on with your life?"

{TGT_MW.Callsign} raises {TGT_MW.DET} eyes, nodding slowly. "I've never been much good at keeping my nose clean, but you're right, Commander. I've got everything and everyone I need on the <i>Argo</i>… maybe this will be the first decent thing I don't screw up."
1	Details	You look first to Sumire then to [[TGT_MW,{TGT_MW.Callsign}]]. "If you can find a way to make a buck, then go ahead, {TGT_MW.Callsign}. I won't stop you, but you're on your own. I can't spare our funds or [[SCN_MW,{SCN_MW.Callsign}]] on this scheme."

{TGT_MW.Callsign}'s mouth creases into a thin line, but {TGT_MW.SUBJ} {TGT_MW.Gender?NonBinary:nod|Default:nods} {TGT_MW.DET} head. "If you say so, Commander. I've got enough connections on [[TGT_SYSTEM,{TGT_SYSTEM.Name}]] to pull this deal off myself, but the profit's all mine."

The red-and-gold sunset spills across the horizon as you wait for {TGT_MW.Callsign} to return. Sumire checks the time but says nothing. Finally, {TGT_MW.Callsign} stumbles into view. {TGT_MW.DET_C} vest is tattered, matted with blood and feathers. "What happened?" You rush over to support {TGT_MW.OBJ}.

"I don't know why they call it a bird…" {TGT_MW.Callsign} leans on you. "That damn [[DM.BaseDescriptionDefs[LoreAlrakisTigerfalcon],Tigerfalcon]] is a bear with wings. It broke out of the cage—nearly slaughtered my entire crew."

"I'm just glad you're alive, MechWarrior." You help {TGT_MW.OBJ} climb into the Leopard. "Let's get you patched up and forget all about this bear-bird." {TGT_MW.Callsign} groans in response.
1	Details	[[TGT_MW,{TGT_MW.Callsign}]] considers for a moment, then nods and leaves your quarters.

Later that week, you run into [[SCN_MW,{SCN_MW.Callsign}]] in the mess. {SCN_MW.SUBJ_C} {SCN_MW.Gender?NonBinary:seem|Default:seems} distracted, with dark circles under {SCN_MW.Det} eyes. It may take a while before {SCN_MW.Callsign} shakes this off.

At a table nearby, {TGT_MW.Callsign} catches your eye and nods. While it was a tough call, {TGT_MW.Callsign} is clearly at peace with {TGT_MW.Det} decision to not delay the inevitable.
1	Details	[[TGT_MW,{TGT_MW.Callsign}]] considers for a moment, then reluctantly nods and leaves your quarters.

Later that week, you run into [[SCN_MW,{SCN_MW.Callsign}]] in the mess. {SCN_MW.SUBJ_C} {SCN_MW.Gender?NonBinary:seem|Default:seems} far too relaxed to be struggling with a broken heart.

At a table nearby, {TGT_MW.Callsign} catches your eye. By the circles under {TGT_MW.Det} eyes, it looks like {TGT_MW.Subj} followed your advice to withhold {SCN_MW.Callsign}'s letter and it's cutting into {TGT_MW.Det} sleep.
1	Details	[[TGT_MW,{TGT_MW.Callsign}]] considers for a moment, then reluctantly nods and leaves your quarters.

Later that week, you run into [[SCN_MW,{SCN_MW.Callsign}]] in the mess. {SCN_MW.Subj_C} {SCN_MW.Gender?NonBinary:seem|Default:seems} distracted, with dark circles under {SCN_MW.Det} eyes. {TGT_MW.Callsign} clearly decided truth was more important than morale. It may take a while before {SCN_MW.Callsign} shakes this off.

At a table nearby, {TGT_MW.Callsign} catches your eye. While it was a tough call, {TGT_MW.Callsign} is clearly at peace with {TGT_MW.Det} decision to not delay the inevitable.
1	Details	[[TGT_MW,{TGT_MW.Callsign}]] considers for a moment, then reluctantly nods and leaves your quarters.

Later that week, you run into [[SCN_MW,{SCN_MW.Callsign}]] in the mess. {SCN_MW.SUBJ_C} {SCN_MW.Gender?NonBinary:seem|Default:seems} far too relaxed to be struggling with a broken heart.

At a table nearby, {TGT_MW.Callsign} catches your eye and shakes {TGT_MW.Det} head. By the circles under {TGT_MW.Det} eyes, you gather that {TGT_MW.Subj} decided to withhold {SCN_MW.Callsign}'s letter, and that the guilt is cutting into {TGT_MW.Det} sleep.
1	Details	You bump into [[TGT_MW,{TGT_MW.Callsign}]] in the corridor, and notice that {TGT_MW.SUBJ} {TGT_MW.Gender?NonBinary:are|Default:is} in unusually high spirits. "What's new?" you ask {TGT_MW.OBJ}.

{TGT_MW.Callsign} grins. "I don't want to make too big a deal out of this, but… today's my birthday."
1	Details	"The x-ray is all the proof I need, [[TGT_MW,{TGT_MW.Callsign}]]. I'll authorize your early release, but be careful. They don't exactly make spare parts for MechWarriors."

{TGT_MW.SUBJ_C} {TGT_MW.Gender?NonBinary:pump|Default:pumps} a fist triumphantly. "Loud and clear, Commander!"

Later, you return to the MedBay after receiving an urgent message that {TGT_MW.Callsign} had an accident in the mess. When you arrive, {TGT_MW.DET} arm is in a full cast. You sigh. "After everything we talked about, what happened?"

{TGT_MW.SUBJ_C} {TGT_MW.Gender?NonBinary:look|Default:looks} up. "The truth is just… embarrassing. I took more of the supplement to speed up recovery."

You nod your head slowly. "I hope you learned your lesson."

"Yeah, it was a disaster. I hallucinated… not in the fun way, either. A mess table sprouted fangs and claws. It started growling at me. So, I… uh, tackled it. Don't worry, the rest of that narwhal junk is already gone. I'm done with it. Next time, I'll stick to protocol." {TGT_MW.Callsign} salutes.
1	Details	"I can't argue with that x-ray, [[TGT_MW,{TGT_MW.Callsign}]]. There's no need to keep you cooped up in here. I'll authorize your early release."

A few days later, you run into {TGT_MW.Callsign}, jogging through the <i>Argo</i>'s central corridor. {TGT_MW.SUBJ_C}{TGT_MW.Gender?NonBinary:'re|Default:'s} trailed by a group of MechWarriors. "See, Commander? How could I miss this?" 

You look down the line at the red-faced MechWarriors, sweating and panting. One of the joggers groans in pain. "Are you sure you're feeling okay?"

"Better than ever! We're only on mile nine of 26." {TGT_MW.SUBJ_C} {TGT_MW.Gender?NonBinary:gulp|Default:gulps} from a bottle of milky liquid.

"Is that your narwhal 'juice'?" You cock your head skeptically.

"Try it!" {TGT_MW.Callsign} holds out the bottle, but you shake your head. "Worried about germs? No sweat. I've got five more cases of this stuff. I'll send some to your quarters. Consider it a thank-you for believing in me." Before you can reply, {TGT_MW.SUBJ} {TGT_MW.Gender?NonBinary:rejoin|Default:rejoins} the crowd of runners.
1	Details	"Happy Birthday, [[TGT_MW,{TGT_MW.FirstName}]]," you say. "Are you doing anything to celebrate?"

"No, Commander. But that's fine. It's just a normal day for everybody else." {TGT_MW.Callsign} beams at you before walking off.
1	Details	You shrug. "This has to be the most convoluted plan I've ever heard, but if anyone can make it work, it's you, [[TGT_MW,{TGT_MW.Callsign}]]. You'll get the funds for this <i>operation</i>. But make sure you come back in one piece."

"Aye, aye, Commander. This ain't my first illicit animal deal." Sumire rolls her eyes as {TGT_MW.Callsign} departs with a wink.

Hours later, as you're inspecting the Leopard, a cargo ship approaches the landing pad. Sumire patches in the ship's hail. "Special delivery, Commander!" {TGT_MW.Callsign}'s voice crackles over the comms. "We got free shipping included. That [[DM.BaseDescriptionDefs[LoreAlrakisTigerfalcon],Tigerfalcon]] was worth more than I thought."

"Made some new friends, too." [[SCN_MW,{SCN_MW.Callsign}]] says. "Say the word and I'll 'acquire' whatever you need."

"Why don't you tell me all about your new friends once you land?" You signal to Sumire, and she opens the Leopard's bay doors. The cargo ship lands nearby, and the MechWarriors jump out, proudly revealing the gleaming 'Mech inside.
1	Details	While planetside on [[TGT_SYSTEM,{TGT_SYSTEM.Name}]], [[TGT_MW,{TGT_MW.Callsign}]] slinks over to you and Sumire. "Good news, Commander. I know a guy who can get us an [[DM.BaseDescriptionDefs[LoreAlrakisTigerfalcon],Alrakis Tigerfalcon]], but it ain't cheap. This is an exotic, highly sought-after animal. I'm gonna need a million C-bills."

"So, one question…" Sumire arches a brow. "<i>Why</i> do we need a bird that eats people?"

{TGT_MW.Callsign} grins. "We need it only temporarily. It's for a local collector. He's got his own personal zoo and also happens to have a cache of slightly used mechs. He'll part with a Mech for the right incentive. All I need are some extra hands—[[SCN_MW,{SCN_MW.Callsign}]] will do—and the funds to buy the bird. Then, I can trade it to this eccentric billionaire. You'll be getting a hell of a deal on a practically pristine Mech."

"This is a bad idea, even by <i>our</i> standards." Sumire narrows her eyes. "You're not taking this scheme seriously are you, Commander?"
1	Details	That evening you invite [[TGT_MW,{TGT_MW.Callsign}]] to a small party in the Lounge, with senior staff and a few MechWarriors in attendance.

You say some flattering things about {TGT_MW.OBJ}. Then general acclaim summons {TGT_MW.Callsign} to rise and give a speech. After a couple of hours of food, music, and light drinking, the party starts breaking up and everyone wanders off in a pleasant mood.

Later that evening, you find a thank-you note from {TGT_MW.Callsign} on the door of your personal quarters. Apparently, your gesture meant the world to {TGT_MW.OBJ}.
1	Details	In your quarters, Darius crosses his arms. "You know, [[TGT_MW,{TGT_MW.Callsign}]] has been throwing these parties for the crew and I finally figured out how {TGT_MW.SUBJ} {TGT_MW.Gender?NonBinary:were|Default:was} paying for them. {TGT_MW.SUBJ_C}{TGT_MW.Gender?NonBinary:'re|Default:'s} selling our small arms and—"

{TGT_MW.Callsign} bursts through the door. "We don't even use those dusty rifles! The [[DM.BaseDescriptionDefs[LoreTCE],T.C.E.]] pays way more than standard market prices. I dump the guns and buy cheap but high quality replacements. A portion of the profits funds these little morale boosting events I've been hosting. Everybody wins!"

"Were you waiting outside this <i>whole</i> time? Don't answer that." Darius shakes his head in disbelief. "Look, if the outfit got a proper cut that'd be one thing, but that's up to the Commander."
1	Details	You look between Darius and [[TGT_MW,{TGT_MW.Callsign}]]. "We've got enough enemies in the Periphery, let's not make any more. Pay the locals or forget about the goods."

"I'll give it a shot." {TGT_MW.SUBJ_C} begrudgingly {TGT_MW.Gender?NonBinary:agree|Default:agrees} and {TGT_MW.Gender?NonBinary:dart|Default:darts} across a busy street.

Hours later, you're waiting by the Leopard, when {TGT_MW.Callsign} slinks into view empty-handed. You wave {TGT_MW.OBJ} down. "No luck?"

{TGT_MW.SUBJ_C} {TGT_MW.Gender?NonBinary:sigh|Default:sighs}. "Those rubes demanded two million after I made my offer!"

"You tried your best."

{TGT_MW.SUBJ_C} {TGT_MW.Gender?NonBinary:shake|Default:shakes} {TGT_MW.DET} head. "No, I tried <i>your</i> way and it failed. Next time we'd be better off if we did <i>things</i> my way. What if something special just happened to <i>appear</i> in the cargo hold?"

You narrow your eyes at {TGT_MW.Callsign}. "You don't want to find out."
1	Details	"Look, we've got the money, let's take care of the locals." You fix [[TGT_MW,{TGT_MW.Callsign}]] with a stern look. "If what you're saying is true, then we're still getting a huge discount."

"We'll see… " {TGT_MW.SUBJ_C} begrudgingly {TGT_MW.Gender?NonBinary:agree|Default:agrees} and {TGT_MW.Gender?NonBinary:disappear|Default:disappears} down a busy street.

Hours later, you're waiting by the Leopard, when a stranger rolls up in a rusty cargo truck. {TGT_MW.Callsign} pops {TGT_MW.DET} head out of the passenger side. "Special delivery!" Something massive gleams beneath a fluttering tarp covering the back of the truck.

While more locals drive up to help, {TGT_MW.Callsign} sidles up to you. "You should have been there when I told these folks what they were sitting on. This old fella even teared up. It felt strangely... good. I think I could get used to this, Commander."
1	Details	You shrug and give [[TGT_MW,{TGT_MW.Callsign}]] an encouraging smile. "As long as you keep taking care of our crew, then we can forget about your side business."

{TGT_MW.Callsign} inclines {TGT_MW.DET} head, grinning."It just so happens that I ended up with a couple cases of [[DM.BaseDescriptionDefs[LoreTimbiquiDark],Timbiqui Dark]] and some beautiful ribeyes. We'll have a feast tonight, Commander."

Lured by the aroma of seared steaks and boisterous voices, the entire crew ends up gathering in the mess. At some point, {TGT_MW.Callsign} drunkenly shouts, "Wait until you see what's next!"

After the celebration, laughter and high spirits linger on the <i>Argo</i>. And {TGT_MW.Callsign} spends more and more time in the cargo hold, preparing for the next big payday.
1	Details	You look [[TGT_MW,{TGT_MW.Callsign}]] in the eye. "I remember a MechWarrior on an previous crew who was close with pirates. He'd bring us all sorts of fancy gifts until one day he didn't come back." You pause for dramatic effect. 

{TGT_MW.Callsign} nods slowly, saying nothing.

"First, we found some of his clothes. Then his hands. They'd used a torch saw. We never found the rest. Some nights, I still lie awake, wondering if he's still alive."

{TGT_MW.Callsign}'s face pales. {TGT_MW.SUBJ_C} {TGT_MW.Gender?NonBinary:swallow|Default:swallows} hard and {TGT_MW.Gender?NonBinary:pull|Default:pulls} out a wad of C-bills from a secret pocket. "Message received, Commander. No more 'side jobs' without your approval. The crew will gripe, but I'm done. I swear." {TGT_MW.SUBJ_C} {TGT_MW.Gender?NonBinary:leave|Default:leaves} the cash on your desk before departing.
1	Details	You narrow your eyes at [[TGT_MW,{TGT_MW.Callsign}]]. "You don't know where those C-bills came from. They could be marked. No more back alley deals until I can trust you <i>and</i> your contacts."

"I've been keeping spirits high!" {TGT_MW.SUBJ} {TGT_MW.Gender?NonBinary:blurt|Default:blurts} out. "Those profits were paying for the crew's steaks and booze. They won't be pleased."

"They're mercenaries; they've endured worse than the <i>Argo's</i> kitchen." You shake your head. "I don't want you to even look at the cargo bay for the next month. You're under a strict probation."

You dismiss {TGT_MW.Callsign} before {TGT_MW.SUBJ} can say anything else.
1	Details	"No harm. No foul." You shrug, but your expression remains serious. "I'm going to forget this entire conversation, but be careful, [[TGT_MW,{TGT_MW.Callsign}]]. I don't want to see anything happen to you."

Later in the week, Darius reports in with a sigh. "I've got bad news, Commander. {TGT_MW.Callsign} got played by {TGT_MW.DET} contact. {TGT_MW.SUBJ_C} sent off some cargo and never got paid."

"It could be a lot worse, Darius."

"No doubt. I'm garnishing {TGT_MW.Callsign}'s wages for a month to make up for the loss. {TGT_MW.SUBJ_C}{TGT_MW.Gender?NonBinary:'re|Default:'s} upset, mostly about getting screwed, but {TGT_MW.SUBJ}'ll snap out of it in due time."
1	Details	While planetside on [[TGT_SYSTEM,{TGT_SYSTEM.Name}]], [[TGT_MW,{TGT_MW.Callsign}]] pulls you and Darius aside. "I found an unsecured warehouse <i>stuffed</i> with equipment. Looks like it belongs to some small-time corp. Say the word and I'll reappropriate the goods."

"Sounds like a good way to get shot." Darius scowls. "Why not make a token offer? A few C-bills go a long way. Hell, you might even make some friends."

{TGT_MW.Callsign} lowers {TGT_MW.DET} voice. "The locals have no idea how valuable this stash is. Give 'em a whiff of cash and they might get wise and ask for more, but it's your call, Commander."
1	Details	Darius' voice crackles through the <i>Argo</i>'s speakers.

"The <i>Argo</i> has developed a mold problem. Chief Virtanen has developed a highly toxic cleaning solution that will solve this. Volunteer fungus exterminators are requested to report to the Command Center. You'll get a HazMat suit, a pressurized backpack, a wetvac, and exemption from your other duties for the next few weeks."

After half an hour without a response, Darius again switches on the intercom. "We have no volunteers, so I will now randomly draw some names. [[TGT_MW,{TGT_MW.Callsign}]]! You're up. And helping you speed along will be… [[SCN_MW,{SCN_MW.Callsign}]]. Both of you check in with the Chief for instructions. Oliveira out."
1	Details	Darius' voice crackles through the <i>Argo</i>'s speakers.

"The <i>Argo</i> has developed a mold problem. Chief Virtanen has developed a highly toxic cleaning solution that will solve this. Volunteer fungus exterminators are requested to report to the Command Center. You'll get a HazMat suit, a pressurized backpack, a wetvac, and exemption from your other duties for the next few weeks."

Eventually [[TGT_MW,{TGT_MW.Callsign}]] arrives. "Here I am. I guess I can take one for the team."
 
You clap {TGT_MW.Callsign} on the back. "Excellent.  Go see the Chief for instructions, and the XO will update your schedule."
1	Details	"Make it happen, but if you catch any sign of trouble, get out of there, [[TGT_MW,{TGT_MW.Callsign}]]." You place a hand on {TGT_MW.DET} shoulder. "You're worth far more than any equipment."

"You got it, Commander." {TGT_MW.SUBJ_C} {TGT_MW.Gender?NonBinary:flash|Default:flashes} a devilish grin before disappearing down the street.

Hours later, you're waiting by the Leopard when {TGT_MW.Callsign} rolls up in in a rusty cargo truck. {TGT_MW.SUBJ_C} {TGT_MW.Gender?NonBinary:lean|Default:leans} out the window and excitedly {TGT_MW.Gender?NonBinary:slap|Default:slaps} the door panel as you approach.

You notice a tarp covering something massive on a trailer behind the truck. "You didn't mention a truck."

"It followed me home." {TGT_MW.Callsign} winks and adds, "Don't worry, I'll make sure it returns to its rightful owner. You can count on me, Commander."
1	Details	You incline your head toward [[TGT_MW,{TGT_MW.Callsign}]]. "If anyone could pull off what you're suggesting, it's you, but let's not test that theory."

{TGT_MW.DET_C} smile falters. "This gear is going to rust in that dingy warehouse."

"You probably right, MechWarrior. But you've got a gift. I've seen you make fifty tons of steel dance. That kind of talent isn't worth risking on some spare parts."

{TGT_MW.Callsign} swells with pride. "Damn right. Well, if you change your mind, you know who to ask. I'll find a way to 'procure' whatever you need." {TGT_MW.SUBJ_C} {TGT_MW.Gender?NonBinary:wink|Default:winks} knowingly.
1	Details	"Not this time." You shake your head. "We need to keep a low profile. This is a routine visit."

[[TGT_MW,{TGT_MW.Callsign}]] sighs. "The one time I try to be honest with you and I'm shot down immediately."

"Honesty doesn't entitle you to agreement. What if they have cameras or guards hidden on the premise? If you're serious, then I need a real plan. I can't risk our entire outfit over a half-baked scheme."

"Fine, I get it. Next time I'll just show up with the gear. Then you can just thank me and move on." {TGT_MW.Callsign} sneers, raising {TGT_MW.DET} voice defiantly.

You grab {TGT_MW.DET} arm. "That would be a mistake."
1	Details	"Rob 'em blind, but if anything feels even slightly off, get out of there," you say firmly. "It's not worth it." [[TGT_MW,{TGT_MW.Callsign}]] nods dutifully and disappears down another street.

Day fades into night as you wait for {TGT_MW.Callsign} outside the Leopard. Finally, {TGT_MW.SUBJ} {TGT_MW.Gender?NonBinary:limp|Default:limps} into view, clutching {TGT_MW.DET} abdomen. Blood stains {TGT_MW.DET} clothes. "Turns out these weren't locals, Commander."

Sirens sound in the distance. You throw {TGT_MW.DET} arm over your shoulder, supporting the MechWarrior. "What happened?"

"Smuggling ring. Dodged their bullets, but my spleen got caught on a fence." {TGT_MW.Callsign} croaks. "If I survive… I'm going straight. No more schemes. I swear it." For once, you actually believe {TGT_MW.OBJ}.
1	Details	You rub your chin, considering [[TGT_MW,{TGT_MW.Callsign}]]. "If we're going to do this, let's do it right. You take a percentage, but the company keeps the rest."

{TGT_MW.SUBJ_C} skeptically {TGT_MW.Gender?NonBinary:arch|Default:arches} an eyebrow. "That sounds like less money for me."

"Think of it as insurance. You won't have to worry about ending up in jail or smeared across some back alley. If a deal goes south, I've got your back. That means you've got a hell of a lance to make sure no one fleeces you."

"You know, after meeting some of these shady dealers, I wouldn't mind back up, Commander." {TGT_MW.SUBJ_C} {TGT_MW.Gender?NonBinary:extend|Default:extends} a hand.
1	Details	Darius calls up from a planetside supply run. "Commander, [[TGT_MW,{TGT_MW.Callsign}]] tagged along to help me wrangle supplies. {TGT_MW.Gender?Male:He's|Female:She's|NonBinary:They've} managed to get involved with a broker in the local black market."

"Now this broker is offering to sell us a [[DM.WeaponDefs[Weapon_Laser_Reengineered_Large],{DM.WeaponDefs[Weapon_Laser_Reengineered_Large].Description.Name}]]. This is a serious deal with a pretty significant individual. What do you want to do?"
1	Details	The next time [[TGT_MW,{TGT_MW.Callsign}]] meets with {TGT_MW.DET} friend, {TGT_MW.SUBJ} {TGT_MW.Gender?NonBinary:mention|Default:mentions} the names of some past black market contacts that your company has dealt with. {TGT_MW.DET_C} friend seems suitably impressed.

After Darius has returned to the ship, he fills you in on what happened next. "{TGT_MW.Callsign}'s friend hooked us up. Gave us a special deal, in part because of our company's reputation. We ought to remember them next time we're in the system."
1	Details	You send [[TGT_MW,{TGT_MW.Callsign}]] to the exchange with a couple of big, tough crew members. Unfortunately, your fence was prepared for dishonesty.

{TGT_MW.Callsign} is seriously injured in the ensuing crossfire. You don't get the weapon, either.
1	Details	[¢160,000]
1	Details	You send [[TGT_MW,{TGT_MW.Callsign}]] and Darius to the exchange along with a couple of big, tough crew members. {TGT_MW.Callsign} was smooth enough at managing the relationship that the broker is taken entirely by surprise, despite the value of the deal.

Later, Darius quietly reports on just how furious {TGT_MW.Callsign}'s 'friend' was about the double-cross. "I think it wasn't even the loss of the money that made the broker so upset, Commander. It was the betrayal itself."
1	Details	Before [[TGT_MW,{TGT_MW.Callsign}]] can finish the deal, security forces swarm the exchange point. Apparently {TGT_MW.Callsign}'s' broker got advance warning of the raid and didn't pass it on.

The planetary authorities demand that a huge fine be paid before eventually letting {TGT_MW.Callsign} return to the shuttle, completely exhausted from the interrogation.
1	Details	Darius arranges for the sale, and the broker gets the weapon safely loaded onto the shuttle. [[TGT_MW,{TGT_MW.Callsign}]] and the broker then celebrate at a series of bars that evening. Darius hauls {TGT_MW.Callsign} back to the <i>Argo</i> early the next morning.

{TGT_MW.Callsign} drunkenly waves at you as you arrive to inspect the cargo. "Everything is great, Commander! So, <i>so</i> great. We gotta come back and do this again later.
1	Details	[[TGT_MW,{TGT_MW.Callsign}]] arrives at the arranged meeting place, but before {TGT_MW.Subj} can finalize the exchange, security forces appear. 

{TGT_MW.Callsign}'s friend is nowhere to be seen. Darius has to pay a fine before {TGT_MW.Callsign} is allowed to return to the transport, tail tucked between {TGT_MW.Det} legs.
1	Details	Darius checks in from the planet's surface. "Commander, while [[TGT_MW,{TGT_MW.Callsign}]] has been helping me gather supplies, {TGT_MW.Gender?Male:he's|Female:she's|NonBinary:they've} developed a connection within the local black market. For what it's worth, this contact is about as sketchy as you'd expect."

"Now {TGT_MW.Callsign}'s new friend is offering to sell us a [[DM.WeaponDefs[Weapon_Autocannon_RAC_2_Clan],{DM.WeaponDefs[Weapon_Autocannon_RAC_2_Clan].Description.Name}]]. At a discount, no questions asked. You know how it goes. What do you say?"
1	Details	"You'll keep fencing our surplus gear. The profits will go to the outfit, minus a small fee for your talents. If a deal goes sideways, then the company has your back." You offer a hand.

"So, you want a cut. I get it." Ignoring your hand, [[TGT_MW,{TGT_MW.Callsign}]] pulls out a wad of crumpled C-bills and shoves them at you.

You take the money, counting it carefully. "I'm not sure you do. You're lucky you still have a job, MechWarrior."

"Gee, thanks, Commander. I'm eternally grateful." {TGT_MW.Callsign}'s voice drips with dissent, but {TGT_MW.SUBJ} begrudgingly {TGT_MW.Gender?NonBinary:accept|Default:accepts} the terms. Not that {TGT_MW.SUBJ} really had a choice.
1	Details	[[TGT_MW,{TGT_MW.Callsign}]] meets with {TGT_MW.Det} friend's organization, and after swapping stories of past exploits, they reach an agreement.

Later, Darius says, "It sounded as if {TGT_MW.Callsign} impressed them quite a bit. They gave us a special deal and invited us to look them up again later."
1	Details	Before [[TGT_MW,{TGT_MW.Callsign}]] can finish the deal, security forces swarm the exchange point. {TGT_MW.Callsign} is left holding the bag by {TGT_MW.DET} contact.

The planetary authorities demand a hefty fine for {TGT_MW.Callsign}'s release. After paying, your dejected MechWarrior returns to the shuttle empty-handed.
1	Details	Darius arranges for the sale, and soon enough the weapon is loaded onto the shuttle. [[TGT_MW,{TGT_MW.Callsign}]] and {TGT_MW.DET} new friend celebrate at a bar that evening. 

Darius hauls {TGT_MW.Callsign} back to the <i>Argo</i> early the next morning and {TGT_MW.Callsign} drunkenly waves at you as you arrive to inspect the cargo. "We've got to come back here again, Commander. I'm, uh… I'm pretty sure I promised my new friend something. I'll be damned if I remember what it was, though."
1	Details	A message arrives from Darius, who has gone planetside for a supply run. "Commander, I brought [[TGT_MW,{TGT_MW.Callsign}]] along to assist me and {TGT_MW.Gender?Male:he's|Female:she's|NonBinary:they've} managed to strike up a relationship with a dealer in the local black market."

"This individual is offering to sell us a lightly-used [[DM.WeaponDefs[Weapon_SRM_4_Streak_Clan],{DM.WeaponDefs[Weapon_SRM_4_Streak_Clan].Description.Name}]]. It's a pretty good deal… what do you want to do?"
1	Details	In the morning briefing, Sumire asks something unexpected: "So, what's the story with those MechWarriors bowling in the barracks hallways?"

Darius crosses his arms over his chest. "I've already put an end to that. [[TGT_MW,{TGT_MW.Callsign}]] and [[SCN_MW,{SCN_MW.Callsign}]] were calling it 'corridor bocce'… I shut it down as a matter of discipline."

You turn to Darius. "How much trouble have their games caused?"

"They're playing in unused corridors, so not much. But it was only a matter of time before something… or someone… got damaged. We should really repair the gym in Beta Pod instead."
1	Details	The frustrated pirate tries to walk you through the money transfer one more time. "No, the last account number is a ZERO, not the letter O. It's never the letter O!"

Just then, the Leopard leaps free from its docking collar on the side of the <i>Argo</i> and fires a barrage of LRMs at the pirate ships.

The pirates retaliate with laser blasts and the whole ship groans as emergency systems activate.

After another flash of light from the Leopard, the enemy captain gives the order to retreat. Unfortunately, it's too late for [[SCN_MW,{SCN_MW.Callsign}]], who was caught on the wrong side of a blast door and ends up in the MedBay.
1	Details	Swallowing your pride, you approve the payment. The look of disappointment on Sumire's face echoes that of the rest of the bridge crew.

Adding insult to injury, the voice over the bridge's speaker drips with satisfaction. "A wise decision, Commander. You're welcome in our space any time."

As the pirate ships disappear into the starry distance, it's not the first time you find yourself wishing that the <i>Argo</i> was a battleship…
1	Details	Blaring klaxons interrupt an otherwise quiet morning routine as several fast-moving ships appear, pacing the <i>Argo</i>. Darius broadcasts their hail to the bridge.

"You're flying through our space, strangers. It's awfully dangerous out here. Just awful, especially for a ragged-looking ship like… the <i>Argo</i>, is it? Tell you what, we'll provide you with a safe passage. For a price, of course."

While you consider your options, Sumire pipes up. "Commander, if you can buy me some time, I could do a rapid fire-up of the Leopard. That'll teach them not to mess with us."
1	Details	Darius sends an SOS, and you set about buying time until help arrives. Before long, the pirate captain informs you she's having a bad day and fires a few glancing laser blasts off the side of the <i>Argo</i> to express her displeasure. The whole ship groans as emergency systems activate.

Just then, several interceptors arrive on the scene, bearing the colors of the local authorities. With a curse, the enemy captain gives the order to retreat. Unfortunately, it's too late for [[SCN_MW,{SCN_MW.Callsign}]], who was caught on the wrong side of a blast door and ends up in the MedBay.
1	Details	It's a small gesture, but even a little attention helps. Soon requests come pouring in from the crew for books and periodicals originating in systems across the Periphery and the Inner Sphere.

[[SCN_MW,{SCN_MW.Callsign}]] even donates a personal collection of chips {SCN_MW.Gender?Male:he's|Female:she's|NonBinary:they've} been lugging around ever since being hired on.
1	Details	"Commander," says Darius at the morning briefing. "Your senior staff has—"

Yang interrupts with, "There's a MechTech conference here starting tomorrow!"

 "—requested the opportunity to—"

Sumire jumps in. "Look at this seminar on the Periphery systems, Commander!"

"—take shore leave to further their education. I—"

Dr. Murad says quickly, "There are <i>several</i> MedBay tech courses I <i>must</i> take."

"—recommend that not everybody leave the ship at once." Darius finally finishes and cocks an eyebrow at you.
1	Details	Dr. Murad says, "I'll begin the repair immediately, Commander."

She returns to the Command Center six hours later, frustrated. "I've done my best, but the <i>Argo</i>'s power system is, and will continue to be, my nemesis. MedBay power is restored… mostly."

"What does 'mostly' mean?" you ask.

"It means only one defibrillator at a time, Commander. I've warned the medical techs that pulling too much power at once will cause my patch to blow, and we'll be right back to where we were."
1	Details	"I'm sorry, Rackam, but even for the sake of old times, I just can't help you right now."

There's a lengthy pause on the other end of the line. When Rackam finally responds, there is ice in his voice. "Well, I guess I won't be owing you any favors. That's… disappointing, but I suppose you have to look after your own. I hope you have better luck than I have."
1	Details	Rackam…? Through your rush of old memories, Darius goes on. "He claims to be a friend from your pirate days. I'll put him through to your quarters."

Rackam's voice has weathered with age. "It's been a long time, {COMMANDER.FirstName}. I've heard you've been busy. Me too. But let's not beat around the bush… I need a favor."

His crew bit off more than they could chew while robbing a well-protected merchant caravan carrying rare Holovid products. He wants to dock his DropShip at the <i>Argo</i>, borrow your MechTechs, and pay for the privilege.
1	Details	When Taranquil disembarks the shuttle, she stops to stare at the <i>Argo</i>. Then she strolls over to you and offers her hand. "What a treasure you have here, {COMMANDER.FirstName}. I hope you'll tell me all about her."

Unexpectedly, [[SCN_MW,{SCN_MW.Callsign}]] appears at your shoulder. "<i>Taranquil?</i>" Your old friend is as surprised as you are. "I never expected to see <i>you</i> again! I'm glad to see that you've landed here, though." She turns to you. "{COMMANDER.Callsign} always did like to work with the best."
1	Details	Rackam's ragtag crew of pirates arrive with little fanfare. As Yang escorts them to the Mech Bay, they stare in awe at the <i>Argo</i>.

Rackam limps over and offers his hand. "You've got a very interesting bird here, {COMMANDER.FirstName}. Do I get a tour?"

Unexpectedly, [[SCN_MW,{SCN_MW.Callsign}]] appears at your shoulder. "Commander?" {SCN_MW.SUBJ_C}{SCN_MW.Gender?NonBinary:'re|Default:'s} talking to Rackam.

Rackam is as surprised as you are. "I never expected to see <i>you</i> again! I'm glad to see that you've landed here, though." He turns to you. "{COMMANDER.Callsign} always did have a talent for working with the best."
1	Details	Vasquez's ragtag crew of soldiers arrive with little fanfare. As Yang escorts them to the Mech Bay to go through the selection of available supplies, they stare in awe at the <i>Argo</i>.

Vasquez limps over and offers his hand. "You've got a very interesting bird here, {COMMANDER.FirstName}. Do I get a tour?"

Unexpectedly, [[SCN_MW,{SCN_MW.Callsign}]] appears at your shoulder. "Commander?" {SCN_MW.SUBJ_C}{SCN_MW.Gender?NonBinary:'re|Default:'s} talking to Vasquez.

Vasquez is as surprised as you are. "I never expected to see <i>you</i> again! I'm glad to see that you've landed here, though." He turns to you. "{COMMANDER.Callsign} has always did have a talent for working with the best."
1	Details	"I'm sorry, Vasquez, but even for the sake of old times, I just can't help you right now."

There's a lengthy pause on the other end of the line. When Vasquez finally responds, there is ice in his voice. "Well, I guess I won't be owing you any favors. That's… disappointing, but I suppose you have to look after your own. Good luck out there."
1	Details	Vasquez…? Through your rush of old memories, Darius goes on. "He claims to be a friend from your military days. I'll put him through to your quarters."

Vasquez's voice has weathered with age. "It's been a long time, {COMMANDER.FirstName}. I've heard you've been busy. Me too. But let's not beat around the bush… I need a favor."

He's signed on with a rebel army on the planet's surface, but after a slogging campaign, his unit has been cut off from its supply line. Vasquez is hoping that you can hook him up with some surplus inventory, and he's willing to pay.
1	Details	It's not hard to find an unoccupied corner of the <i>Argo</i> big enough to lay out a spread of food and an impromptu dance floor. Although the mercenaries are from all corners of the Periphery and the Inner Sphere, drink and music manage to bridge all differences, and a good time is had by all.

[[SCN_MW,{SCN_MW.Callsign}]] demonstrates one other universal truth, as {SCN_MW.Subj} drunkenly {SCN_MW.Gender?NonBinary:capsize|Default:capsizes} the dessert table.
1	Details	The shot rings out and kills the din momentarily, until the entire tavern erupts as everyone runs for the door. Darius is as shocked as Rance, both of them looking from the smoking pistol in your hand to the spreading pool of blood on the man's shirt.

Recognition finally dawns on Rance's face. "{COMMANDER.FirstName} {COMMANDER.LastName}…" is all he manages before toppling over.

At this point, Darius takes charge of the situation, grabs you by the elbow and makes for the kitchen exit. "Well, Commander, should I start calling you <i>The Devil</i> instead?"
1	Details	Darius watches from the bar as you spend the <i>Argo</i>'s money on yet another hard-luck story. You're well aware of the calculations he's doing, but it doesn't stop you.

After tearful thanks and awkward hugs, the couple finally departs. You look after them, hoping that their sons or daughters will now have a future with a clear horizon.

"You know, Commander," Darius says cautiously, "We have our own debts to pay. I'm running out of creative ways to categorize these expenses in the monthly financial reports…"
1	Details	After you finish telling Darius the entire story about the painting, he rests a hand on your shoulder. "The past is the past. We can't change it, but we can remember it." He raises a glass and together you toast the painting hanging overhead.

"She's a fine 'Mech, Commander. And… is it my imagination? But it seems like those autocannons are following me, no matter where I move…"
1	Details	Rance squints at your outstretched hand, inspecting it for C-bills, then finally shakes it. He winces as your grip tightens.

"Hello, Rance. Don't you recognize the last heir of House {COMMANDER.LastName}?" His pain turns to panic, as he desperately tries to free his hand from yours. "Or you can just call me… <i>The Devil!</i>"

You finally let him go, and he falls to the ground, scrambling backwards on all fours. Darius, meanwhile, is speechless—a second unexpected occurrence for the day.

Rance screams as he flees the tavern, your voice echoing after him. "Keep running, coward! I've killed you once. I'll kill you again!"
1	Details	You watch with amazement as Sumire directs the <i>Argo</i> past the free-floating debris. The DropShip groans as it slowly wheels. On a viewscreen, you see jagged metal drift harmlessly beneath the belly of the ship.

After the <i>Argo</i> reaches a safe distance, Dr. Murad reports in over the comms. "Hull integrity is stable—well, as stable as it ever was. You've proven yourself once again, Sumire!"

Sumire punches a fist into the air. "That's why they pay me the big C-Bills!"
1	Details	The crew expands the Hydroponics garden with additional racks of lettuce, cucumbers, and radishes. Soon, radishes seem to become part of every meal. So many radishes.

Somehow the phrase "…and a radish," becomes the height of morbid humor aboard the <i>Argo</i>.
1	Details	Your punch blindsides the man from your homeworld, knocking him out of his chair. The locals scatter and, after Darius unholsters his sidearm, decide to let the offworlders settle things.

Your opponent is not carved from the same steel as a battle-hardened MechWarrior and quickly curls into a ball. Darius's hand on your shoulder tells you that the man has had enough.

As he looks up, blood gushing from a broken nose, recognition finally dawns in his frightened eyes. "{COMMANDER.FirstName} {COMMANDER.LastName}…" is all he manages.

"You keep my name out of your filthy mouth," you spit. "If you knew the truth… well, just be glad you don't." Shaking your head, you turn and leave a stunned silence behind you.
1	Details	Later in the day, Darius arrives back at the <i>Argo</i>. While his crew begins unloading all of the new supplies, he takes you aside.

"Commander, the vendor who sold us the machine tools was… well, <i>relieved</i> is an understatement." He describes how she buried her face in her hands when he departed.
1	Details	Yang closes the shuttle hatch on the raucous and excited crew, shutting off the noise with a click. As he joins you, he says, "Oh to be young again, eh Boss?" 

 Sumire, also watching, says, "Would you like to bet that one of them is going to miss the return shuttle and take an extended leave? My bet is [[SCN_MW,{SCN_MW.Callsign}]]."
1	Details	Nothing builds esprit de corps like shared suffering. A daily regimen of early rising and regular exercise soon has the entire crew bonding despite their many differences.

[[SCN_MW,{SCN_MW.Callsign}]] especially embraces the routine, rising earlier and exercising longer than any of the others.
1	Details	Later in the day, Darius arrives back at the <i>Argo</i>. While his crew begins unloading all of the new supplies, he takes you aside.

"Commander, the vendor who sold us the machine tools was… well, <i>relieved</i> is an understatement." He describes how she offered him ¢1,000 in a sweaty hand for his 'honesty', and how she buried her face in her hands when he departed.
1	Details	Having given up on dissuading you, Darius backs your play. That night, a lone security guard stumbles upon your impromptu burglary just as you remove the painting from its moorings on the wall. Seeing Darius pointing a gyroslug rifle in her direction, she quickly retreats.

The next day, back on the <i>Argo</i>, you lead a pair of technicians all over the Mech Bay, trying to find the perfect spot to hang it.

Darius looks on appreciatively. "Commander. I'm glad we didn't have to hurt anyone to put that painting where it belongs. Though it's strange how those autocannons seem to follow me, no matter where I move…"
1	Details	The owner of the tavern called "The Blackjack's Beer" unsurprisingly resists selling the painting. But between your passionate appeals and Darius's persuasive negotiating style, you eventually wear her down.

The next day, back on the <i>Argo</i>, you lead a pair of technicians all over the Mech Bay, trying to find the perfect spot to hang it.

Yang looks on appreciatively. "She's a fine 'Mech, Commander. That painting really captures her spirit. And… is it my imagination? But it seems like those autocannons are following me, no matter where I move…"
1	Details	Later in the day, Darius arrives back at the <i>Argo</i>. While his crew begins unloading all of the new supplies, he takes you aside. "Commander, things didn't go quite as smoothly as I would have liked. The customs officials waved us through after only a token inspection of a few random crates…"

"But…" you prompt him.

With chagrin he continues, "Yeah, I spotted someone loitering near the edge of the loading area. I'm pretty sure that she recognized the crates."
1	Details	After Dr. Murad returns from helping [[DM.BaseDescriptionDefs[LoreMorganKell],Morgan Kell]], she calls you to the Command Center. A Holovid of Kell shimmers in the air.

"I regret not going to you directly, Commander, but my self-imposed exile hasn't kept the [[DM.BaseDescriptionDefs[LoreHouseKurita],Kuritans]] from hunting for me. It's hard to know who I can trust anymore, but I took a calculated risk with Dr. Murad."

"Dr. Murad played down her success, but she did far better work than my last engineer. She mentioned your contributions provided the final push she needed. I'll send over a token of thanks from my time in the Periphery. Just don't go waving it around, alright?"

"Oh, one more thing." Kell pauses, stroking his beard. "If you ever hear any tales about a phantom 'Mech, don't correct 'em." The Holovid blinks out and Kell vanishes.
1	Details	After Dr. Murad returns from helping [[DM.BaseDescriptionDefs[LoreMorganKell],Morgan Kell]], she calls you to the Command Center. A Holovid of Kell shimmers in the air.

"I regret not going to you directly, Commander, but my self-imposed exile hasn't kept the [[DM.BaseDescriptionDefs[LoreHouseKurita],Kuritans]] from hunting for me. It's hard to know who I can trust anymore, but I took a calculated risk with Dr. Murad."

"She tells me that it's due to your contributions that she finally made the breakthrough she needed. I'll send over a little bonus for her exceptional work, something from my time in the Periphery."

"Oh, one more thing." Kell pauses, stroking his beard. "If you ever hear any tales about a phantom 'Mech, don't correct 'em." The Holovid blinks out and Kell vanishes.
1	Details	Early in the morning, Dr. Murad knocks on your door excitedly. "Commander, we have a once in a lifetime opportunity. I'm not supposed to share this, but [[DM.BaseDescriptionDefs[LoreMorganKell],Morgan Kell]] contacted me directly. He needs my expertise to study a rare piece of a [[DM.BaseDescriptionDefs[LoreLosTech],LosTech]].

"Slow down...<i>the</i> Morgan Kell?"

"I know! He's a living legend." Dr. Murad smiles widely. "Unfortunately, there aren't many records on how four-hundred-year-old technology works. I know it's a lot to ask, but if you can grant me one week, a half-million C-Bills, and a dozen Mech Techs, I think we can really help him. Not a bad potential ally, right?"
1	Details	After Dr. Murad returns from helping [[DM.BaseDescriptionDefs[LoreMorganKell],Morgan Kell]], she calls you to the Command Center. A Holovid of Kell shimmers in the air.

"I regret not going to you directly, Commander, but my self-imposed exile hasn't kept the [[DM.BaseDescriptionDefs[LoreHouseKurita],Kuritans]] from hunting for me. It's hard to know who I can trust anymore, but I took a calculated risk with Dr. Murad."

"She tells me that you provided limited support. I'm surprised you didn't trust her more. She's a rare genius. I'll send over a little bonus for her exceptional work, something from my time in the Periphery. And next time I'll contact you directly."

"Oh, one more thing." Kell pauses, stroking his beard. "If you ever hear any tales about a phantom 'Mech, don't correct 'em." The Holovid blinks out and Kell vanishes.
1	Details	After Dr. Murad returns from helping [[DM.BaseDescriptionDefs[LoreMorganKell],Morgan Kell]], she calls you to the Command Center. A Holovid of Kell shimmers in the air.

"You played down your success, Dr. Murad, but this [[DM.BaseDescriptionDefs[LoreLosTech],LosTech]] is running better than it has in years. Your commander is lucky to have you. Even one more activation could save my life. Next time you ask for help, I hope you get it. I'll send over a token of thanks from my time in the Periphery."

Kell pauses, stroking his beard. "Needless to say, if you ever hear any tales about a phantom 'Mech, don't correct 'em." The Holovid blinks out and Kell vanishes.
1	Details	After Dr. Murad returns from helping [[DM.BaseDescriptionDefs[LoreMorganKell],Morgan Kell]], she calls you to the Command Center. A Holovid of Kell shimmers in the air.

"It's hard to believe you did this all on your own, Dr. Murad. Your commander should trust you more. You're a genius. Next time you ask for help, I hope you get it. Imagine what you could do with proper resources. I'll send over a token of thanks from my time in the Periphery."

Kell pauses, stroking his beard. "Needless to say, if you ever hear any tales about a phantom 'Mech, don't correct 'em." The Holovid blinks out and Kell vanishes.
1	Details	After Dr. Murad returns from helping [[DM.BaseDescriptionDefs[LoreMorganKell],Morgan Kell]], she calls you to the Command Center. A Holovid of Kell shimmers in the air.

"I regret not going to you directly, Commander, but my self-imposed exile hasn't kept the [[DM.BaseDescriptionDefs[LoreHouseKurita],Kuritans]] from hunting for me. It's hard to know who I can trust anymore, but I took a calculated risk with Dr. Murad."

"She really could have used more of your support to finish the job. She played down what she managed, but she’s far better than my last engineer. You're lucky to have her in your crew. I'll send over a token of thanks from my time in the Periphery. Just don't go waving it around, alright?"

"Oh, one more thing." Kell pauses, stroking his beard. "If you ever hear any tales about a phantom 'Mech, don't correct 'em." The Holovid blinks out and Kell vanishes.
1	Details	You clap Yang on the back. "I'm going to get our supplies back on the ship, but you have fun. Let me know if you learn anything useful."

Twelve hours later, you have to send Darius to get Yang out of the local lock-up. Apparently Yang's new pal [[DM.BaseDescriptionDefs[LoreArchangel],Archangel]] managed to incite a bar-wide brawl.

Despite still being drunk off his ass, the Chief remains firm in his opinion that 'Drinks With Archangel' was worth it. "Boss, we need to go to the Hiring Hall and find Archangel before we leave the system. I want to see what he can do in one of our 'Mechs."

"Perhaps," you answer. "But I get the feeling that this rock has gotten too small for your friend. If we don't hire him today, I bet we'll run into him again."
1	Details	"I'd like to meet him myself," you admit. Yang grins and flags the pilot over.

Despite the reckless abandon of his fighting style, he doesn't seem drunk, just exuberant. He introduces himself as [[DM.BaseDescriptionDefs[LoreArchangel],Archangel]], and gladly takes Yang up on the offer of a few drinks.

When he finds out you command a 'Mech mercenary company, he buys the next round himself and starts feeling you out for any openings in your crew.

"Soon as we're done here, I'm going to register with the local Hiring Hall. But hey, if you don't have an opening now, that's fine, I think it's time for me to leave this rock, anyway. I'm sure we'll meet again."
1	Details	You'd been gathering supplies planetside, but have spent the last hour trying to find Yang. The sound of cheers and pounding metal draws you to the edge of town, where a pair of haphazardly repaired industrial 'Mechs beat on each other.

Yang calls you over. "Sorry I wandered off, Boss. I heard a guy in the market bragging about this AgroMech fight club. I had to see it for myself."

One of the 'Mechs is in notably better condition than the other, but the second clearly has the better -- or possibly drunker -- pilot. The shinier 'Mech finally falls, and a small group of winning bettors collects from the bookie.

Yang gestures to the junkier 'Mech as the cockpit opens. "You have to meet this pilot. He said 'any AgroMech can be made combat ready, if you’re not afraid of the challenge.' What do you say, shall we buy the victor a drink?"
1	Details	"Chief, we still have to finish the supply run. And since you've spent half the day having fun, why don't <i>you</i> go do that while I get to know this pilot."

"Sir, yes sir!" Yang mutters in a mockery of military formality. Yang introduces you and then begs off to do his duties. He runs his hand longingly along the side of the AgroMech on his way back to town.

The pilot introduces himself as [[DM.BaseDescriptionDefs[LoreArchangel],Archangel]]. Despite the reckless abandon of his fighting style, he doesn't seem drunk, just exuberant. Nevertheless he gladly takes you up on the offer of a drink.

When he finds out you command a 'Mech mercenary company, he buys the next round himself and starts feeling you out for any openings in your crew.

"Soon as we're done here, I'm going to register with the local Hiring Hall. But hey, if you don't have an opening now, that's fine, I think it's time for me to leave this rock, anyway. I'm sure we'll meet again."
1	Details	You holster your pistol and introduce yourself. "Commander {COMMANDER.LastName}, or {COMMANDER.Callsign} if you prefer. Happy to make your acquaintance."

He gives you an old-fashioned informal salute, as if tipping a hat.  "I'm just glad I could be of service. Would you like an escort back to your ship? Those bounders haven't gone far."

Sumire laughs. "It's not <i>that</i> far, but why not?" You see her give the fellow tourist a once-over. She must trust what she sees.

After an uneventful trip to the Leopard, you invite your fellow tourist to join you at a local watering hole. Over the course of the evening, you get to know the MechWarrior who goes by the callsign [[DM.BaseDescriptionDefs[LoreTest9],Test9]].

"I'd be pleased if you looked me up in the local Hiring Hall, Commander. If you think I'm handy with my pistols, you'll really like what I can do with a pair of autocannons. But hey, if not now, I'm sure we'll meet again. The Periphery is smaller than you think."
1	Details	You glance at your own pistol, then holster it. "It <i>is</i> a little smaller than what I'm used to. Thanks for the hand."

He gives you an old-fashioned informal salute, as if tipping a hat.  "I'm just glad I could be of service. Would you like an escort back to your ship? Those bounders haven't gone far."

Sumire laughs. "It's not <i>that</i> far, but why not?" You see her give the fellow tourist a once-over. She must trust what she sees.

After an uneventful trip to the Leopard, you give your farewells. "Look up [[DM.BaseDescriptionDefs[LoreTest9],Test9]] in the local Hiring Hall, Commander. If you think I'm handy with my pistols, you'll really like what I can do with a pair of autocannons. But hey, if not now, I'm sure we'll meet again. The Periphery is smaller than you think."

Then he walks off among the ruins, whistling to himself.
1	Details	You're not inclined to trust anybody right now, open hand or no. You keep your own pistol out. "Stay where you are."

His friendly smile fades. "I don't want to fight you, Commander."

"The feeling's mutual. So you go your way and we'll go ours and," turning to Sumire, "to hell with future Star League ruins tours."

"I keep saying we should bring the 'Mechs...'" Sumire mutters, but the other tourist just gives you an informal salute and steps out of your way, allowing you to return safely to the Leopard.

"If you change your mind, look up [[DM.BaseDescriptionDefs[LoreTest9],Test9]] in the local Hiring Hall. If you think I'm handy with my pistols, you'll really like what I can do with a pair of autocannons. But hey, if not now, I'm sure we'll meet again. The Periphery is smaller than you think."
1	Details	After Dr. Murad sends her refusal to [[DM.BaseDescriptionDefs[LoreMorganKell],Morgan Kell]], she calls you to the Command Center. A Holovid of Kell shimmers in the air. "I'm surprised, Commander. We both know that Dr. Murad didn't come to this decision alone. This was an incredible opportunity for her." He shakes his head.

"You don't get many chances to turn down a MechWarrior like me. While I regret not going to you directly, it's hard to know who I can trust anymore. I thought I could protect the [[DM.BaseDescriptionDefs[LoreKellHounds],Kell Hounds]] by going into exile, but my enemies have only multiplied."

"Needless to say, this meeting never happened." The Holovid abruptly ends.
1	Details	Valravn arrives with much fanfare. Despite all they've seen, her entourage gawks at the <i>Argo</i> as Darius herds them to the Barracks. Yang and his techs reverently move her heavily modified Griffin, <i>Koschei</i>, into the Mech Bay.

Over the course of the next weeks, Valravn relaxes, drinks, and gets to know the <i>Argo</i>'s MechWarriors. With the Training Modules available, the Mercs eventually persuade her to accept challenges to virtual gladiatorial combat. 1-on-1 fights soon become many-on-1 as she proves her mettle again and again.

By the time Valravn needs to leave, [[SCN_MW,{SCN_MW.Callsign}]] is the only MechWarrior who has managed to best the professional in single combat.
1	Details	Valravn arrives with much fanfare. Despite all they've seen, her entourage gawks at the <i>Argo</i> as Darius herds them to the Barracks. While Yang and his techs reverently move her heavily modified Griffin, <i>Koschei</i>, into the Mech Bay, Valravn struts up to you. She takes a swig from her hip flask.

"This is quite a ride, {COMMANDER.FirstName}. I might want one."

Unexpectedly, [[SCN_MW,{SCN_MW.Callsign}]] appears at your shoulder. "Captain?" 

Valravn blinks. "{SCN_MW.Callsign}! I never expected to see <i>you</i> again! It's great to see you." She jerks a thumb at you. "{COMMANDER.Callsign} is clearly collecting the best."
1	Details	"I'm sorry, Valravn. As much as I'd like to see you, I can't afford to get involved in a contract squabble right now."

There's a lengthy pause on the other end of the line, before Valravn finally responds carelessly. "That's… unexpected. Refreshing! Well, you know your own business. Look me up anytime you need cold water thrown on your plans."
1	Details	Scythia…? Through your rush of old memories, Darius goes on. "She claims to be a friend from your earliest mercenary days. I'll put her through to your quarters."

Scythia's voice has weathered with age. "It's been a long time, {COMMANDER.FirstName}. I've heard you've been busy. Me too. But let's not beat around the bush… I need a favor."

Her lance of 'Mechs took an absolute beating on a contract that went sideways on her, and two critical MechWarriors were injured. She wants to dock her DropShip at the <i>Argo</i> and get some medical help, and she's willing to pay.
1	Details	Taranquil…? Through your rush of old memories, Darius goes on. "She claims to be a friend from your time as a merchant guard. I'll put her through to your quarters."

Taranquil's voice has weathered with age. "It's been a long time, {COMMANDER.FirstName}. I've heard you've been busy. Me too. But let's not beat around the bush… I need a favor."

She has a hold full of goods that she was ready to move, but her buyer reneged on the deal. She needs to make space for her next pickup and is willing to sell you your pick of the items in her inventory.
1	Details	Scythia's ragtag crew of mercenaries arrives with little fanfare. As the wounded warriors are moved to MedBay, their companions rubberneck at the <i>Argo</i>.

Scythia limps over and offers her hand. "You've got a very interesting bird here, {COMMANDER.FirstName}. Do I get a tour?"

Unexpectedly, [[SCN_MW,{SCN_MW.Callsign}]] appears at your shoulder. "Commander?" {SCN_MW.SUBJ_C}{SCN_MW.Gender?NonBinary:'re|Default:'s} talking to Scythia.

Scythia is as surprised as you are. "I never expected to see <i>you</i> again! I'm glad to see that you've landed here, though." She turns to you. "{COMMANDER.Callsign} always did like to work with the best."
1	Details	"I'm sorry, Scythia, but even for the sake of old times, I just can't help you right now."

There's a lengthy pause on the other end of the line. When Scythia finally responds, there is ice in her voice. "Well, I guess I won't be owing you any favors. That's… disappointing, but I suppose you have to look after your own. Good luck out there."
1	Details	As you start flipping switches, Yang's shouted "Noooo!" trails off as he realizes the power surge has already run its course. A disquieting silence fills the Mech Bay.

Then there's a clatter of noise as a now-powerless winch drops a pile of scrap to the floor, clipping the shoulder of the loitering [[SCN_MW,{SCN_MW.Callsign}]] as {SCN_MW.Subj} {SCN_MW.Gender?NonBinary:fail|Default:fails} to dodge out of the way.

As the MechWarrior is shuttled off to MedBay, Yang delivers the other bad news. "Sorry Boss, but these 'Mechs are gonna be in the shop longer than planned."
1	Details	While you're inspecting a {SCN_UNIT.Chassis.Description.Name}, an intense power surge ripples through the cavernous Mech Bay.

From the top of a gantry ladder above you, Yang hollers at his MechTechs as repair tools spark wildly. Cables and lifts spasm, and a barrel of something oily-looking inexplicably combusts.

Scanning for a way to help, you find a master control panel. A massive emergency shut-off breaker beckons, as well as numerous individual power switches. Something labeled "Automated Safety System" blinks fitfully…
1	Details	Darius nods and heads down to the Mech Bay. 

When he reappears an hour later, he's spattered with oil. You pin him with a question: "What happened down there?"

Darius shakes his head. "Apparently the tech punctured a pressurized tube of hydraulic fluid on his lifter, and it… went everywhere. They're still cleaning it up, and the equipment is going to need repairs."

"Hydraulic fluid?"

"Everywhere," Darius repeats.
1	Details	With a bang of your balled-up fist on the control panel, the blinking light strobes urgently then settles into a solid, reassuring glow.

Immediately, numerous safety systems spring into action. Between the automated systems and the coordinated efforts of Yang's MechTechs, the threatening disaster is averted.

With a widening grin on his face, Yang calls down to you, "That's how we handle things here, Boss! If only the term 'automated' would mean 'always on' I'd be a lot happier." He thinks for a moment, "You know, there are <i>more</i> improvements to automation in the <i>Argo</i> we could pursue, if we had the C-Bills…"
1	Details	Valravn…? Through your rush of old memories, Darius goes on. "An old friend from Solaris VII, huh? I'll put her through to your quarters."

Valravn's voice has weathered with age. "Hey, {COMMANDER.FirstName}! I see you've been keeping busy. Nice work. But let's get straight to business."

The local government on {TGT_SYSTEM.Name} hired her to do a promotional tour, but now they're trying to alter the deal. She needs an interesting place to stay off-planet until her agent can sort things out.
1	Details	"I'm sorry, Douglass, but even for the sake of old times, I just can't help you right now."

There's a lengthy pause on the other end of the line before Douglass finally responds. His voice is like ice. "Well, I guess I won't be owing you any favors. That's… disappointing, but I suppose you have to look after your own. Good luck out there."
1	Details	Douglass…? Through your rush of old memories, Darius goes on. "He claims to be a friend from your freelancing days. I'll put him through to your quarters."

Douglass' voice has weathered with age. "It's been a long time, {COMMANDER.FirstName}. I've heard you've been busy. Me too. But let's not beat around the bush… I need a favor."

His crew has had a rough go of it lately, and if he doesn't line up a new contract soon, he's going to lose them. He'd like to send them to the <i>Argo</i> for a little R&R while he does some networking on the planet below.
1	Details	You assign [[TGT_MW,{TGT_MW.Callsign}]] two weeks of hard labor to pay for the repairs. Darius secures new parts and the Techs work overtime to patch up the smoking remains of the stabilizer. It smells like burnt hair, but there are no more incidents of late-night turbulence.

Later that day, {TGT_MW.Callsign} nearly topples a cart of dinnerware in the mess. You grab {TGT_MW.OBJ} by the shoulder, wrenching {TGT_MW.OBJ} back forcefully. "Pay attention, MechWarrior."

{TGT_MW.SUBJ_C} {TGT_MW.Gender?NonBinary:stammer|Default:stammers} out a response, but you cut {TGT_MW.OBJ} off, remaining firm in front of the pilots gathered in the hall.

The <i>Argo</i> is quiet. At first, you enjoy the peace, but then you notice the pilots haven't said much to you for some time.
1	Details	You assign [[TGT_MW,{TGT_MW.Callsign}]] two weeks of hard labor to pay for the repairs.

Later that day, {TGT_MW.Callsign} nearly topples a cart of dinnerware in the mess. You grab {TGT_MW.OBJ} by the shoulder, wrenching {TGT_MW.OBJ} back forcefully. "Pay attention, MechWarrior."

{TGT_MW.SUBJ_C} {TGT_MW.Gender?NonBinary:stammer|Default:stammers} out a response, but you cut {TGT_MW.OBJ} off, remaining firm in front of the pilots gathered in the hall.

The next time you hear about {TGT_MW.Callsign}, there has been another accident: a small explosion in the Mech Bay. No one is hurt, but Yang scrambles to repair the equipment. Darius secures more parts and the Techs work overtime to patch up the smoking remains.
1	Details	You assign [[TGT_MW,{TGT_MW.Callsign}]] two weeks of hard labor to pay for the repairs.

Later that day, {TGT_MW.Callsign} nearly topples a cart of dinnerware in the mess. You grab {TGT_MW.OBJ} by the shoulder, wrenching {TGT_MW.OBJ} back forcefully. "Pay attention, {TGT_MW.Callsign}." 

{TGT_MW.SUBJ_C} {TGT_MW.Gender?NonBinary:stammer|Default:stammers} out a response, but you cut {TGT_MW.OBJ} off, remaining firm in front of the pilots gathered in the hall.

The next time you hear about {TGT_MW.Callsign}, there has been another accident: a small explosion in the Mech Bay. No one is hurt, but Yang scrambles to repair the equipment. Darius secures more parts and the Techs work overtime to patch up the smoking remains.
1	Details	[[TGT_MW,{TGT_MW.Callsign}]] raises {TGT_MW.DET} chin, looking you in the eye. "I'll be more careful."

"Oh, I know you will." You clasp {TGT_MW.Callsign} on the shoulder. "Because you've been assigned to reflex and precision training."

{TGT_MW.Callsign} opens {TGT_MW.DET} mouth to interject, but you raise a hand. "Let's make sure there are no more accidents, MechWarrior. You're lucky we didn't have to mop you off the floor." 

The next day you notice a handmade sign in the barracks. "Days since last explosion: 1."
1	Details	"All right," you tell [[TGT_MW,{TGT_MW.Callsign}]]. "The cat can stay. There is a fine naval tradition of ship's cats to uphold. But if she's going to be a member of this crew, she needs a name. Have you given her one?"
	
{TGT_MW.Callsign} shakes {TGT_MW.DET} head. "Not yet, Commander."
	
You lift up the kitten and intone, "Since this is the <i>Argo</i>, we'll call her Artemis, after the ancient goddess of the hunt. Let's hope she brings us luck. But next time, check your bags for stowaways."
1	Details	It wasn't your imagination after all. [[TGT_MW,{TGT_MW.Callsign}]] really has been hiding a kitten in {TGT_MW.DET} room, and now that they're both in front of you, the cat is making all sorts of noise at the indignity of being held up for inspection.

You fix {TGT_MW.Callsign} with a stern look until {TGT_MW.SUBJ} {TGT_MW.Gender?NonBinary:start|Default:starts} talking.

"Commander, I found this cat in my bag after I came back from shore leave. I think she climbed in looking for food. I didn't have the heart to, you know…"
1	Details	[[TGT_MW,{TGT_MW.Callsign}]] raises {TGT_MW.DET} chin, looking you in the eye. "I'll be more careful."

"Oh, I know you will." You clasp {TGT_MW.Callsign} on the shoulder. "You've been assigned to reflex and precision training."

{TGT_MW.Callsign} opens {TGT_MW.DET} mouth to interject, but you raise a hand. "Let's make sure there are no more accidents, MechWarrior. You're lucky we didn't have to mop you off the floor." 

The next day {TGT_MW.Callsign} points out a handmade sign in the barracks. It reads: "Days since last explosion: 1."

{TGT_MW.Callsign} gives you a wry smile. "Next time I destabilize a DropShip, it'll be because you ordered me to."
1	Details	"<i>WE WON! WE WON IT ALL!!!</i>" Darius roars at the top of his lungs.

Even the audience is chanting [[TGT_MW,{TGT_MW.Callsign}]]'s callsign, making {TGT_MW.OBJ} stand on the table and take bow after bow. 

Doubling every round was an insane move on Darius's part, and your heart is still racing from the moment when he let everything ride on an obscure question about the [[DM.BaseDescriptionDefs[LoreFivePillars],Five Pillars]].

Looking around the room, you discover that Sumire and the rest of the vacationing crew have been watching your performace. She gives a sincere slow-clap for the team's efforts.
1	Details	Thanks to [[TGT_MW,{TGT_MW.Callsign}]], your team held its own… but some of the other teams were simply better at playing the game. They buzzed in more quickly, or questioned the wording of possibly-correct answers to get them dismissed.

Darius, of course, protested everything. "Did you see that Magistracy team start working the judge after we got on a roll?"

Seeing {TGT_MW.Callsign} staring morosely into {TGT_MW.Det} drink, Darius shakes {TGT_MW.Obj} encouragingly by the shoulders. "Don't worry about it! At least we broke even, Besides, I hate to toss C-Bills away on a rigged game. Unless I'm the one cheating, of course."
1	Details	"Ten in a row to close out the night!" You haven't seen Darius this happy since he got the best of a three-way trade with a Davion noble and a Taurian merchant.

"[[TGT_MW,{TGT_MW.Callsign}]] is a genius!" He slaps {TGT_MW.OBJ} generously on the back. "I'm buying you a helmet. We need to keep that brain of yours safe!"

As the team arrives at the shuttle, [[SCN_MW,{SCN_MW.Callsign}]] runs over to tell the rest of the shore leave crew about Trivia Night. {TGT_MW.Callsign} sheepishly soaks up their praise.
1	Details	"I… don't know this one." The color drains from [[TGT_MW,{TGT_MW.Callsign}]]'s face as the rest of the team stares at {TGT_MW.OBJ} expectantly.

"Hey, don't worry," Darius says as he does some quick math in his head. "Even if we lose this round, we come in second place and take home some good money. Seriously good money. You've been incredible."

[[SCN_MW,{SCN_MW.Callsign}]] chimes in. "Yeah, don't sweat it. Who the hell ever heard of the [[DM.BaseDescriptionDefs[LoreSchwartzSystem],Schwartz]] system, anyway?"
1	Details	You garnish [[TGT_MW,{TGT_MW.Callsign}]]'s wages to pay for the repairs.

Darius secures new parts and the Techs work overtime to patch up the smoking remains of the stabilizer. It smells like burnt hair, but there are no more incidents of late-night turbulence.

When you pass {TGT_MW.Callsign} in the barracks, {TGT_MW.SUBJ} {TGT_MW.Gender?NonBinary:avert|Default:averts} {TGT_MW.DET} gaze and {TGT_MW.Gender?NonBinary:fidget|Default:fidgets} with the zipper on {TGT_MW.DET} uniform.

"Chin up, MechWarrior. You should count yourself lucky to be alive, let alone allowed to stay aboard this ship." {TGT_MW.Callsign} nods dutifully but avoids the mess for the rest of the week.
1	Details	In the middle of the night, you're flung from your bed. Metal screeches deep inside the <i>Argo</i>. Dr. Murad's voice crackles over the comms. "Everything is under control, Commander, but [[TGT_MW,{TGT_MW.Callsign}]] needs adult supervision."

Darius drags the pilot into your quarters. "{TGT_MW.Callsign} discovered how to destabilize a DropShip with a penlaser." 

Quickly {TGT_MW.Det} face reddens. "It was an accident!"

Darius crosses his arms. "You've had a lot of accidents. Luckily, nothing major, but this one nearly sent the drive stabilizer flying into the fusion reactors. How do you want to handle this, Commander?"
1	Details	"How bad is it," you ask as you keep an eye on a crestfallen [[TGT_MW,{TGT_MW.Callsign}]].

Darius shrugs. "Bad, but not horrible. I was trying to save some money from each round, but I lost track during that losing streak. We took a loss, but it wasn't everything… I mean, we still have the <i>Argo</i>."

{TGT_MW.Callsign} blanches. "I'm so sorry, Commander…" 

"We're <i>fine</i>," you say firmly. "Don't worry about it. We went in together, we went down together." But your words of comfort don't do much.

Looking at the other losing teams provides a grim reminder that it's called 'gambling' for a reason.
1	Details	"You've placed a difficult burden on me, [[TGT_MW,{TGT_MW.Callsign}]]," you say. "We can't have unlicensed animals running around the ship. So we have to do something about this."

Downcast, {TGT_MW.Callsign} begins, "Commander, I—"

You interrupt {TGT_MW.OBJ} and continue, "We'll just have to license this cat as a member of the crew. That requires a name. Have you given her one?"

{TGT_MW.Subj_C} {TGT_MW.Gender?NonBinary:blink|Default:blinks} in surprise. "No, no I haven't."
	
You lift up the kitten and intone, "Since this is the <i>Argo</i>, we'll call her Artemis, after the ancient goddess of the hunt. She'll have a fine naval tradition of ship's cats to uphold. But don't think you're off the hook for this, {TGT_MW.Callsign}."
1	Details	You say, "Didn't you ever learn not to play with your food? If you have time to think about shooting radishes, you have time to be training. Get to it."

The MechWarriors exchange glances and then quickly clean up their supplies and vacate the mess deck. You do notice that [[TRT_MW,{TRT_MW.Callsign}]] takes the supplies with {TRT_MW.OBJ} rather than disposing of them, but conclude it will probably keep {TRT_MW.OBJ} entertained and out of worse trouble.
1	Details	You watch the pilots try to work together as a team to get the little toy working. Given the number of dead ends they pursue, you feel compelled to give numerous hints as your cup of coffee grows cold.

Finally, after the latest prototype collapses, [[TRT_MW,{TRT_MW.Callsign}]] sweeps the remaining spare parts onto the floor. The project immediately devolves into a squabble, and you call in the other MechWarriors still in the mess hall to separate everyone before more serious forms of violence take place.
1	Details	You watch the pilots work together as a team to get the little toy working. You only feel compelled to give a few hints, but you’re mostly just drinking your coffee.

The end result is only moderately successful, but you see the exact moment when [[TGT_MW,{TGT_MW.Callsign}]] gains a key insight into the laws of indirect fire. {TGT_MW.SUBJ_C} excitedly {TGT_MW.Gender?NonBinary:share|Default:shares} the observation with {TGT_MW.DET} fellow MechWarriors.
1	Details	In the morning briefing, Darius has a request to pass along.

"[[TGT_MW,{TGT_MW.Callsign}]] and [[SCN_MW,{SCN_MW.Callsign}]] want to get some training outside of getting shot at by lasers planetside."

Dr. Murad observes, "We do have those Training Modules. They'd be ideal, especially for less experienced MechWarriors. But… I'm sorry to say that they're not up and running yet."
1	Details	You say to Dr. Murad, "We've invested in repairing the power conduits, so the Training Modules are nearly ready, aren't they? Perhaps a little creative engineering could get them up and running temporarily."

Dr. Murad answers your challenge with a smile.

Several days later, she delivers a report. "Oh. My. God! The network kept going down, the graphics processors were overheating, and [[TGT_MW,{TGT_MW.Callsign}]] got stuck in one of the cockpits when the hatch wouldn't open."

After a pregnant pause, she finally laughs. "It was amazing! We have to get these things up and running for real!"

She pauses, "Also, I found the phrase '<i>PropWash was here</i>' scratched into one of the monitors, and '<i>Wicced FTW</i>' on another. I don't know what they mean, but it looks like they've been there for years…"
1	Details	With a twinkle in your eye, you tell the others. "I've got an idea. Tell [[TGT_MW,{TGT_MW.Callsign}]] and [[SCN_MW,{SCN_MW.Callsign}]] to meet me in the mess-hall this evening. I'll have something for them."

That night, the two MechWarriors arrive to see a strange display awaiting them. Colored hexagons of paper laid out like a map on the table, many sheets of paper with charts and numbers on them, and eight tiny metal BattleMechs.

"MechWarriors—I'd like to teach you a lesson you won't learn in any cockpit. Here, you'll learn to see the big picture of managing the strategic decisions for an entire lance. Against each other!"

{TGT_MW.Callsign} picks up a tiny metal Atlas. "Pew, pew!"
1	Details	With a twinkle in your eye, you tell the others. "I've got an idea. Tell [[TGT_MW,{TGT_MW.Callsign}]] and [[SCN_MW,{SCN_MW.Callsign}]] to meet me in the mess hall this evening. I'll have something for them."

That night, the two MechWarriors arrive to see a strange display awaiting them. Colored hexagons of paper laid out like a map on the table, many sheets of paper with charts and numbers on them, and eight tiny metal BattleMechs.

"MechWarriors—I'd like to teach you a lesson you won't learn in any cockpit. Here, you'll learn to see the big picture of managing the strategic decisions for an entire lance. Against each other!"

{TGT_MW.Callsign} picks up a tiny metal Atlas. "Pew, pew!"
1	Details	"I don't know if the galaxy needs anymore shaking up. It's already a mess, [[TGT_MW,{TGT_MW.Callsign}]]. Think long and hard before you sign on with [[DM.BaseDescriptionDefs[LoreGraysonCarlyle],Carlyle]]. Talk is cheap—usually it gets MechWarriors killed."

{TGT_MW.Callsign} rubs the back of {TGT_MW.DET} head. "You don't trust him?"

"It's not that. I don't know much about Carlyle. But you <i>know</i> we've got your back on the <i>Argo</i>. So it's your decision, {TGT_MW.Callsign}. Just take your time, do some research."

{TGT_MW.Callsign} nods slowly. "You're right, I shouldn't make a decision too quickly." Later that night, {TGT_MW.SUBJ} {TGT_MW.Gender?NonBinary:knock|Default:knocks} on your door. "Just wanted to say that I'll be sticking around. I gave it some serious thought, but I can't imagine a better crew than this one."
1	Details	In your quarters, [[TGT_MW,{TGT_MW.Callsign}]] points to a compad. "Commander, I got an offer from another company, the Gray Death Legion. Their CO, [[DM.BaseDescriptionDefs[LoreGraysonCarlyle],Grayson Carlyle]], is paying top dollar for mercs. He's even offering a kickback to any company he 'poaches' from—a hundred thousand C-bills."

"That's unusual," you say, examining the paused image of Carlyle on the compad. "Go on."

"Carlyle's something else. I played his message over and over. The way he talks… I know he really could shake up the galaxy. And I wanna be a part of that." {TGT_MW.Callsign} smiles bittersweetly. "But this crew is my family and leaving isn’t so easy. What do you think?"
1	Details	You shake your head. "I'm not joking around about this, [[TGT_MW,{TGT_MW.Callsign}]]. I can't allow an unknown animal on board the ship, and we don't have the resources to give it a proper biological check to make sure it isn't carrying parasites or disease."

The kitten squirms in your hands, sharp claws digging at your sleeve. You hand the animal back to the MechWarrior and rest a hand on {TGT_MW.DET} shoulder. "I understand you've started bonding with it, but there's no choice in the matter. You'll have to return it to the surface on the next supply run."

{TGT_MW.Callsign} closes {TGT_MW.DET} eyes and says, "Yes, Commander." The kitten mewls in apparent disagreement with your decision.
1	Details	"Look, if you take [[DM.BaseDescriptionDefs[LoreGraysonCarlyle],Carlyle]]'s offer—you've got my blessing. Most mercs don't get a chance to do more than make ends meet, if that." You tilt your head. "So, go ahead and 'shake up the galaxy.'"

"Really? You wouldn't be mad about me running off on you?" [[TGT_MW,{TGT_MW.Callsign}]] blurts out.

"Who said anything about running? You're right here, handling things like a professional. I respect that. Besides, I can't stop you from breaking your contract. But you’d be missed."

"It's settled then. I'm joining the Gray Death Legion." {TGT_MW.Callsign} shakes your hand. "You know, I don't think I'd have the guts to do join 'em if it weren't for my time on the <i>Argo</i>. I won't forget you or this crew."
1	Details	"I'm going to pretend I didn't see this, but if I get any radishes thrown at my head, I'll suddenly remember when it's time for mold-cleaning duty."

Barely minutes after you depart, cries of despair from across the mess hall tell you that the catapult has already fallen apart.

Remembering your own spoon-catapult days, it occurs to you that the cook could use a raise.
1	Details	"It's never going to work," says [[TGT_MW,{TGT_MW.Callsign}]].

"It'll work," says [[TRT_MW,{TRT_MW.Callsign}]].

"And even if it doesn't work, it'll be awesome," says [[SCN_MW,{SCN_MW.Callsign}]].

You look curiously over at the three MechWarriors clustered around a table in the mess hall. Noticing your interest, {SCN_MW.Callsign} calls you over, showing you a miniature [[DM.BaseDescriptionDefs[LoreCatapultSiegeWarfare],medieval catapult]] constructed of dried noodles, bits of edible foam and elastic bands.

"…Why?" you ask.

"We were using utensils at first but the cook took them away," says {SCN_MW.Callsign}.

{TRT_MW.Callsign} says, "If we can get it tuned properly, it'll be great for radishes."
1	Details	"You sound fired up [[TGT_MW,{TGT_MW.Callsign}]]. This isn't easy to say, but you should take [[DM.BaseDescriptionDefs[LoreGraysonCarlyle],Carlyle]]'s offer. Hell, you can keep the kickback for yourself. You've earned it." You extend a hand.

{TGT_MW.Callsign} takes your hand, but unexpectedly hugs you. "I won't forget you, Commander. You taught me everything I know about leadership… and you know we could throw a <i>killer</i> party with some of this extra cash. With your permission, of course."

"Granted." You disentangle yourself from {TGT_MW.Callsign}. {TGT_MW.SUBJ_C} nearly {TGT_MW.Gender?NonBinary:run|Default:runs} out of your quarters. {TGT_MW.DET_C} voice echoes down the corridor as they start spreading the word about the party.

Though the details of the celebration are fuzzy, the crew buzzes with excitement after {TGT_MW.Callsign} departs.
1	Details	You happen to be in the Mech Bay when [[TGT_MW,{TGT_MW.Callsign}]] approaches Yang with a question. "Uh, Chief? I was wondering if you had any B A eleven hundred Ns in stock. I'd really like to get one installed on my 'Mech."

Yang looks at you to make sure you're hearing this, then turns back to {TGT_MW.Callsign} and replies with admirable gravity, "You don't see those often on the field. Are you sure you want us to install a B A eleven hundred N on your BattleMech?"

"Yes sir. [[SCN_MW,{SCN_MW.Callsign}]] says it'll really improve the 'Mech's stability."
1	Details	"[[TGT_MW,{TGT_MW.Callsign}]], you're never going to make it as a MechWarrior if you're goofing off playing 'make believe' Mercenary. Get your ass in the Training Modules and learn some real skills."

Looking chastised, {TGT_MW.SUBJ} {TGT_MW.Gender?NonBinary:apologize|Default:apologizes} and hurries out of the Arcade. {TGT_MW.SUBJ_C} {TGT_MW.Gender?NonBinary:don't|Default:doesn't} even pause to log out of the game.

Glancing at the screen, you see it's only a couple more days until {TGT_MW.DET} Blackjack is refitted, and {TGT_MW.DET} best MechWarrior is healed up, and there's one more juicy contract available in this system…
1	Details	"It's all about the C-Bills, [[TGT_MW,{TGT_MW.Callsign}]]. C-Bills repair 'Mechs. C-Bills hire more MechWarriors. C-Bills keep the lights on."

{TGT_MW.Callsign} chuckles at your passionate speech.

Over the next half hour, you work with {TGT_MW.Callsign} to figure out how to maximize the game's negotiation sub-system. It's hardly like the real thing, but there's an underlying algorithm that can be min-maxed.

Hardly like the real thing, and yet later that night, you start awake with several ideas to share with Darius in the morning.
1	Details	You insert yourself into the conversation. "Extra stability is something I can't have enough of, Chief. Put some of those on my 'Mech too."

That brings Yang up short. His mouth opens, shuts, and opens again. One eye begins twitching until he finally settles on what to say. "Sure thing, Boss. Two sets of BA eleven hundred Ns coming right up. I'll get the crew going on that right away, sir. Yes sir."

[[TGT_MW,{TGT_MW.Callsign}]] beams with satisfaction and the two of you walk out of the Mech Bay together, trading war stories from recent successful contracts. Later, you find your BattleMech lovingly decorated with shiny red balloons.
1	Details	In the Command Center, the comm system squawks."Command? Anybody?" It's [[TGT_MW,{TGT_MW.Callsign}]], with a nervy edge in {TGT_MW.Det} voice. "There's a big fire in the Barracks! Everybody's out, but… not our stuff. Is there anything else I can do?"

Dr. Murad calls out a reply. "How did…" Her voice is sharp with alarm. Moments later, she continues: "…Commander, I've turned off power and ventilation, but the fire won't go out while there's oxygen to burn. I'm going to have to remotely vent the pod."

"Commander, [[SCN_MW,{SCN_MW.Callsign}]] just found some dusty fire extinguishers behind a panel!" says {TGT_MW.Callsign}.
1	Details	Yang rummages around for an old-fashioned clipboard. "We track tech that old with printed forms. Write out the part number, and I'll start looking for it," he says, handing [[TGT_MW,{TGT_MW.Callsign}]] a pen.

Then he hides his expression with his mechanical hand and waits.

{TGT_MW.Callsign} mutters, "B A—is there a dash?—eleven hundred…" As {TGT_MW.Gender?Male:he's|Female:she's|NonBinary:they're} halfway through the N, {TGT_MW.SUBJ} {TGT_MW.Gender?NonBinary:freeze|Default:freezes}, then {TGT_MW.Gender?NonBinary:look|Default:looks} up at Yang. "Chief? What's going on?"

Yang says, "Well, {TGT_MW.Callsign}, it looks to me like you've just requisitioned a balloon for your 'Mech. We only have red ones. That okay?"

{TGT_MW.Callsign} dashes off, yelling, "[[SCN_MW,{SCN_MW.Callsign}]]! I'm gonna get you for this!" As soon as {TGT_MW.Gender?Male:he's|Female:she's|NonBinary:they're} gone, you and Yang burst out laughing.
1	Details	You say, "That's enough, Yang." Your Chief MechTech looks disappointed, but nods.

To [[TGT_MW,{TGT_MW.Callsign}]], you say, "So, [[SCN_MW,{SCN_MW.Callsign}]] told you to get this part installed on your 'Mech? I want you to imagine what that part number will look like if you write it on a requisition form. Just picture it in your head. B A eleven hundred N."

{TGT_MW.Callsign} pauses, then turns red. "I was asking the Chief for a balloon, wasn't I?"

"Try to be a little more discerning, {TGT_MW.Callsign}. And definitely don't trust everything {SCN_MW.Callsign} tells you."
1	Details	In the morning briefing, Yang says, "I've got a mystery here. The cargo lifters need replacing, but someone ripped the diagnostic circuits out of our spares. Unless those are returned, the spares can't balance."

Dr. Murad makes a face. "Oh, yes. I raided those to patch holes in the <i>Argo</i>'s internal sensors. Without them, the systems won't manage air circulation properly. And then… we get the bad odor funk. Sweat. Old food. <i>Radishes</i>."

Dr. Murad's faraway gaze returns to Yang. "I did intend to tell you, but then the <i>Argo</i> went and broke again."
1	Details	Darius sees to it that MechWarriors and crew members with irregular climate control get portable fans to alleviate the problem.

Unfortunately, the portable fans don't make enough of a difference for everyone. [[SCN_MW,{SCN_MW.Callsign}]], in particular, becomes increasingly irritable, as {SCN_MW.SUBJ} {SCN_MW.Gender?NonBinary:find|Default:finds} it hard to sleep.
1	Details	You watch with amazement from a viewscreen as the Leopard jumps from the <i>Argo</i>'s docking collar and fires at the debris. With precise PPC barrages, Sumire carves out a gap for the DropShip to slip through as the rest of the junk drifts away.

After the <i>Argo</i> reaches a safe distance, Dr. Murad reports into Navigation over the comms. "We were pelted by smaller shards, but hull damage was minimal. I'll run a diagnostic, but congratulations are in order—Sumire, no one else could have pulled that off."

Sumire punches a fist into the air and says, "It's a whole lot easier to thread a needle after you blast a giant hole through it!"
1	Details	You say, "If we completely replace the equipment, then we won't need to reclaim the sensors. Chief, see what you can find planet-side."

Both Dr. Murad and Yang breathe a sigh of relief.

Later in the week, Yang gives an update. "{TGT_SYSTEM.Name} has plenty of parts and skilled labor. I replaced the lifters, and I picked up compatible circuits for the spares. We should be good for a while. Unless <i>someone</i> raids the Mech Bay for parts again."

Dr. Murad cringes. "I <i>did</i> say that I was sorry…"
1	Details	"You need to get your best MechWarriors back into the field sooner. Time is money. Waiting around for your favorite pilots to heal up is time you could be spending on Contracts."

Over the next several hours, you work with [[TGT_MW,{TGT_MW.Callsign}]] to earn enough C-Bills to climb the Upgrade tree to the Hospital Bay. At that point, {TGT_MW.Det} pilots begin flying through the MedBay as if it were a revolving door.

Later that night, you start awake with several ideas to share with the medical staff in the morning.
1	Details	"It's all about the metal, [[TGT_MW,{TGT_MW.Callsign}]]. You can always replace the meat." {TGT_MW.SUBJ_C} {TGT_MW.Gender?NonBinary:flinch|Default:flinches}. "No offense."

Over the next half hour, you work with {TGT_MW.Callsign} to rejigger the load-outs on {TGT_MW.Det} imaginary BattleMechs.

Later that night, you start awake with several ideas to share with Yang in the morning.
1	Details	In the middle of the afternoon, you find [[TGT_MW,{TGT_MW.Callsign}]] hunkered in the Arcade playing <i>MERCENARIES!</i>, a tie-in to [[DM.BaseDescriptionDefs[LoreHolovidMercenaries],the popular Holovid show]].

"Commander, have you played this game yet? Maybe it touches a little too close to home. See, I'm managing my own Mercenary company in the Periphery!"

Over {TGT_MW.DET} shoulder, you see charts and data and little icons representing all the 'Mechs at {TGT_MW.Det} disposal. You flash back to Darius' recent run-down of monthly expenses.

"I'm a bit stuck. What do you think I should do?"
1	Details	[[TGT_MW,{TGT_MW.Callsign}]]'s protestations are abruptly cut off by Dr. Murad's brisk response. "Venting now, Commander."

The entire <i>Argo</i> wobbles as flame follows air out of the decompressed hab pod, and then winks out.

At the next morning briefing, Dr. Murad gives an update. "We extinguished the fire, but both problem and solution wreaked havoc on the interior spaces. That will be expensive. Now, this fire was caused by a fault in the power system itself, which not-incidentally also disabled the <i>Argo</i>'s automated fire suppression systems. I strongly advise upgrading the ship's power conduits as soon as possible."

Meanwhile, the MechWarriors pick through their ruined belongings, salvaging some, but throwing out most of the rest.
1	Details	Under a white sheet in the MedBay, [[TGT_MW,{TGT_MW.Callsign}]]'s lifeless body lies between you and Darius. "By the time the MedTechs started operating, {TGT_MW.Callsign} was beyond repair, Commander. {TGT_MW.DET_C} injuries were exacerbated by {TGT_MW.DET} [[DM.BaseDescriptionDefs[LoreTBI],TBI]]."

You pass a photo of {TGT_MW.Callsign}'s mother to the XO. "Make sure you find her and any other next of kin. Inform them immediately."

The XO nods. "There's more. I overheard [[SCN_MW,{SCN_MW.Callsign}]] talking like you got {TGT_MW.Callsign} killed. {SCN_MW.SUBJ_C} {SCN_MW.Gender?NonBinary:weren't|Default:wasn't} the only one. You need to get ahead of these rumors fast."

"{TGT_MW.Callsign} knew the risks. {TGT_MW.SUBJ_C} wanted back in the cockpit more than anything."

"You and I know that, but not everyone sees it that way. During the memorial service, you could take ownership of {TGT_MW.Callsign}'s death—appease your critics—but that won't exactly boost morale. Or you can commemorate {TGT_MW.Callsign}. That'll lift spirits, though {SCN_MW.Callsign} might take it the wrong way. It's your call, Commander."
1	Details	[[TGT_MW,{TGT_MW.Callsign}]] considers your suggestion. "Back in the service, we used to run five klicks every morning before breakfast."

You can see the wheels start spinning, "We don't have much space in here. Whatever we do, we're bound to get in somebody's way. Maybe some simple bodyweight exercises… Yeah, I think I can come up with something!"

{TGT_MW.Subj_C} {TGT_MW.Gender?NonBinary:look|Default:looks} at you hopefully, "Hey, Commander, when this ship was new, there was a gym in Beta Pod, right?"

You nod. "Your interest is noted, {TGT_MW.Callsign}."
1	Details	Later in the week, Darius reports that the MechWarriors have grown increasingly frustrated with the cramped quarters. "They've begun improvising their own exercise program, and they're using the entire ship to do it."

Yang is positively steaming. "If they run laps through my Mech Bay one more time, I'm gonna drop a 'Mech on one of 'em!"

Dr. Murad consults her ever-present datapad. "Just a thought, Commander… but if we were to repair and reopen the gymnasium in Beta Pod, I imagine that would help?"
1	Details	You gaze down at the vague shape of [[TGT_MW,{TGT_MW.Callsign}]] beneath the covering. "{TGT_MW.DET_C} death falls on my shoulders, no matter what. I'll take full responsibility."

In the evening, the mess is crowded with grief-stricken faces. You climb onto a table, raising your voice. "In this business, there are no guarantees. We all know it. But we fight like hell to beat the odds. {TGT_MW.Callsign} never stopped fighting. {TGT_MW.SUBJ_C} {TGT_MW.Gender?NonBinary:were|Default:was} a talented MechWarrior and a friend. {TGT_MW.SUBJ_C}'ll be missed, but I don't regret a moment we spent together."

A murmur stirs the crowd, but [[SCN_MW,{SCN_MW.Callsign}]] nods with approval.

"Now you might have heard that {TGT_MW.Callsign} returned to combat, despite {TGT_MW.DET} critical condition. It's true. {TGT_MW.Callsign} asked me to keep {TGT_MW.OBJ} on the roster. This outfit was all {TGT_MW.SUBJ} had left. It was <i>my</i> call in the end. I honored {TGT_MW.DET} request. I hope you will, too."

Half-hearted applause follows your speech. Weary eyes meet your gaze, while others stand dazed. In the following days, the air in the <i>Argo</i> feels heavy with anguish, but {SCN_MW.Callsign} pulls you aside. "It must have been hard to stand up there, but you didn't shy away from your responsibility. That takes guts. I'm glad you're leading us."
1	Details	Both Darius and [[TGT_MW,{TGT_MW.Callsign}]] are disappointed, but they enter themselves as a two person 'casual' team, pooling their own personal money for the entry fee. [[SCN_MW,{SCN_MW.Callsign}]] waves goodbye and heads toward the slot machines.

Later in the evening, Darius drops down into the seat next to you. "Ten in a row to close out the night. {TGT_MW.Callsign} is a bit of a genius. So, yeah…" He clinks glasses with you. "We would've made a tidy sum. Not that I'm bitter, of course."

You grin right back at him. "Of course you're not."
1	Details	It's Trivia Night, and one of the largest casinos in {TGT_SYSTEM.Name} is packed. [[TGT_MW,{TGT_MW.Callsign}]] entered and has been on a hot streak.

"Come on, Commander!" Darius leans closer, but still has to shout to be heard. "{TGT_MW.Callsign} just got the last six answers right. Even at a minimum bet, we would have made ¢5,000. Let's see if we can make some money tonight!"

Just then, [[SCN_MW,{SCN_MW.Callsign}]] totters past, drink in hand. Darius grabs {SCN_MW.OBJ}. "Better yet, {SCN_MW.Callsign} here gives us four for a high-stakes competition team."
1	Details	"Tonight will be about [[TGT_MW,{TGT_MW.Callsign}]]." You can almost make out {TGT_MW.DET} serene expression beneath the thin sheet. "We'll commemorate {TGT_MW.DET} life."

In the evening, the mess is crowded with grief-stricken faces. You climb onto a table, raising your voice. "{TGT_MW.Callsign} was prepared to put {TGT_MW.DET} life on the line for this company. That's what {TGT_MW.SUBJ} signed up for. But that doesn't make saying goodbye any easier."

Acknowledgment ripples through the crowd. Your gaze lingers on [[SCN_MW,{SCN_MW.Callsign}]], but {SCN_MW.SUBJ} {SCN_MW.Gender?NonBinary:look|Default:looks} away.

You continue, "I can still remember when {TGT_MW.SUBJ} first joined this company. I thought {TGT_MW.Callsign} was an odd callsign. Still do, in fact. I also remember visiting {TGT_MW.OBJ} in the MedBay after {TGT_MW.SUBJ} took a big hit. {TGT_MW.SUBJ_C} {TGT_MW.Gender?NonBinary:were|Default:was} hurting. I could see it. The future frightened {TGT_MW.Callsign}, but {TGT_MW.SUBJ} {TGT_MW.Gender?NonBinary:were|Default:was} brave, too. {TGT_MW.Callsign} knew the risks, but {TGT_MW.SUBJ} still wanted to serve with this crew. We were {TGT_MW.DET} family. I won't mourn {TGT_MW.DET} death, but I will give thanks for {TGT_MW.Callsign}'s life each day."

The crew erupts in applause, but {SCN_MW.Callsign} is nowhere in sight. More bittersweet stories follow, and the tales everyone shares fill the <i>Argo</i> with a lasting sense of pride and determination. But {SCN_MW.Callsign} becomes increasingly adversarial.
1	Details	Speaking into the comm, you address your MechWarrior. "You want to try putting it out yourself, [[TGT_MW,{TGT_MW.Callsign}]]?"

{TGT_MW.Callsign} shouts out a hasty reply: "Happy to do so if it saves our stuff!" In the background, you hear [[SCN_MW,{SCN_MW.Callsign}]]'s protestations.

At the next morning briefing, Dr. Murad gives an update. "{TGT_MW.Callsign} was able to extinguish the fire, but not before significant damage to the hab. Additionally, {TGT_MW.Subj} inhaled too much smoke and ended up in the MedBay for treatment. Now, this fire was caused by a fault in the power system itself, which not-incidentally also disabled the <i>Argo</i>'s automated fire suppression systems. I strongly advise upgrading the ship's power conduits as soon as possible."
1	Details	[[TGT_MW,{TGT_MW.Callsign}]] responds, "Right away, Commander. We'll save what we can."

At the next morning briefing, Dr. Murad gives an update. "The MechWarriors were able to extinguish the fire with minimal damage to the hab and no injuries. It really was a heroic effort on their part."

She continues, "Now, this fire was caused by a fault in the power system itself, which not-incidentally also disabled the <i>Argo</i>'s automated fire suppression systems. I strongly advise upgrading the ship's power conduits as soon as possible."
1	Details	[[TGT_MW,{TGT_MW.Callsign}]] responds, "Right away, Commander! We'll save what we can."

At the next morning briefing, Dr. Murad gives an update. "The MechWarriors were able to extinguish the fire, but they inhaled too much smoke and ended up in the MedBay for treatment."

She continues, "Now, this fire was caused by a fault in the power system itself, which not-incidentally also disabled the <i>Argo</i>'s automated fire suppression systems. I strongly advise upgrading the ship's power conduits as soon as possible."
1	Details	Speaking into the comm, you address your MechWarrior. "You want to try putting it out yourself, [[TGT_MW,{TGT_MW.Callsign}]]?"

{TGT_MW.Callsign} shouts out a hasty reply: "Happy to do so if it saves our stuff!" In the background, you hear [[SCN_MW,{SCN_MW.Callsign}]]'s protestations.

At the next morning briefing, Dr. Murad gives an update. "{TGT_MW.Callsign} was able to single-handedly extinguish the fire, preventing damage to the hab and avoiding getting injured {TGT_MW.Refl}."

She continues, "Now, this fire was caused by a fault in the power system itself, which not-incidentally also disabled the <i>Argo</i>'s automated fire suppression systems. I strongly advise upgrading the ship's power conduits as soon as possible."
1	Details	Over the next week, you and Darius develop a daily training routine for the MechWarriors involving simple bodyweight exercises and jogging laps around the Alpha Pod corridors.

When [[TGT_MW,{TGT_MW.Callsign}]] gets out of MedBay, {TGT_MW.SUBJ} {TGT_MW.Gender?NonBinary:join|Default:joins} the training.

Darius reports that the warriors are grumpy about having exercise imposed on them, but he hopes that this will help keep them out of trouble. "If we repair and reopen the gymnasium in Beta Pod, that would probably be better received."
1	Details	Over the next week, you and Darius develop a daily training routine for the MechWarriors involving simple bodyweight exercises and jogging laps around the Alpha Pod corridors.

When [[TGT_MW,{TGT_MW.Callsign}]] gets out of MedBay, {TGT_MW.SUBJ} {TGT_MW.Gender?NonBinary:join|Default:joins} in with enthusiasm.

Darius reports that the warriors are in better spirits and hopes this will help keep them out of trouble. "Y'know, {COMMANDER.FirstName}, we should really consider reopening the damaged gymnasium in Beta Pod."
1	Details	After hearing that [[TGT_MW,{TGT_MW.Callsign}]] was involved in an accident, you stop by MedBay to visit the MechWarrior as {TGT_MW.SUBJ} {TGT_MW.Gender?NonBinary:recover|Default:recovers}.

"Hi, Commander." {TGT_MW.Callsign} touches the bandage on {TGT_MW.DET} head. "I was doing pull-ups on the wall shelf, and it came loose. The shelf above it came down, too. Right on my head."

You shake your head, frowning. "You know those shelves aren't rated for your weight."

{TGT_MW.Callsign} laughs. "I wish I had a better option, Commander. There's just not enough room to roam right now."
